"parameter","rhat","ess_bulk","ess_tail"
"b_Intercept",1.00100848944794,5447.80526601674,5342.67635677771
"b_temporally.pooledyes",1.00036885027409,6365.00187656294,9895.83035175624
"sd_species.id__Intercept",1.00233099740993,1241.66076202343,1658.63786630556
"sd_species.id.phy__Intercept",1.00429563019424,1564.09330912748,1708.18097216352
"sd_study.id__Intercept",1.00297496471819,1107.393566281,1614.22540154131
"sigma",1.00014393578743,10594.8063403688,10917.6167038398
"Intercept",1.00092693393749,5471.98913721996,5415.91568165061
"r_species.id[Acanthurus_leucosternon_ott388125,Intercept]",1.00010183775622,23127.6526234635,11506.5877728798
"r_species.id[Acanthurus_nigricans_ott467313,Intercept]",1.00032068099734,19853.4545041847,11158.2789818733
"r_species.id[Acanthurus_nigrofuscus_ott605289,Intercept]",1.00015196857704,22517.9397481449,12177.5095725899
"r_species.id[Achatina_fulica_ott997087,Intercept]",0.999908875336242,10825.0582522905,12836.0429500062
"r_species.id[Aegithalos_glaucogularis_vinaceus_ott5560982,Intercept]",1.0003203617467,11735.8662111787,11508.8588795397
"r_species.id[Aethia_pusilla_ott855484,Intercept]",1.00038915836322,18387.7359082713,12828.4547475071
"r_species.id[Agalychnis_callidryas_ott9483,Intercept]",0.999914049587433,14540.2344367475,12329.4057337569
"r_species.id[Agalychnis_moreletii_ott375954,Intercept]",0.999881111819439,14723.3226850741,12662.2014332078
"r_species.id[Agelena_limbata_ott980314,Intercept]",1.0001379260468,12093.0273414011,11587.5742841592
"r_species.id[Alca_torda_ott855485,Intercept]",1.00004172441108,12860.7360878037,12309.4436114318
"r_species.id[Alpheus_brasileiro_ott1028047,Intercept]",1.00016201069313,9524.29973387249,12021.2670957499
"r_species.id[Alpheus_heterochaelis_ott307247,Intercept]",1.00049111518153,4193.73182904435,8907.37536924513
"r_species.id[Alytes_cisternasii_ott385874,Intercept]",1.00014431417382,19454.1026271981,12235.006534099
"r_species.id[Alytes_obstetricans_obstetricans_ott233453,Intercept]",1.00011691472832,18326.8055269781,12350.4555192247
"r_species.id[Amatitlania_nigrofasciata_ott170115,Intercept]",1.00032649047259,10718.9681446991,11035.9720988194
"r_species.id[Amatitlania_siquia_ott4135111,Intercept]",1.00039333435734,11841.2062847546,12212.5789914511
"r_species.id[Amphilophus_citrinellus_ott358037,Intercept]",1.00050010851342,9478.85572997816,10694.1341889073
"r_species.id[Amphiprion_clarkii_ott674637,Intercept]",1.00029537802646,9835.05380689336,11362.8600233456
"r_species.id[Amphiprion_frenatus_ott674634,Intercept]",1.00012103699394,12415.5358767471,12190.5829863524
"r_species.id[Amphiprion_perideraion_ott674640,Intercept]",1.000657273924,16420.0512079691,12192.4714605772
"r_species.id[Anas_platyrhynchos_platyrhynchos_ott190881,Intercept]",0.99998619955445,13039.320075994,12478.7027628231
"r_species.id[Anaxyrus_americanus_charlesmithi_ott738656,Intercept]",1.00023694413365,7589.71244614045,9986.05611816015
"r_species.id[Anaxyrus_boreas_boreas_ott205884,Intercept]",1.00000128807099,12743.8616188614,12187.3057242495
"r_species.id[Anaxyrus_cognatus_ott436344,Intercept]",1.00061819991222,20508.6713014,12586.006314233
"r_species.id[Anaxyrus_fowleri_ott635213,Intercept]",0.999956970396066,14740.8592889309,12364.8683491054
"r_species.id[Anaxyrus_quercicus_ott931345,Intercept]",1.00034892013845,12704.4738721822,12409.5409917498
"r_species.id[Anaxyrus_terrestris_ott931329,Intercept]",1.0000428329939,25629.394193522,11415.2564575901
"r_species.id[Anaxyrus_woodhousii_ott355919,Intercept]",1.00004247226944,11166.935235554,11962.6963389812
"r_species.id[Anolis_limifrons_ott245842,Intercept]",1.00007375215402,16240.8408470438,12083.697188982
"r_species.id[Anopheles_gambiae_S_ott553555,Intercept]",1.00000756117349,14933.0789443667,13718.6755813122
"r_species.id[Anous_stolidus_ott915882,Intercept]",1.00010807748225,13792.8059314064,13035.8947315086
"r_species.id[Aplysia_californica_ott51009,Intercept]",1.0000026547385,6790.49868369212,10823.4035314534
"r_species.id[Aplysia_kurodai_ott925102,Intercept]",1.00001640205456,14699.1778917437,11630.6951234535
"r_species.id[Aplysia_vaccaria_ott640603,Intercept]",1.00017349589364,8904.28802857221,11596.9347805507
"r_species.id[Aptenodytes_patagonicus_ott494361,Intercept]",1.00037028207694,11445.0184762375,11813.55039684
"r_species.id[Aquarius_remigis_ott436657,Intercept]",1.00020443713209,7449.47867599278,10751.5152935294
"r_species.id[Argiope_bruennichi_ott1043550,Intercept]",1.00069372064844,10052.6507948302,12010.941331597
"r_species.id[Arianta_arbustorum_styriaca_ott69183,Intercept]",1.00042499984743,17496.4944660745,11798.760283368
"r_species.id[Artemia_franciscana_ott59094,Intercept]",1.00030309520823,15552.026550148,12763.4027318412
"r_species.id[Artemia_salina_ott558087,Intercept]",1.00025965837187,13492.5594538259,12860.0981898296
"r_species.id[Ascidonia_flavomaculata_ott4665759,Intercept]",0.999985247104894,17812.0888039549,12668.6899352822
"r_species.id[Asellus_aquaticus_ott335971,Intercept]",1.00024043547877,9597.38829647757,11381.8427549215
"r_species.id[Athene_cunicularia_cunicularia_ott649947,Intercept]",1.00020685943182,13876.7654662278,13302.1644396356
"r_species.id[Athripsodes_cinereus_ott190993,Intercept]",1.00075372603695,12992.2493344646,12218.2948611566
"r_species.id[Brachinus_lateralis_ott3422831,Intercept]",1.00035192101766,14570.5150227423,11987.2126260602
"r_species.id[Bradybaena_pellucida_ott5517787,Intercept]",1.00010834419886,15598.402304454,13173.8834920333
"r_species.id[Branta_bernicla_nigricans_ott799107,Intercept]",0.999954714156196,15207.7389423869,12665.8722289217
"r_species.id[Buccinanops_globulosus_ott440289,Intercept]",1.00029326950363,12482.8562563655,12425.027276957
"r_species.id[Bufo_bufo_ott889350,Intercept]",1.00054311035587,9503.10684073709,11446.4294921036
"r_species.id[Bufo_gargarizans_andrewsi_ott138156,Intercept]",1.00063774838685,9193.48801374746,11486.5159359006
"r_species.id[Bufo_gargarizans_miyakonis_ott857965,Intercept]",1.0002324526142,6742.70730385274,9674.44238813069
"r_species.id[Bufo_japonicus_japonicus_ott4133422,Intercept]",1.00007836464317,11051.3223730943,10976.6205262757
"r_species.id[Bufo_minshanicus_ott3619694,Intercept]",1.00019510669214,10480.4649051607,12081.613342596
"r_species.id[Bufo_stejnegeri_ott563550,Intercept]",1.00042545842905,11449.2456127619,11831.2509401562
"r_species.id[Bulla_gouldiana_ott848010,Intercept]",1.00014381937749,12258.2213291015,12121.1687399637
"r_species.id[Caecidotea_intermedia_ott3000549,Intercept]",1.00014777618416,11551.0376067766,11862.9926091217
"r_species.id[Calidris_mauri_ott234671,Intercept]",0.999936396397962,10223.7771103258,12124.8362704102
"r_species.id[Calidris_pusilla_ott1092981,Intercept]",1.00011899357774,8430.65556752605,11638.0287652628
"r_species.id[Calodromus_ito_ott4606589,Intercept]",0.999961977604014,17545.434233649,12753.3807059826
"r_species.id[Calonectris_borealis_ott3595600,Intercept]",1.00026278707622,10286.2666341113,12367.7592016241
"r_species.id[Calopteryx_splendens_ancilla_ott841780,Intercept]",1.00009481580263,9201.65976481536,10806.4245678405
"r_species.id[Calopteryx_virgo_meridionalis_ott48548,Intercept]",1.00030890055837,9325.92087588712,11056.9492014635
"r_species.id[Camarhynchus_parvulus_ott419367,Intercept]",1.00025337596112,14324.6263521094,12886.5609941538
"r_species.id[Caprella_penantis_ott1062,Intercept]",0.999976808157079,18767.0616414414,14154.7844369267
"r_species.id[Cepphus_grylle_grylle_ott544140,Intercept]",1.00041438103993,12391.3293349061,11909.2277360236
"r_species.id[Ceratophrys_stolzmanni_ott3620341,Intercept]",1.0002778763228,14829.974329748,12718.6880015278
"r_species.id[Chaetodon_lunulatus_ott1044083,Intercept]",1.00072572517897,22619.2810290638,12269.3182923736
"r_species.id[Chaetodon_melannotus_ott955781,Intercept]",1.00031245936099,20561.2798415413,11779.1143999553
"r_species.id[Chamaeleo_chamaeleon_recticrista_ott113623,Intercept]",1.00027446230937,12035.7834602136,11874.8898571096
"r_species.id[Charadrius_dubius_ott274628,Intercept]",1.00034266866534,11008.8820166554,12552.7267988851
"r_species.id[Chauliognathus_arizonensis_ott3413984,Intercept]",1.00016714758839,10660.5576211622,12762.3468080897
"r_species.id[Chauliognathus_basalis_ott3413950,Intercept]",1.00050819507613,8539.18858191388,11872.4503485326
"r_species.id[Chauliognathus_deceptus_ott3413977,Intercept]",1.00052715092715,9594.73394637218,11974.2630650798
"r_species.id[Chauliognathus_lewisi_ott3413978,Intercept]",1.00011532726793,15568.2688275903,11484.130562514
"r_species.id[Chauliognathus_limbicollis_ott3413962,Intercept]",1.00057165999782,19063.852455737,11992.7992924981
"r_species.id[Chauliognathus_obscurus_ott3413960,Intercept]",1.00034125815223,22077.6350361721,11864.5857120312
"r_species.id[Chauliognathus_pennsylvanicus_ott536547,Intercept]",1.00044334439021,8325.72898053129,10426.6307584596
"r_species.id[Chauliognathus_scutellaris_ott3413954,Intercept]",1.00106071385244,11845.5140597737,11487.3650299576
"r_species.id[Chauliognathus_werneri_ott3413957,Intercept]",1.00027099780833,23455.5474323299,11999.6316319019
"r_species.id[Chionoecetes_opilio_ott604254,Intercept]",1.00061255672098,6728.25173923823,7815.92188211867
"r_species.id[Chlidonias_hybridus_ott915886,Intercept]",1.0001244488609,11600.209972047,12035.1292970491
"r_species.id[Chlidonias_niger_ott234666,Intercept]",0.999995793485955,14459.3574058796,12992.8642912939
"r_species.id[Chroicocephalus_ridibundus_ridibundus_ott4947414,Intercept]",1.00009757844989,11310.2509792986,11662.2202605017
"r_species.id[Chrysolina_aurichalcea_ott368836,Intercept]",1.00043911049928,8711.81561376275,11134.0614941699
"r_species.id[Cicindela_marutha_ott766400,Intercept]",1.00062930343493,12862.3492166273,12226.6614633418
"r_species.id[Colias_eurytheme_ott940001,Intercept]",0.999990172277107,14854.9405896771,13023.5142827112
"r_species.id[Columba_livia_ott938416,Intercept]",1.00031345311738,12319.5926702049,11969.7615686358
"r_species.id[Copidosoma_bakeri_ott3314851,Intercept]",1.00015799461225,22463.3338619193,13068.8296795785
"r_species.id[Coracias_garrulus_ott372551,Intercept]",1.00005540990839,14462.5864859067,11575.938145797
"r_species.id[Cyanistes_caeruleus_caeruleus_ott744585,Intercept]",1.00037805616313,9536.36367875904,12042.3957373154
"r_species.id[Cyclargus_thomasi_bethunebakeri_ott349949,Intercept]",1.00047499780252,17606.7519971697,13085.466425987
"r_species.id[Cygnus_olor_ott140314,Intercept]",1.00020175134749,8973.90465055092,10972.6124155813
"r_species.id[Danaus_plexippus_plexippus_ott532411,Intercept]",1.0002690496938,13772.345807464,11184.7106939545
"r_species.id[Deinacrida_rugosa_ott3493058,Intercept]",1.0000391668528,10858.3086917811,12650.6103066348
"r_species.id[Dendroctonus_ponderosae_ott1017374,Intercept]",1.00054447112951,12647.3239794412,11877.8768820422
"r_species.id[Dendropsophus_elegans_ott108403,Intercept]",1.0002008179054,15143.05120869,12582.411124334
"r_species.id[Dendropsophus_marmoratus_ott108390,Intercept]",1.00009083043821,22247.6047416309,12344.5099535242
"r_species.id[Diabrotica_virgifera_virgifera_ott670133,Intercept]",1.00011283262348,15453.0586250755,12510.5673356038
"r_species.id[Diaprepes_abbreviatus_ott713695,Intercept]",1.00007431452126,6998.58813189898,10287.0572200866
"r_species.id[Dikerogammarus_villosus_ott735765,Intercept]",1.00001236982873,13269.0280477705,12748.3958450515
"r_species.id[Diogenes_nitidimanus_ott5089777,Intercept]",1.00001965580664,21529.2396190093,12739.726479973
"r_species.id[Drosophila_buzzatii_ott607957,Intercept]",1.00034450437305,7828.58576728687,10903.7082219435
"r_species.id[Drosophila_malerkotliana_malerkotliana_ott848708,Intercept]",1.00055548090525,8325.84927917687,10981.3548596267
"r_species.id[Drosophila_melanogaster_ott505714,Intercept]",1.00030026074312,9127.6785681961,11918.7247698479
"r_species.id[Drosophila_pseudoobscura_pseudoobscura_ott820906,Intercept]",1.00026233880981,8889.75695757302,11443.5670186441
"r_species.id[Dryomyza_anilis_ott130145,Intercept]",1.00006577203651,16171.8078633511,13192.5275773553
"r_species.id[Dugesia_gonocephala_ott807701,Intercept]",1.00034453520008,11773.6217064779,12319.4931061318
"r_species.id[Dugesia_sp_06_MR-2009_ott859610,Intercept]",1.00023190892244,16326.1680515397,12123.1439297531
"r_species.id[Duttaphrynus_melanostictus_ott962265,Intercept]",1.00017355243906,9976.55604121713,11910.6032908448
"r_species.id[Echinogammarus_margalefi_ott2982674,Intercept]",1.00029377594549,10809.2008196983,11485.1190060323
"r_species.id[Echinolittorina_radiata_ott480056,Intercept]",0.99994897158103,12822.5811293471,12879.19544724
"r_species.id[Eisenia_fetida_ott316451,Intercept]",1.00034550844744,12841.6933069667,12332.1790589779
"r_species.id[Elaphrothrips_tuberculatus_ott788825,Intercept]",1.0002218146631,11023.8629383261,12038.4203058151
"r_species.id[Engystomops_pustulatus_ott262685,Intercept]",0.999963665914055,13140.6868087804,11991.7187020193
"r_species.id[Eogammarus_oclairi_ott38845,Intercept]",0.999870081363723,13086.0564466092,11256.3902680082
"r_species.id[Epicauta_ochrea_ott3356895,Intercept]",1.00015540979994,18918.8010865303,12316.6579483774
"r_species.id[Epicauta_pensylvanica_ott926635,Intercept]",1.00021094832437,13042.6302264452,11617.6146840691
"r_species.id[Epidalea_calamita_ott436364,Intercept]",1.00077633021572,20463.708505308,12639.1379426441
"r_species.id[Eretmodus_cyanostictus_ott102583,Intercept]",0.999865853000885,12648.1432824735,11370.3393385515
"r_species.id[Espadarana_prosoblepon_ott226407,Intercept]",0.999951649827285,21924.9503494312,11054.5533511318
"r_species.id[Eumomota_superciliosa_ott1079770,Intercept]",0.999971457392494,14794.5455332925,12432.3610055575
"r_species.id[Eurema_hecabe_hecabe_ott5266867,Intercept]",1.00002901506362,13873.1396868181,12531.4767814795
"r_species.id[Falco_berigora_ott877343,Intercept]",1.0001102286194,16747.9556641835,12305.3885435696
"r_species.id[Falco_cenchroides_cenchroides_ott432111,Intercept]",1.00001295446417,16959.7526798259,12543.008198864
"r_species.id[Falco_columbarius_columbarius_ott928167,Intercept]",1.00025639758761,12089.5715735896,11640.2110571795
"r_species.id[Falco_peregrinus_japonensis_ott773044,Intercept]",1.00014311575843,20683.9219397653,11305.2737062934
"r_species.id[Falco_sparverius_sparverius_ott775460,Intercept]",1.00031452375247,11107.1337985577,11965.4964263893
"r_species.id[Felimare_zebra_ott2875381,Intercept]",1.00025685457321,11727.6035471465,12059.1858542863
"r_species.id[Ficedula_albicollis_ott107840,Intercept]",1.0005628278919,8007.12389148252,10610.156180547
"r_species.id[Ficedula_hypoleuca_ott22300,Intercept]",1.00008741029686,11355.7149344525,11433.9198657419
"r_species.id[Fratercula_arctica_grabae_ott5560393,Intercept]",1.00012734564233,15137.1385403164,12925.0715492773
"r_species.id[Furnarius_rufus_ott799151,Intercept]",1.00063611435654,12854.4510308449,12038.4277257423
"r_species.id[Gammarus_aequicauda_ott604840,Intercept]",1.00013729854061,16429.2167751662,12930.9322300167
"r_species.id[Gammarus_duebeni_duebeni_ott184777,Intercept]",0.999909958254271,14224.1641818783,12934.269764583
"r_species.id[Gammarus_fasciatus_ott585520,Intercept]",1.00037590394417,9845.3004786931,10968.4191390553
"r_species.id[Gammarus_fossarum_ott596815,Intercept]",1.00012452565128,10553.900474167,10992.6407042982
"r_species.id[Gammarus_insensibilis_ott2982554,Intercept]",1.00014221030614,8399.5382459567,10454.5587326472
"r_species.id[Gammarus_lacustris_ott596813,Intercept]",1.00011483620665,11744.910326596,11563.2987923541
"r_species.id[Gammarus_leopoliensis_ott944476,Intercept]",1.00038401173265,6544.68614269425,11339.2058852919
"r_species.id[Gammarus_locusta_ott846200,Intercept]",1.00045877545761,4228.42258909313,6898.79327113926
"r_species.id[Gammarus_pulex_gallicus_ott1024016,Intercept]",0.99994938498442,7619.3703682444,9203.9775717965
"r_species.id[Gammarus_zaddachi_ott232763,Intercept]",1.0002050903595,11588.173921245,12248.7651118153
"r_species.id[Garrulax_davidi_davidi_ott632992,Intercept]",1.00007364752634,12740.6182362039,13030.5719358386
"r_species.id[Garrulax_elliotii_elliotii_ott632991,Intercept]",1.00005723977903,12154.5537884188,13232.2666732832
"r_species.id[Gasterosteus_aculeatus_aculeatus_ott111122,Intercept]",1.00012397958556,14822.7076648645,12252.4501392449
"r_species.id[Geospiza_fortis_ott589951,Intercept]",1.00026495403011,7669.47996582441,10430.6155693186
"r_species.id[Geospiza_fuliginosa_ott589956,Intercept]",1.00013550067465,16883.4999080937,11839.2494657382
"r_species.id[Geospiza_scandens_ott589959,Intercept]",1.00055905666065,8697.84622717947,11654.5139856489
"r_species.id[Gerris_buenoi_ott706417,Intercept]",1.00015305537473,8759.24397720231,11865.5721358788
"r_species.id[Gerris_comatus_ott859177,Intercept]",0.99992601668025,13567.6194850919,11766.7264940218
"r_species.id[Gerris_gracilicornis_ott890302,Intercept]",1.00015892472885,11868.7753047121,13026.8018553427
"r_species.id[Gerris_lacustris_ott543700,Intercept]",1.00023271574821,15377.7413246259,12357.2096082563
"r_species.id[Gerris_lateralis_ott782398,Intercept]",1.00052241762585,12093.9329835211,11868.9292092551
"r_species.id[Gerris_odontogaster_ott494591,Intercept]",1.00022530247902,7931.79392302035,10971.8699990941
"r_species.id[Gymnorhinus_cyanocephalus_ott979211,Intercept]",1.00003388790031,11703.6513927483,11750.3547577595
"r_species.id[Halobates_robustus_ott219408,Intercept]",1.00020272755827,20692.3095623954,11295.7383521978
"r_species.id[Heliconius_charithonia_ott259142,Intercept]",1.0001024231883,20191.2676563799,12110.7258028502
"r_species.id[Heliconius_melpomene_melpomene_ott372028,Intercept]",1.00034579508154,18528.0290125526,12167.3885167098
"r_species.id[Helix_pomatia_ott349693,Intercept]",1.0004498512742,13783.0281561921,11420.9402667338
"r_species.id[Hippocampus_subelongatus_ott57117,Intercept]",0.999940244092056,17864.3380427675,12506.4447852157
"r_species.id[Hippocampus_whitei_ott57111,Intercept]",1.00011039194631,21148.8107013537,11640.2057489605
"r_species.id[Hirundo_rustica_rustica_ott628817,Intercept]",1.00013551939021,15854.4973864198,13170.5224637668
"r_species.id[Homarus_gammarus_ott28244,Intercept]",1.00020580417757,18260.0419652979,12785.106981273
"r_species.id[Homo_sapiens_ott770315,Intercept]",1.00032370572528,8386.12113266129,10270.5698695511
"r_species.id[Hyalella_azteca_ott648347,Intercept]",1.0004671167427,5690.44333787516,9328.77895002181
"r_species.id[Hyalella_castroi_ott2983743,Intercept]",1.00005772829836,15553.6029431549,12190.9687858454
"r_species.id[Hyalella_longistilus_ott2983719,Intercept]",1.00123259944972,2114.10065514672,2809.43758582604
"r_species.id[Hyalella_pleoacuta_ott2983724,Intercept]",1.00078743677776,14373.3549539294,12744.0526567286
"r_species.id[Hydrobates_melitensis_ott3595637,Intercept]",0.999948714635326,12361.34879504,12712.0322236854
"r_species.id[Hyla_arborea_ott677266,Intercept]",1.00013544921131,7586.35320367912,11865.7095396543
"r_species.id[Hyla_chrysoscelis_ott1050749,Intercept]",1.00031173879809,13834.7345382903,11749.9707722901
"r_species.id[Hyla_cinerea_ott1062211,Intercept]",1.00023703366042,11324.2342921078,12205.3839692071
"r_species.id[Hyla_versicolor_ott386095,Intercept]",1.00027300575223,24094.4465332714,12854.3863826051
"r_species.id[Hyperolius_marmoratus_ott441372,Intercept]",1.0004409853054,11598.9691482317,12084.9982920232
"r_species.id[Hypsophrys_nematopus_ott416862,Intercept]",1.00040343081674,6976.52328948138,11028.9328852239
"r_species.id[Hypsophrys_nicaraguensis_ott221911,Intercept]",1.00004692355905,13104.1415384513,11508.4141723554
"r_species.id[Idotea_baltica_ott788883,Intercept]",1.00044349879708,11564.2720170341,12350.5514076581
"r_species.id[Ilyograpsus_nodulosus_ott4666517,Intercept]",1.00057938815802,8763.14300117092,11386.8009094024
"r_species.id[Inachus_phalangium_ott2979756,Intercept]",1.00028010379909,11872.594491095,12712.1543514435
"r_species.id[Incilius_periglenes_ott4133413,Intercept]",1.00054919178497,16050.6181053059,13108.6225654307
"r_species.id[Incilius_valliceps_ott937819,Intercept]",1.00018055766714,10787.4143291153,12063.9421612991
"r_species.id[Ips_pini_ott1084161,Intercept]",1.00032590685047,13752.1101522697,12979.7880221234
"r_species.id[Jaera_albifrons_ott907479,Intercept]",1.00007655648057,13986.5661730464,11824.8108730323
"r_species.id[Jaera_ischiosetosa_ott2999326,Intercept]",1.00029928547058,11899.3816996003,11778.0907322169
"r_species.id[Jaera_istri_ott2999332,Intercept]",1.00008188734069,11177.592759792,11085.2352048863
"r_species.id[Jaera_italica_ott2999323,Intercept]",1.00023438998114,9495.81104464578,12319.5750319803
"r_species.id[Jaera_nordmanni_ott619333,Intercept]",1.00034236255275,18079.436669278,11894.4434288393
"r_species.id[Jesogammarus_suwaensis_ott716982,Intercept]",0.999965338591207,12828.233774687,12182.5817029393
"r_species.id[Julidochromis_ornatus_ott97293,Intercept]",1.00060514856155,14482.4948574001,12444.5754419992
"r_species.id[Krobia_sp_Smith2008_ott684090,Intercept]",1.00053702232452,11266.526868251,11055.1064857594
"r_species.id[Krobia_sp_Xingu_ott687201,Intercept]",1.00030615799551,8592.97748183123,11445.4453067165
"r_species.id[Lacerta_agilis_agilis_ott188787,Intercept]",1.00009559895566,14305.999919614,12519.01888295
"r_species.id[Lanius_collurio_collurio_ott11462,Intercept]",1.00002468743953,13950.4496412644,13563.3204652112
"r_species.id[Lanius_collurioides_ott105682,Intercept]",1.00028843044898,16325.6659130372,12410.0832921323
"r_species.id[Larus_michahellis_michahellis_ott425206,Intercept]",1.00015162915936,13855.7279964731,13146.1452644792
"r_species.id[Limnadia_badia_ott746551,Intercept]",1.00025115302852,20924.8500077078,12480.0744568962
"r_species.id[Limosa_limosa_islandica_ott279299,Intercept]",1.00020871839452,9906.76640307801,11917.3225261287
"r_species.id[Limulus_polyphemus_ott511973,Intercept]",1.00117187917811,7497.63749410686,10906.7074286618
"r_species.id[Littoraria_ardouiniana_ott343155,Intercept]",1.0001378201835,11863.8999979295,12281.7683205397
"r_species.id[Littoraria_flava_ott343147,Intercept]",1.00037606863723,15208.6954221963,12969.6245128806
"r_species.id[Littoraria_melanostoma_ott867812,Intercept]",1.00019498202296,14835.7242029952,12576.3038483608
"r_species.id[Littorina_littorea_ott622242,Intercept]",1.000096783404,13515.1707281624,12253.5402837949
"r_species.id[Littorina_saxatilis_ott182096,Intercept]",1.0003536614041,10353.6606721975,11448.9956706626
"r_species.id[Locustella_ochotensis_ott326781,Intercept]",0.999973196776691,17534.6616574308,12946.4780465703
"r_species.id[Loxia_curvirostra_curvirostra_ott438240,Intercept]",1.00040843989221,3952.2862170983,6004.71424931839
"r_species.id[Lumbricus_terrestris_ott316441,Intercept]",1.00078005148299,7417.85595678696,10746.0965074523
"r_species.id[Lymnaea_stagnalis_ott844828,Intercept]",1.00016691590578,9558.68475351139,12212.6965195176
"r_species.id[Lytta_magister_ott3356974,Intercept]",1.00061561101471,10215.7761964313,11377.4929152819
"r_species.id[Lytta_vulnerata_ott3356957,Intercept]",1.00010231810992,13722.240532155,12233.5386983082
"r_species.id[Macrotis_lagotis_ott940704,Intercept]",1.00099451696639,20893.9920743271,12697.9987083578
"r_species.id[Magicicada_cassini_ott435888,Intercept]",1.00018724117736,11918.8788043513,12856.0092673902
"r_species.id[Magicicada_septendecim_ott427477,Intercept]",1.00004114340793,11798.6056009415,12219.9646541473
"r_species.id[Manogea_porracea_ott3571931,Intercept]",1.00010308711056,17923.2666617129,13792.2440213211
"r_species.id[Megaptera_novaeangliae_ott226198,Intercept]",1.00059123132241,13408.4537597027,12869.8209403575
"r_species.id[Merops_apiaster_ott755107,Intercept]",0.999886511150672,12148.2795621815,12846.4607670709
"r_species.id[Metellina_segmentata_ott1043563,Intercept]",1.00031224875366,16034.7095451681,12151.9205137871
"r_species.id[Micrarchus_hystriculeus_ott649254,Intercept]",1.00026707640665,16595.5637950552,12772.9911402218
"r_species.id[Microvelia_longipes_ott5225100,Intercept]",1.00040073905492,2898.74965632393,4141.41705084869
"r_species.id[Montifringilla_taczanowskii_ott96150,Intercept]",0.999837624340538,13385.9782759264,13025.5607032555
"r_species.id[Mycteria_leucocephala_ott848605,Intercept]",1.00049170083076,6493.45742212398,10789.0082198312
"r_species.id[Mystacides_azureus_ott816747,Intercept]",1.00016659360894,12343.2661746204,12940.3655940171
"r_species.id[Nanorana_parkeri_ott899043,Intercept]",1.00019007557152,12641.961941634,12350.9141472094
"r_species.id[Neacoryphus_bicrucis_ott3470406,Intercept]",1.0001862622494,10606.1251202414,10881.7706178472
"r_species.id[Necrophila_americana_ott422617,Intercept]",1.00174770039047,1857.16875219342,2804.21182933456
"r_species.id[Neolamprologus_pulcher_--Daffodil--_ott311695,Intercept]",1.00022919294222,11462.2987059127,12078.1589942281
"r_species.id[Nephila_clavata_ott997305,Intercept]",1.00063052850234,11036.6334371125,12062.3117183249
"r_species.id[Onymacris_bicolor_ott4618928,Intercept]",1.0000331001973,13861.1149989127,13024.065051459
"r_species.id[Ophioblennius_atlanticus_ott282319,Intercept]",1.00009270239067,12541.9323767497,12269.7474996311
"r_species.id[Ovis_aries_musimon_ott540228,Intercept]",1.00054779071481,15592.7209799164,12932.3693782931
"r_species.id[Oxymonacanthus_longirostris_ott333706,Intercept]",1.00035400834252,17996.7663030359,13358.3024753097
"r_species.id[Pachycheles_rudis_ott1027301,Intercept]",1.00110142883578,2331.81970883307,3202.34221017168
"r_species.id[Paguritta_harmsi_ott2975403,Intercept]",1.00012911292842,18748.6751953987,12676.831918532
"r_species.id[Paracalliope_fluviatilis_ott17810,Intercept]",1.00035111693714,13296.9486100276,12884.1841233744
"r_species.id[Paranchistus_pycnodontae_ott5090016,Intercept]",1.0001890346657,15488.5260557452,12612.0768468393
"r_species.id[Parus_major_kapustini_ott84656,Intercept]",1.00040817048272,16272.7051434724,11735.315801087
"r_species.id[Passer_domesticus_bactrianus_ott320920,Intercept]",0.999910334639049,15849.5031617641,11838.7880991642
"r_species.id[Pelobates_cultripes_ott703772,Intercept]",1.00046074206279,23111.9176755273,11236.2443069573
"r_species.id[Pelobates_syriacus_balcanicus_ott47787,Intercept]",1.00024648708178,12428.7825866814,13486.8377917896
"r_species.id[Phaethon_rubricauda_ott509057,Intercept]",1.00036169150679,13793.7302982801,12864.5590126425
"r_species.id[Phanaeus_difformis_ott3332070,Intercept]",1.0004899962625,13376.5548939792,12359.5409920436
"r_species.id[Phascolarctos_cinereus_victor_ott985451,Intercept]",1.00045070054997,14671.7251763728,11919.0899966882
"r_species.id[Phidippus_clarus_ott670208,Intercept]",1.00011223892993,15982.5755620603,13272.5978400834
"r_species.id[Phloeosinus_armatus_ott3409670,Intercept]",0.999844195411083,16598.3679616644,13089.8300635377
"r_species.id[Phoracantha_semipunctata_ott87035,Intercept]",0.999975836013162,17384.467389951,13400.1724693491
"r_species.id[Phorticella_flavipennis_ott4420733,Intercept]",1.00055249533477,9959.4282140973,11647.5568430331
"r_species.id[Phyllobius_maculicornis_ott3411280,Intercept]",1.00006614505453,13252.6075089821,12742.6212740596
"r_species.id[Phyllomedusa_iheringii_ott979521,Intercept]",1.00003412601932,18238.280220725,11198.7117386727
"r_species.id[Phyllomedusa_rohdei_ott364552,Intercept]",1.00065661654108,12155.0257118039,12824.5173423499
"r_species.id[Phymata_americana_ott3475650,Intercept]",1.00022101845868,12326.2414925205,12191.5882179637
"r_species.id[Phymata_fasciata_ott3475652,Intercept]",1.00000060262997,12515.1499841812,11148.5910490986
"r_species.id[Phymata_salicis_ott3475649,Intercept]",1.00048558597855,10916.1643480121,11646.9925094356
"r_species.id[Physalaemus_enesefae_ott262673,Intercept]",1.00090063307715,16062.893335936,12730.247043362
"r_species.id[Physella_acuta_ott55904,Intercept]",1.00052711412618,8745.7920523299,11032.4240172466
"r_species.id[Planes_major_ott2981529,Intercept]",1.00002320398643,16805.3771277552,12624.4287765944
"r_species.id[Plecia_nearctica_ott4497145,Intercept]",1.00027919082943,10478.3177578813,11989.4725782678
"r_species.id[Podarcis_muralis_maculiventris_ott906140,Intercept]",1.00021532036038,23733.2712345593,13176.501593581
"r_species.id[Poephila_acuticauda_acuticauda_ott844234,Intercept]",1.00000120119953,11314.0716237775,11424.8024203586
"r_species.id[Polypedates_megacephalus_--Xizang--_ott638701,Intercept]",1.00023062806731,13194.2385989,12386.8961603693
"r_species.id[Pomatoschistus_minutus_ott1048873,Intercept]",1.00094103639436,22614.7127513261,12639.8778937418
"r_species.id[Pontonia_mexicana_ott1068125,Intercept]",1.00031502113445,16730.5800716456,13101.1355801333
"r_species.id[Pseudacris_crucifer_crucifer_ott897528,Intercept]",1.00002176775529,23866.8424435711,12145.0847930088
"r_species.id[Pterapogon_kauderni_ott105932,Intercept]",1.0000343110969,12856.976686564,12228.0074972589
"r_species.id[Puffinus_pacificus_ott471653,Intercept]",1.00020224747391,17415.1192219576,12567.7924344379
"r_species.id[Puffinus_tenuirostris_ott471652,Intercept]",1.00010072873346,10312.6014973054,11448.252401731
"r_species.id[Puffinus_yelkouan_ott471651,Intercept]",1.00022480477983,10285.2468850775,11095.7140194091
"r_species.id[Pygoscelis_adeliae_ott494357,Intercept]",1.00003214433673,19866.9039233396,12369.0447459394
"r_species.id[Pyrrhocorax_graculus_ott140440,Intercept]",1.00030967735826,11293.7305634227,11068.9056199236
"r_species.id[Radix_auricularia_ott274226,Intercept]",1.00037468993747,15082.3382303674,13074.642053297
"r_species.id[Radix_lagotis_ott913868,Intercept]",1.00049043879694,14107.5675914939,13113.5078398985
"r_species.id[Rana_chensinensis_ott595205,Intercept]",1.00004345035391,7563.75318445531,10448.0082250983
"r_species.id[Rana_dalmatina_ott886093,Intercept]",1.0000644258081,10908.9835901813,12770.1423750172
"r_species.id[Rana_kukunoris_ott691289,Intercept]",1.00025913778194,10942.2753271385,11880.594611355
"r_species.id[Rana_sylvatica_ott4133610,Intercept]",1.00028256801245,10424.6024762536,12131.7130680792
"r_species.id[Rana_temporaria_temporaria_ott979590,Intercept]",1.00009125198056,7890.47111693135,10642.9843358172
"r_species.id[Rhinella_arenarum_ott522417,Intercept]",1.00073870948731,12454.99190713,12455.0523555652
"r_species.id[Rhinella_marina_ott889340,Intercept]",1.00019968762248,14747.2105894283,13656.8029820663
"r_species.id[Rissa_tridactyla_ott585161,Intercept]",1.00019026536807,6402.44097599938,9681.52483160332
"r_species.id[Salmo_trutta_oxianus_ott79094,Intercept]",1.00016114669579,12847.2952324792,12709.338461998
"r_species.id[Salvelinus_confluentus_ott688321,Intercept]",1.00025820419392,17213.6290798647,12668.4963928188
"r_species.id[Salvelinus_leucomaenis_leucomaenis_ott133272,Intercept]",0.999957614314088,15740.0385237794,13105.5422352974
"r_species.id[Scaphiopus_couchii_ott77494,Intercept]",1.00012174835522,17664.8708703973,13359.7353724851
"r_species.id[Scathophaga_stercoraria_ott557400,Intercept]",1.00077686856514,11746.7162729759,11919.0041344572
"r_species.id[Scinax_centralis_ott3619799,Intercept]",1.00016568256912,22265.9583524584,11655.6943284347
"r_species.id[Scinax_ruber_ott717608,Intercept]",1.00021190517221,9317.65441818149,11981.7807949048
"r_species.id[Scylla_olivacea_ott1084538,Intercept]",1.00044594315552,16611.9869675712,12386.3737956738
"r_species.id[Scylla_paramamosain_ott1084541,Intercept]",1.00062118538013,16763.2675826818,12160.7170099669
"r_species.id[Scylla_tranquebarica_ott1084544,Intercept]",1.0000608865119,16996.5875016381,12005.6299442377
"r_species.id[Serranus_tortugarum_ott511782,Intercept]",1.00009266034772,9676.89088273033,11749.7829945518
"r_species.id[Sialia_currucoides_ott431648,Intercept]",1.00012496539501,14317.2473009819,12362.0477087993
"r_species.id[Siganus_unimaculatus_ott190873,Intercept]",1.00009920179623,8298.21763421899,12130.9099273108
"r_species.id[Siphonaria_capensis_ott20369,Intercept]",1.00033556880042,12209.7455582028,13060.618701258
"r_species.id[Siphonaria_gigas_ott68145,Intercept]",1.00009322982672,16270.700271085,12779.6264781355
"r_species.id[Sitophilus_zeamais_ott865238,Intercept]",1.0000859344694,19574.6260670955,12424.1406901968
"r_species.id[Spea_bombifrons_ott1026954,Intercept]",1.00035031940352,25182.7987501047,11744.3927477574
"r_species.id[Spea_multiplicata_ott1013104,Intercept]",1.00012082907576,25792.7205960565,10972.5411908448
"r_species.id[Sphaeramia_nematoptera_ott799234,Intercept]",1.00011976520191,12902.5751530014,11322.7859186641
"r_species.id[Spheniscus_magellanicus_ott429622,Intercept]",1.00013407699224,11076.8340983237,11623.100710101
"r_species.id[Spinus_atratus_ott3597394,Intercept]",1.0003621472853,14160.1834041549,12694.9175686642
"r_species.id[Stercorarius_parasiticus_ott742640,Intercept]",1.00030452180333,15365.4315289164,12853.3735184876
"r_species.id[Stercorarius_skua_ott742633,Intercept]",1.00015426776601,10981.3878423757,11606.688170982
"r_species.id[Sterna_hirundo_hirundo_ott5560401,Intercept]",1.00031349382845,9311.59550839629,12074.3691922318
"r_species.id[Sterna_paradisaea_ott809006,Intercept]",1.00013010071882,12609.9257649482,12145.8341545617
"r_species.id[Sturnus_vulgaris_ott565813,Intercept]",1.00037026120507,11818.8944284355,11286.701397702
"r_species.id[Succinea_putris_ott1001375,Intercept]",1.0003455758815,20567.2541280337,12552.499027117
"r_species.id[Syngnathus_floridae_ott774435,Intercept]",1.00037788867911,8139.90724282763,11635.3815925471
"r_species.id[Syngnathus_scovelli_ott251400,Intercept]",1.00038771639096,13565.2509309539,12348.7081103882
"r_species.id[Syngnathus_typhle_ott251396,Intercept]",1.00023438686686,6400.15460403377,11136.4033698389
"r_species.id[Tachycineta_bicolor_ott136028,Intercept]",1.0000397057391,12932.9783162485,12542.1516606025
"r_species.id[Taeniopygia_guttata_ott708327,Intercept]",1.00015149220673,10306.9413436942,11199.0941179042
"r_species.id[Taricha_granulosa_ott1041788,Intercept]",1.00013305023047,7505.01184051406,11208.4171762706
"r_species.id[Tegrodera_aloga_ott3357034,Intercept]",1.00039277448685,14343.9716561714,12305.2133493471
"r_species.id[Tegrodera_erosa_ott3357044,Intercept]",1.00036036107702,20568.695660602,12347.9399800075
"r_species.id[Tetraopes_tetrophthalmus_ott1016808,Intercept]",1.0001500800769,12576.8252113134,11555.5616192151
"r_species.id[Thamnophis_sirtalis_parietalis_ott505604,Intercept]",1.00009882426017,15322.2592750553,12503.2782150172
"r_species.id[Thermosphaeroma_thermophilum_ott2996425,Intercept]",1.00002480106851,11146.1120980682,12360.9715500963
"r_species.id[Thryothorus_ludovicianus_ott1036137,Intercept]",1.00035090222918,18737.7882820458,12091.2481216473
"r_species.id[Thysanophrys_celebica_ott391531,Intercept]",1.00054412886284,18623.0995635501,11282.923981687
"r_species.id[Tilapia_pra_ott3635733,Intercept]",1.00007686494256,12546.3560463009,12460.9650971668
"r_species.id[Trachycephalus_typhonius_A_ott331403,Intercept]",1.00047189966258,17113.0303910908,12875.6175957453
"r_species.id[Trapezia_bidentata_ott787242,Intercept]",1.00019289273591,15512.2413648253,12754.0037295946
"r_species.id[Triprion_petasatus_ott238783,Intercept]",1.00005330115581,19568.5375587221,12582.6030146274
"r_species.id[Trirhabda_canadensis_ott125833,Intercept]",1.00009927680784,13918.1251042221,13109.8291288421
"r_species.id[Trirhabda_eriodictyonis_ott276072,Intercept]",1.0010062337968,10784.28507507,12140.4892530603
"r_species.id[Tunicotheres_moseri_ott11840,Intercept]",1.00029825957045,7962.02821607828,10704.0877645849
"r_species.id[Turdus_migratorius_migratorius_ott168085,Intercept]",0.999987786057147,16684.5426535036,12833.762053214
"r_species.id[Tyto_alba_alba_ott224923,Intercept]",1.00022522482323,16080.912469074,13072.2650554041
"r_species.id[Uca_capricornis_ott2981580,Intercept]",1.00021925293158,14711.2861062968,12800.9942421857
"r_species.id[Uca_lactea_lactea_ott651108,Intercept]",1.00046878399186,9286.08085774027,12850.2653570988
"r_species.id[Uca_mjoebergi_ott825298,Intercept]",1.00015593044646,18989.1273095055,12774.804829775
"r_species.id[Uca_pugilator_ott757104,Intercept]",1.00052126112148,15414.415826295,12663.9013546634
"r_species.id[Uca_rapax_ott197166,Intercept]",1.0003548410174,23320.5285176854,11622.7296611477
"r_species.id[Uca_uruguayensis_ott418019,Intercept]",1.00018828433674,9242.41052180207,11805.3577057386
"r_species.id[Uperoleia_rugosa_ott940198,Intercept]",1.0012113165254,4328.82698850547,5744.40007673264
"r_species.id[Vaginulus_sloanii_ott2883243,Intercept]",1.00104383730418,1895.25652774764,3028.08519694622
"r_species.id[Valenciennea_muralis_ott286315,Intercept]",0.999987802398349,15683.4713326526,11950.3847847973
"r_species.id[Valenciennea_strigata_ott819087,Intercept]",1.00001922614493,20115.2299420567,11821.8852336336
"r_species.id[Veronicella_sloanii_ott2883248,Intercept]",1.00127241393334,1811.67693618893,2832.59277904147
"r_species.id[Zebrasoma_scopas_ott199073,Intercept]",1.00050216977901,19970.5253825734,12176.2580130207
"r_species.id[Zenaida_aurita_ott873995,Intercept]",1.00023791820041,14128.6261842914,12814.736801746
"r_species.id[Zootoca_vivipara_carniolica_ott839775,Intercept]",1.00011277666075,17332.1444689127,13177.8419524135
"r_species.id[Zygiella_x-notata_ott504327,Intercept]",0.99996734616599,13378.5843349225,12313.9628704335
"r_species.id.phy[Homo_sapiens_ott770315,Intercept]",1.00037420989352,6186.72976418924,6208.71732686575
"r_species.id.phy[Megaptera_novaeangliae_ott226198,Intercept]",1.00050612011982,6244.81825768962,6137.70443162668
"r_species.id.phy[Ovis_aries_musimon_ott540228,Intercept]",1.00049330014081,6216.89841767102,6123.25398270847
"r_species.id.phy[Phascolarctos_cinereus_victor_ott985451,Intercept]",1.00036109978435,6367.37093480252,6451.69409990239
"r_species.id.phy[Macrotis_lagotis_ott940704,Intercept]",1.00030796576373,6346.1276950496,6405.33062716629
"r_species.id.phy[Camarhynchus_parvulus_ott419367,Intercept]",1.00055955596833,5741.19498663092,5273.90448722055
"r_species.id.phy[Geospiza_fuliginosa_ott589956,Intercept]",1.00051405157596,5741.56524588095,5084.3546178986
"r_species.id.phy[Geospiza_scandens_ott589959,Intercept]",1.00061902587118,5747.27296965606,5090.01348329796
"r_species.id.phy[Geospiza_fortis_ott589951,Intercept]",1.00060605137618,5733.75464758849,5300.63284156671
"r_species.id.phy[Spinus_atratus_ott3597394,Intercept]",1.00065373399692,5673.28369564774,5099.46404248861
"r_species.id.phy[Loxia_curvirostra_curvirostra_ott438240,Intercept]",1.00065255924373,5631.67508180142,4633.56119380641
"r_species.id.phy[Passer_domesticus_bactrianus_ott320920,Intercept]",1.00061380480416,5830.4857867318,5146.03830223282
"r_species.id.phy[Montifringilla_taczanowskii_ott96150,Intercept]",1.00035568013306,5862.67195099738,5489.05259638022
"r_species.id.phy[Ficedula_hypoleuca_ott22300,Intercept]",1.00059810764529,6058.99937319685,5786.54307297831
"r_species.id.phy[Ficedula_albicollis_ott107840,Intercept]",1.00072071139029,6032.75105433991,5725.57368328004
"r_species.id.phy[Turdus_migratorius_migratorius_ott168085,Intercept]",1.00086173574903,6073.82206577724,5969.69833858785
"r_species.id.phy[Sialia_currucoides_ott431648,Intercept]",1.00092802832023,6046.42998486213,5767.52755998776
"r_species.id.phy[Sturnus_vulgaris_ott565813,Intercept]",1.00067882469683,6107.75776626836,5834.65206189653
"r_species.id.phy[Thryothorus_ludovicianus_ott1036137,Intercept]",1.0004411263119,6192.94389065187,5999.14100343569
"r_species.id.phy[Hirundo_rustica_rustica_ott628817,Intercept]",1.0007535897053,6086.76231540481,5432.08150372855
"r_species.id.phy[Tachycineta_bicolor_ott136028,Intercept]",1.00069458852172,6111.1462927218,5621.42854673022
"r_species.id.phy[Aegithalos_glaucogularis_vinaceus_ott5560982,Intercept]",1.00070513538146,6102.94629493644,5392.89452429199
"r_species.id.phy[Garrulax_elliotii_elliotii_ott632991,Intercept]",1.00093540227786,6016.48871833683,5250.86715703768
"r_species.id.phy[Garrulax_davidi_davidi_ott632992,Intercept]",1.00082200902121,6018.66648965482,5198.54709743723
"r_species.id.phy[Parus_major_kapustini_ott84656,Intercept]",1.00089631608923,6029.28642184243,5721.76163823109
"r_species.id.phy[Cyanistes_caeruleus_caeruleus_ott744585,Intercept]",1.00112357227917,6031.85138253622,5776.43096567921
"r_species.id.phy[Locustella_ochotensis_ott326781,Intercept]",1.00072048495787,6334.81691838146,5969.02789118007
"r_species.id.phy[Lanius_collurioides_ott105682,Intercept]",1.00081970570669,6187.42870355891,6323.12514541689
"r_species.id.phy[Lanius_collurio_collurio_ott11462,Intercept]",1.00072111680336,6164.57511746837,6207.89392189698
"r_species.id.phy[Pyrrhocorax_graculus_ott140440,Intercept]",1.00070442058735,6131.83270476614,6464.03930948123
"r_species.id.phy[Gymnorhinus_cyanocephalus_ott979211,Intercept]",1.0007354566715,6187.45678052143,6228.32492725564
"r_species.id.phy[Poephila_acuticauda_acuticauda_ott844234,Intercept]",1.00113240551977,6263.33266422066,6988.47763021523
"r_species.id.phy[Taeniopygia_guttata_ott708327,Intercept]",1.00142878034826,6285.92164016394,6746.1400317234
"r_species.id.phy[Furnarius_rufus_ott799151,Intercept]",1.00048369392617,6599.93961726979,6349.55656960674
"r_species.id.phy[Falco_sparverius_sparverius_ott775460,Intercept]",1.00086980233673,6372.1991679675,6431.43757192653
"r_species.id.phy[Falco_peregrinus_japonensis_ott773044,Intercept]",1.0006781794994,6405.76417163375,6383.56033666893
"r_species.id.phy[Falco_columbarius_columbarius_ott928167,Intercept]",1.00120324124513,6350.63308185403,6112.12564014471
"r_species.id.phy[Falco_berigora_ott877343,Intercept]",1.00090015183069,6325.1137055056,6231.31848235037
"r_species.id.phy[Falco_cenchroides_cenchroides_ott432111,Intercept]",1.00072575068015,6355.40219728513,6293.31373404619
"r_species.id.phy[Merops_apiaster_ott755107,Intercept]",1.00056372961089,6253.37833848502,6455.86280722344
"r_species.id.phy[Eumomota_superciliosa_ott1079770,Intercept]",1.00065937132915,6230.95861081793,5680.568146924
"r_species.id.phy[Coracias_garrulus_ott372551,Intercept]",1.00082733353207,6252.3268287657,5826.79231557486
"r_species.id.phy[Athene_cunicularia_cunicularia_ott649947,Intercept]",1.0005364714168,6360.30100569362,6143.17750769049
"r_species.id.phy[Tyto_alba_alba_ott224923,Intercept]",1.00049536725094,6315.36540373532,5784.78244066588
"r_species.id.phy[Calidris_pusilla_ott1092981,Intercept]",1.00111881792774,6147.52088458142,6351.95908405514
"r_species.id.phy[Calidris_mauri_ott234671,Intercept]",1.00121244206344,6157.85022132753,6047.30867420708
"r_species.id.phy[Limosa_limosa_islandica_ott279299,Intercept]",1.00126154663869,6221.13671905864,6063.39537967993
"r_species.id.phy[Larus_michahellis_michahellis_ott425206,Intercept]",1.00090262699338,6347.80904185057,5705.80869193961
"r_species.id.phy[Chroicocephalus_ridibundus_ridibundus_ott4947414,Intercept]",1.00084485168387,6382.05790929682,5959.85656861198
"r_species.id.phy[Sterna_paradisaea_ott809006,Intercept]",1.00077697740691,6196.58697808507,5601.23622434607
"r_species.id.phy[Sterna_hirundo_hirundo_ott5560401,Intercept]",1.00111471551711,6225.64980438706,5766.53543702131
"r_species.id.phy[Chlidonias_hybridus_ott915886,Intercept]",1.00084935336854,6210.88784911138,5821.36146785836
"r_species.id.phy[Chlidonias_niger_ott234666,Intercept]",1.00077903149012,6243.37355935904,5687.24370843629
"r_species.id.phy[Rissa_tridactyla_ott585161,Intercept]",1.00088941706031,6261.1334990813,5496.5633398156
"r_species.id.phy[Anous_stolidus_ott915882,Intercept]",1.00083999681582,6283.66509851659,5375.76623099889
"r_species.id.phy[Charadrius_dubius_ott274628,Intercept]",1.00074405946239,6460.05796652525,5706.77506166164
"r_species.id.phy[Cepphus_grylle_grylle_ott544140,Intercept]",1.0011261645673,6353.15526669496,6345.31399910345
"r_species.id.phy[Fratercula_arctica_grabae_ott5560393,Intercept]",1.00089819348433,6341.07342786792,6379.04402781115
"r_species.id.phy[Aethia_pusilla_ott855484,Intercept]",1.0013619474193,6323.18759174236,5756.26852569655
"r_species.id.phy[Alca_torda_ott855485,Intercept]",1.00080487111383,6355.75828482783,6025.76008178221
"r_species.id.phy[Stercorarius_skua_ott742633,Intercept]",1.00120551622198,6480.06251502606,6321.40743289166
"r_species.id.phy[Stercorarius_parasiticus_ott742640,Intercept]",1.00145980748329,6484.10559158243,6577.08358675845
"r_species.id.phy[Mycteria_leucocephala_ott848605,Intercept]",1.00089548501483,6090.50964014853,5547.16559763324
"r_species.id.phy[Puffinus_pacificus_ott471653,Intercept]",1.00099270866462,6233.05678656953,6114.05647818562
"r_species.id.phy[Puffinus_yelkouan_ott471651,Intercept]",1.00086570850985,6155.7196868002,6112.12456334143
"r_species.id.phy[Puffinus_tenuirostris_ott471652,Intercept]",1.00113799483205,6197.49706147427,6085.89585324222
"r_species.id.phy[Calonectris_borealis_ott3595600,Intercept]",1.00112995318997,6209.27003223742,6227.73742585588
"r_species.id.phy[Hydrobates_melitensis_ott3595637,Intercept]",1.00111060261796,6199.87625493446,6096.02955911123
"r_species.id.phy[Spheniscus_magellanicus_ott429622,Intercept]",1.0011044659569,6238.27971740696,6163.17075519746
"r_species.id.phy[Pygoscelis_adeliae_ott494357,Intercept]",1.00084374914128,6286.68947720611,6093.80869625605
"r_species.id.phy[Aptenodytes_patagonicus_ott494361,Intercept]",1.00094313296968,6296.90002639833,6435.08114154493
"r_species.id.phy[Columba_livia_ott938416,Intercept]",1.00137305815017,6617.20573392719,6521.70952652401
"r_species.id.phy[Zenaida_aurita_ott873995,Intercept]",1.0013162261955,6607.17637443378,6560.25852308361
"r_species.id.phy[Phaethon_rubricauda_ott509057,Intercept]",1.00105982905542,6692.82832059589,6648.47148480983
"r_species.id.phy[Anas_platyrhynchos_platyrhynchos_ott190881,Intercept]",1.00034522461645,6443.32356199062,6875.17738259739
"r_species.id.phy[Branta_bernicla_nigricans_ott799107,Intercept]",1.00024187950251,6464.34345224674,6590.15078723923
"r_species.id.phy[Cygnus_olor_ott140314,Intercept]",1.00032536016408,6426.34440341714,6425.51281241019
"r_species.id.phy[Thamnophis_sirtalis_parietalis_ott505604,Intercept]",1.00093396319959,6487.95151827047,6409.56037068856
"r_species.id.phy[Anolis_limifrons_ott245842,Intercept]",1.00106301170851,6418.84450295671,6152.34513518744
"r_species.id.phy[Chamaeleo_chamaeleon_recticrista_ott113623,Intercept]",1.00077384719735,6473.97535099718,6486.63865525696
"r_species.id.phy[Podarcis_muralis_maculiventris_ott906140,Intercept]",1.00099193380495,6492.59560237868,6346.51519712982
"r_species.id.phy[Lacerta_agilis_agilis_ott188787,Intercept]",1.00101030074677,6415.57046681814,6285.77461090233
"r_species.id.phy[Zootoca_vivipara_carniolica_ott839775,Intercept]",1.00106393834414,6457.18496398072,5921.17738366278
"r_species.id.phy[Duttaphrynus_melanostictus_ott962265,Intercept]",1.00109845911002,5735.68449826839,5087.56280336274
"r_species.id.phy[Bufo_japonicus_japonicus_ott4133422,Intercept]",1.00097720428962,5727.81986431807,5209.19960986115
"r_species.id.phy[Bufo_stejnegeri_ott563550,Intercept]",1.00111698076302,5707.93489658008,5272.18322800499
"r_species.id.phy[Bufo_gargarizans_miyakonis_ott857965,Intercept]",1.00108108211799,5634.35955253425,5122.70154915234
"r_species.id.phy[Bufo_gargarizans_andrewsi_ott138156,Intercept]",1.0010406278192,5639.09472502239,5155.21798155006
"r_species.id.phy[Bufo_bufo_ott889350,Intercept]",1.00086231325093,5733.54884212079,5065.81248673891
"r_species.id.phy[Bufo_minshanicus_ott3619694,Intercept]",1.0008817359747,5834.11955593643,5191.50811061559
"r_species.id.phy[Epidalea_calamita_ott436364,Intercept]",1.0005165549898,5889.60479531275,5371.30430259875
"r_species.id.phy[Anaxyrus_americanus_charlesmithi_ott738656,Intercept]",1.0012044585121,5924.0279424337,6935.55320058585
"r_species.id.phy[Anaxyrus_woodhousii_ott355919,Intercept]",1.0009095112384,5933.6388699155,6645.68761693948
"r_species.id.phy[Anaxyrus_terrestris_ott931329,Intercept]",1.00093050778743,6037.56787734294,6721.1755216093
"r_species.id.phy[Anaxyrus_fowleri_ott635213,Intercept]",1.00088785838628,6011.43459848845,6551.45631002685
"r_species.id.phy[Anaxyrus_cognatus_ott436344,Intercept]",1.00083126721687,6044.8299154131,6359.94604403494
"r_species.id.phy[Anaxyrus_quercicus_ott931345,Intercept]",1.00091383554554,6051.15512450242,6650.51571179753
"r_species.id.phy[Anaxyrus_boreas_boreas_ott205884,Intercept]",1.00091975476176,6037.40797157367,5993.5896918188
"r_species.id.phy[Incilius_valliceps_ott937819,Intercept]",1.00089166469637,5942.41664072814,6090.76419927615
"r_species.id.phy[Incilius_periglenes_ott4133413,Intercept]",1.00100009536786,5986.0031017832,6141.05314280782
"r_species.id.phy[Rhinella_arenarum_ott522417,Intercept]",1.00119079958579,5987.22340487812,5180.3482373149
"r_species.id.phy[Rhinella_marina_ott889340,Intercept]",1.00111200249269,6009.25558971326,5191.17312812899
"r_species.id.phy[Espadarana_prosoblepon_ott226407,Intercept]",1.00093233694766,6233.977916868,5794.42469096595
"r_species.id.phy[Engystomops_pustulatus_ott262685,Intercept]",1.00117691889181,6214.1154729277,6196.16019547958
"r_species.id.phy[Physalaemus_enesefae_ott262673,Intercept]",1.00111824318228,6214.81403178009,6307.35939212575
"r_species.id.phy[Ceratophrys_stolzmanni_ott3620341,Intercept]",1.00090502019695,6383.78411433778,6187.7805587299
"r_species.id.phy[Hyla_chrysoscelis_ott1050749,Intercept]",1.00071758357939,6055.94415152618,5706.14703584803
"r_species.id.phy[Hyla_versicolor_ott386095,Intercept]",1.00088926229576,6050.88685544496,5566.5581106109
"r_species.id.phy[Hyla_cinerea_ott1062211,Intercept]",1.00108994193179,6026.31902422957,5857.04008603707
"r_species.id.phy[Hyla_arborea_ott677266,Intercept]",1.00082240270207,6140.52716523542,5878.7248158357
"r_species.id.phy[Triprion_petasatus_ott238783,Intercept]",1.0009414102825,6162.42187437387,5508.660675285
"r_species.id.phy[Pseudacris_crucifer_crucifer_ott897528,Intercept]",1.00126649935763,6218.85799370166,5987.85778809024
"r_species.id.phy[Trachycephalus_typhonius_A_ott331403,Intercept]",1.00088689742797,6334.71317711057,6200.10726898971
"r_species.id.phy[Dendropsophus_elegans_ott108403,Intercept]",1.00060908954399,6163.81325349551,5121.76899122905
"r_species.id.phy[Dendropsophus_marmoratus_ott108390,Intercept]",1.00115348087172,6153.0473201689,5169.40517032753
"r_species.id.phy[Scinax_ruber_ott717608,Intercept]",1.00062951362175,6274.61872340409,5010.89821246452
"r_species.id.phy[Scinax_centralis_ott3619799,Intercept]",1.00062022327775,6300.96129002315,4942.15314385844
"r_species.id.phy[Phyllomedusa_iheringii_ott979521,Intercept]",1.00084337376827,6257.84892487343,5940.51679490107
"r_species.id.phy[Phyllomedusa_rohdei_ott364552,Intercept]",1.0009538476391,6290.3210430481,5622.01447994706
"r_species.id.phy[Agalychnis_moreletii_ott375954,Intercept]",1.00084475968239,6357.43954583721,5812.9090477636
"r_species.id.phy[Agalychnis_callidryas_ott9483,Intercept]",1.00079806450866,6339.92765574132,5931.50403479155
"r_species.id.phy[Uperoleia_rugosa_ott940198,Intercept]",1.00106030224244,4670.19049267193,4300.40345750241
"r_species.id.phy[Rana_kukunoris_ott691289,Intercept]",1.00045256507864,5997.14164147076,5694.58284988444
"r_species.id.phy[Rana_chensinensis_ott595205,Intercept]",1.00056096873164,5920.12667679431,5875.13602697438
"r_species.id.phy[Rana_temporaria_temporaria_ott979590,Intercept]",1.00049509459089,6043.30293311822,5885.84856206164
"r_species.id.phy[Rana_dalmatina_ott886093,Intercept]",1.00049371827938,6031.92492341673,5708.40835399139
"r_species.id.phy[Rana_sylvatica_ott4133610,Intercept]",1.00075676941065,5968.52712865379,5382.02365427452
"r_species.id.phy[Polypedates_megacephalus_--Xizang--_ott638701,Intercept]",1.00073672124796,6150.36638035579,5990.10435525942
"r_species.id.phy[Nanorana_parkeri_ott899043,Intercept]",1.00043755041492,6102.90049928471,5977.55018762595
"r_species.id.phy[Hyperolius_marmoratus_ott441372,Intercept]",1.00062725603142,6225.42636421901,5898.6499467332
"r_species.id.phy[Pelobates_cultripes_ott703772,Intercept]",1.00057326222113,6692.48741579025,5258.09754743407
"r_species.id.phy[Pelobates_syriacus_balcanicus_ott47787,Intercept]",1.00053117842998,6725.16646752839,5344.19895327684
"r_species.id.phy[Spea_bombifrons_ott1026954,Intercept]",1.00055035905193,6793.07290623392,5136.82052409498
"r_species.id.phy[Spea_multiplicata_ott1013104,Intercept]",1.00063189799975,6700.02718959343,5341.92123828882
"r_species.id.phy[Scaphiopus_couchii_ott77494,Intercept]",1.00060110308958,6790.34131793188,5703.90140779113
"r_species.id.phy[Alytes_obstetricans_obstetricans_ott233453,Intercept]",1.00049687139151,6824.02772305173,5638.55088644352
"r_species.id.phy[Alytes_cisternasii_ott385874,Intercept]",1.00043875270696,6825.96528501394,5481.76949108392
"r_species.id.phy[Taricha_granulosa_ott1041788,Intercept]",1.0006081247475,7030.01535788103,6714.85092067229
"r_species.id.phy[Eretmodus_cyanostictus_ott102583,Intercept]",1.00084690792508,5525.69594000182,5233.67926042712
"r_species.id.phy[Neolamprologus_pulcher_--Daffodil--_ott311695,Intercept]",1.00079346894398,5643.38614702875,5359.30548498808
"r_species.id.phy[Julidochromis_ornatus_ott97293,Intercept]",1.00078721318461,5704.59010985871,5353.29192655143
"r_species.id.phy[Tilapia_pra_ott3635733,Intercept]",1.00066615559365,5732.02689281743,5304.62935806685
"r_species.id.phy[Amphilophus_citrinellus_ott358037,Intercept]",1.00034858701575,5052.63356688287,4854.5765163385
"r_species.id.phy[Amatitlania_nigrofasciata_ott170115,Intercept]",1.0005908917544,5105.3402944053,4752.55519234519
"r_species.id.phy[Amatitlania_siquia_ott4135111,Intercept]",1.000542970151,5110.21161609412,4821.93582190673
"r_species.id.phy[Krobia_sp_Smith2008_ott684090,Intercept]",1.00058595796473,4899.9467952714,4143.24870933957
"r_species.id.phy[Krobia_sp_Xingu_ott687201,Intercept]",1.00060596888808,4912.78039158564,3978.44745652509
"r_species.id.phy[Hypsophrys_nematopus_ott416862,Intercept]",1.00055611079972,5026.16727804124,4826.81165019888
"r_species.id.phy[Hypsophrys_nicaraguensis_ott221911,Intercept]",1.00048118855784,5035.56863407112,4599.94883071929
"r_species.id.phy[Ophioblennius_atlanticus_ott282319,Intercept]",1.00094716717522,5446.75679478033,4639.9240944774
"r_species.id.phy[Amphiprion_perideraion_ott674640,Intercept]",1.00066172722462,5494.23387243914,4575.52145668162
"r_species.id.phy[Amphiprion_frenatus_ott674634,Intercept]",1.00076441415075,5539.58079872684,4826.66701839826
"r_species.id.phy[Amphiprion_clarkii_ott674637,Intercept]",1.00066019948876,5394.34879162083,4672.75499266416
"r_species.id.phy[Valenciennea_muralis_ott286315,Intercept]",1.00051405897193,5181.95026868632,4756.7670974974
"r_species.id.phy[Valenciennea_strigata_ott819087,Intercept]",1.00053302397882,5213.39350723397,4777.07736893139
"r_species.id.phy[Pomatoschistus_minutus_ott1048873,Intercept]",1.0005836342094,5296.7149820222,4881.66499050237
"r_species.id.phy[Sphaeramia_nematoptera_ott799234,Intercept]",1.00061257215151,5162.514886962,4681.86871713403
"r_species.id.phy[Pterapogon_kauderni_ott105932,Intercept]",1.0006459329718,5160.95805039226,4811.86559784106
"r_species.id.phy[Serranus_tortugarum_ott511782,Intercept]",1.0007372907902,5940.85410697701,5522.48998959262
"r_species.id.phy[Gasterosteus_aculeatus_aculeatus_ott111122,Intercept]",1.0008948988897,6030.04805095472,5749.46282309024
"r_species.id.phy[Thysanophrys_celebica_ott391531,Intercept]",1.00072957999829,6114.84345564319,5805.87421303989
"r_species.id.phy[Oxymonacanthus_longirostris_ott333706,Intercept]",1.00079758956791,6062.15243248759,5676.09953092766
"r_species.id.phy[Siganus_unimaculatus_ott190873,Intercept]",1.00074570016555,6001.88388274082,5853.45271225669
"r_species.id.phy[Chaetodon_lunulatus_ott1044083,Intercept]",1.00075064052757,6166.08514816323,5603.08066080397
"r_species.id.phy[Chaetodon_melannotus_ott955781,Intercept]",1.00070419141009,6168.81562739696,5838.72298330392
"r_species.id.phy[Acanthurus_leucosternon_ott388125,Intercept]",1.00094694715617,6267.62623341754,6423.02639442224
"r_species.id.phy[Acanthurus_nigrofuscus_ott605289,Intercept]",1.00102179430695,6248.12571966713,5889.8436270647
"r_species.id.phy[Acanthurus_nigricans_ott467313,Intercept]",1.00079244278849,6278.09680189065,6130.18742648344
"r_species.id.phy[Zebrasoma_scopas_ott199073,Intercept]",1.00095595961397,6161.92283270939,5715.90604761519
"r_species.id.phy[Syngnathus_scovelli_ott251400,Intercept]",1.00053575453023,6260.82158556907,6862.59804964285
"r_species.id.phy[Syngnathus_typhle_ott251396,Intercept]",1.0005495633562,6192.90020123475,7187.26927856039
"r_species.id.phy[Syngnathus_floridae_ott774435,Intercept]",1.00046962469739,6214.28225590288,7311.76025378391
"r_species.id.phy[Hippocampus_whitei_ott57111,Intercept]",1.00046110200093,6268.96767504984,7347.26747571496
"r_species.id.phy[Hippocampus_subelongatus_ott57117,Intercept]",1.00037469994124,6278.45471549665,7026.13012697691
"r_species.id.phy[Salvelinus_leucomaenis_leucomaenis_ott133272,Intercept]",1.00034152249964,6623.06429500723,6265.15567825934
"r_species.id.phy[Salvelinus_confluentus_ott688321,Intercept]",1.00031787465622,6599.50214490425,6262.70397306616
"r_species.id.phy[Salmo_trutta_oxianus_ott79094,Intercept]",1.00044892939314,6744.78934462498,6062.21627911083
"r_species.id.phy[Drosophila_buzzatii_ott607957,Intercept]",1.00057259042588,5808.50409744835,6359.88899692178
"r_species.id.phy[Drosophila_melanogaster_ott505714,Intercept]",1.00082987648622,5887.5607473691,6128.19635518601
"r_species.id.phy[Drosophila_malerkotliana_malerkotliana_ott848708,Intercept]",1.00077863543841,5911.03845292168,5952.82150918103
"r_species.id.phy[Drosophila_pseudoobscura_pseudoobscura_ott820906,Intercept]",1.00066210026499,5865.21479443361,6420.5001848018
"r_species.id.phy[Phorticella_flavipennis_ott4420733,Intercept]",1.00079725767556,5916.51949346883,6301.65925694399
"r_species.id.phy[Scathophaga_stercoraria_ott557400,Intercept]",1.00049259339417,5948.87330364328,6350.44690212498
"r_species.id.phy[Dryomyza_anilis_ott130145,Intercept]",1.00041987687539,6047.78589636008,6211.53999630201
"r_species.id.phy[Plecia_nearctica_ott4497145,Intercept]",1.00029318156365,6071.02463383992,6405.99924329425
"r_species.id.phy[Anopheles_gambiae_S_ott553555,Intercept]",1.00053993131394,6085.09427741089,6177.48340516555
"r_species.id.phy[Danaus_plexippus_plexippus_ott532411,Intercept]",1.00040242752807,6137.34955081154,6748.21634993728
"r_species.id.phy[Heliconius_melpomene_melpomene_ott372028,Intercept]",1.00028526275799,6127.80114933828,6842.43704521245
"r_species.id.phy[Heliconius_charithonia_ott259142,Intercept]",1.00030300356245,6130.62070398059,6837.23398546086
"r_species.id.phy[Cyclargus_thomasi_bethunebakeri_ott349949,Intercept]",1.00034725363668,6148.80466912261,6720.89840055612
"r_species.id.phy[Colias_eurytheme_ott940001,Intercept]",1.00024663217501,6142.99671724328,7024.28711051859
"r_species.id.phy[Eurema_hecabe_hecabe_ott5266867,Intercept]",1.00028067084949,6095.82053819862,6524.2229608763
"r_species.id.phy[Mystacides_azureus_ott816747,Intercept]",1.00044825496469,6120.00823332383,6623.7023736006
"r_species.id.phy[Athripsodes_cinereus_ott190993,Intercept]",1.00049667361678,6088.42811724214,6780.70700271403
"r_species.id.phy[Necrophila_americana_ott422617,Intercept]",1.00135691997119,3529.70635312925,3028.97633493052
"r_species.id.phy[Diabrotica_virgifera_virgifera_ott670133,Intercept]",1.00059565815614,6325.04975069376,6519.6453953235
"r_species.id.phy[Trirhabda_canadensis_ott125833,Intercept]",1.00064959723592,6308.61241717007,6144.11325768546
"r_species.id.phy[Trirhabda_eriodictyonis_ott276072,Intercept]",1.00073225588366,6295.66923084131,6048.37941741506
"r_species.id.phy[Chrysolina_aurichalcea_ott368836,Intercept]",1.00057593136485,6253.13822502247,6076.95671173978
"r_species.id.phy[Phoracantha_semipunctata_ott87035,Intercept]",1.00025735268119,6339.27811211474,6109.88528844552
"r_species.id.phy[Tetraopes_tetrophthalmus_ott1016808,Intercept]",1.00041371882889,6312.40384486854,6106.01411052799
"r_species.id.phy[Onymacris_bicolor_ott4618928,Intercept]",1.00064041417591,6034.62481483361,5319.91156500162
"r_species.id.phy[Lytta_vulnerata_ott3356957,Intercept]",1.00065061081493,5809.78683970864,5108.28214670385
"r_species.id.phy[Lytta_magister_ott3356974,Intercept]",1.00063644468066,5747.53278036654,4967.57630952084
"r_species.id.phy[Tegrodera_aloga_ott3357034,Intercept]",1.00074827703482,6047.77152473456,5471.15151963942
"r_species.id.phy[Tegrodera_erosa_ott3357044,Intercept]",1.00074647407912,6038.73584965898,5588.92526380449
"r_species.id.phy[Epicauta_pensylvanica_ott926635,Intercept]",1.00079859538705,5826.21453629818,4942.96608386481
"r_species.id.phy[Epicauta_ochrea_ott3356895,Intercept]",1.00072958821466,5834.36924196104,4979.73575981725
"r_species.id.phy[Phanaeus_difformis_ott3332070,Intercept]",1.00109523030238,5944.26505424822,5436.08782898223
"r_species.id.phy[Phyllobius_maculicornis_ott3411280,Intercept]",1.00057190901471,6418.82642855528,5851.91672575774
"r_species.id.phy[Diaprepes_abbreviatus_ott713695,Intercept]",1.00051014355952,6401.44276650004,5788.38658808775
"r_species.id.phy[Sitophilus_zeamais_ott865238,Intercept]",1.00060904963623,6384.37189625813,5494.41158438146
"r_species.id.phy[Ips_pini_ott1084161,Intercept]",1.00074788164594,6357.95894493693,6269.04780872172
"r_species.id.phy[Phloeosinus_armatus_ott3409670,Intercept]",1.00078795647111,6332.99385175543,6060.65625450358
"r_species.id.phy[Dendroctonus_ponderosae_ott1017374,Intercept]",1.00068074735777,6332.69776495086,6459.40895606737
"r_species.id.phy[Calodromus_ito_ott4606589,Intercept]",1.00070067816606,6410.37936707747,5857.15565184913
"r_species.id.phy[Chauliognathus_werneri_ott3413957,Intercept]",1.00098871332841,6344.42726261293,5850.55908577766
"r_species.id.phy[Chauliognathus_basalis_ott3413950,Intercept]",1.00115311791601,6273.03760042599,6100.54929678117
"r_species.id.phy[Chauliognathus_arizonensis_ott3413984,Intercept]",1.00110557779388,6300.43831924413,5768.08282952117
"r_species.id.phy[Chauliognathus_obscurus_ott3413960,Intercept]",1.00077770934354,6311.93417697234,5724.27023668154
"r_species.id.phy[Chauliognathus_limbicollis_ott3413962,Intercept]",1.00106866364979,6439.29196080478,5930.51159455174
"r_species.id.phy[Chauliognathus_pennsylvanicus_ott536547,Intercept]",1.00070339792835,6254.44034355603,6518.28988533019
"r_species.id.phy[Chauliognathus_lewisi_ott3413978,Intercept]",1.00103350472307,6428.26830717532,5965.49380556418
"r_species.id.phy[Chauliognathus_deceptus_ott3413977,Intercept]",1.00086781549255,6283.16417704425,5953.7911306851
"r_species.id.phy[Chauliognathus_scutellaris_ott3413954,Intercept]",1.00091991837776,6296.03010607012,5881.58704695523
"r_species.id.phy[Cicindela_marutha_ott766400,Intercept]",1.00066401363025,6571.29921426925,5257.618822234
"r_species.id.phy[Brachinus_lateralis_ott3422831,Intercept]",1.0005921962963,6516.94461598856,5420.37668536868
"r_species.id.phy[Copidosoma_bakeri_ott3314851,Intercept]",1.00018730735888,7614.89941111413,6933.06461362909
"r_species.id.phy[Phymata_americana_ott3475650,Intercept]",1.0006281758972,5762.11692963486,6065.81220556623
"r_species.id.phy[Phymata_fasciata_ott3475652,Intercept]",1.000704908753,5793.16551085729,5472.07020748411
"r_species.id.phy[Phymata_salicis_ott3475649,Intercept]",1.0007141637056,5810.7448224815,5941.66223558511
"r_species.id.phy[Neacoryphus_bicrucis_ott3470406,Intercept]",1.00071027668907,5837.67752804063,5878.46681751217
"r_species.id.phy[Gerris_lacustris_ott543700,Intercept]",1.00068758681852,5941.672227242,5852.25107728565
"r_species.id.phy[Gerris_odontogaster_ott494591,Intercept]",1.00078538630802,5951.23174099571,6034.15278121952
"r_species.id.phy[Gerris_buenoi_ott706417,Intercept]",1.00065352056573,6027.6771881426,6205.31254576806
"r_species.id.phy[Gerris_lateralis_ott782398,Intercept]",1.00077221141628,5895.78852868169,5850.70466041766
"r_species.id.phy[Gerris_gracilicornis_ott890302,Intercept]",1.00083107128934,5770.79212554434,5589.13543159801
"r_species.id.phy[Gerris_comatus_ott859177,Intercept]",1.00049310003345,5922.94179184623,5439.67153594478
"r_species.id.phy[Aquarius_remigis_ott436657,Intercept]",1.00066303814769,5926.84593343859,5961.00740930426
"r_species.id.phy[Halobates_robustus_ott219408,Intercept]",1.00055731756099,6071.53243236202,5778.11326545058
"r_species.id.phy[Microvelia_longipes_ott5225100,Intercept]",1.0008036202766,5601.43806069892,4956.60813326018
"r_species.id.phy[Magicicada_cassini_ott435888,Intercept]",1.00061496805337,6199.20125475884,6681.33096518735
"r_species.id.phy[Magicicada_septendecim_ott427477,Intercept]",1.0007467601832,6182.08246688046,6434.29029886086
"r_species.id.phy[Elaphrothrips_tuberculatus_ott788825,Intercept]",1.00042387901508,6078.17406454815,6504.99129090349
"r_species.id.phy[Micrarchus_hystriculeus_ott649254,Intercept]",1.00038351675713,7008.44110872475,7370.24213217949
"r_species.id.phy[Deinacrida_rugosa_ott3493058,Intercept]",1.0003852325033,6992.10718352376,7169.4646100637
"r_species.id.phy[Calopteryx_splendens_ancilla_ott841780,Intercept]",1.00043946958143,7183.08363364321,6960.07230231343
"r_species.id.phy[Calopteryx_virgo_meridionalis_ott48548,Intercept]",1.00040461608178,7186.36968781419,6784.26498358534
"r_species.id.phy[Uca_mjoebergi_ott825298,Intercept]",1.00107780758923,5637.48252427549,6557.92598554897
"r_species.id.phy[Uca_lactea_lactea_ott651108,Intercept]",1.00112409218738,5682.87956820491,6396.39003555238
"r_species.id.phy[Uca_rapax_ott197166,Intercept]",1.00089837837065,5842.89533343471,6956.15035629807
"r_species.id.phy[Uca_pugilator_ott757104,Intercept]",1.00101822535151,5781.29453791294,6815.33736235814
"r_species.id.phy[Uca_uruguayensis_ott418019,Intercept]",1.00094236845494,5793.15132101062,6676.35674167423
"r_species.id.phy[Uca_capricornis_ott2981580,Intercept]",1.00136399927657,5808.85788983717,6167.51168157166
"r_species.id.phy[Ilyograpsus_nodulosus_ott4666517,Intercept]",1.00091678355904,5748.31413217861,6652.81324127863
"r_species.id.phy[Planes_major_ott2981529,Intercept]",1.00101811694854,5967.09823967066,6727.38511429801
"r_species.id.phy[Tunicotheres_moseri_ott11840,Intercept]",1.00115052212758,5879.24372089301,7093.71479510874
"r_species.id.phy[Trapezia_bidentata_ott787242,Intercept]",1.00097280972843,5995.54544467703,6380.16243096165
"r_species.id.phy[Scylla_olivacea_ott1084538,Intercept]",1.00109456074115,6138.06671951609,6471.86486060116
"r_species.id.phy[Scylla_paramamosain_ott1084541,Intercept]",1.00077301770904,6142.32680053614,6378.35751500129
"r_species.id.phy[Scylla_tranquebarica_ott1084544,Intercept]",1.00095220608647,6110.77785871189,6276.95749940632
"r_species.id.phy[Chionoecetes_opilio_ott604254,Intercept]",1.00100143862159,6056.10598924544,7113.25831014896
"r_species.id.phy[Inachus_phalangium_ott2979756,Intercept]",1.00104133042149,6030.14272380225,7115.80384873756
"r_species.id.phy[Homarus_gammarus_ott28244,Intercept]",1.00060739681681,6208.41591998181,5635.12414172148
"r_species.id.phy[Pachycheles_rudis_ott1027301,Intercept]",1.00091558331955,5079.93767092186,4127.84229905884
"r_species.id.phy[Paguritta_harmsi_ott2975403,Intercept]",1.00105572145448,5270.91230226655,4183.01883142761
"r_species.id.phy[Diogenes_nitidimanus_ott5089777,Intercept]",1.00099361696285,5291.60914081658,4345.06494104116
"r_species.id.phy[Alpheus_brasileiro_ott1028047,Intercept]",1.00105219785586,5348.15585256095,4619.75995516974
"r_species.id.phy[Alpheus_heterochaelis_ott307247,Intercept]",1.00091279870278,5349.11499695478,4661.43892501842
"r_species.id.phy[Pontonia_mexicana_ott1068125,Intercept]",1.00093694278248,5719.01995219378,5153.43599535969
"r_species.id.phy[Ascidonia_flavomaculata_ott4665759,Intercept]",1.00117228316893,5747.19193795259,4828.52983471529
"r_species.id.phy[Paranchistus_pycnodontae_ott5090016,Intercept]",1.00092622602331,5674.64083926862,5069.69218275828
"r_species.id.phy[Gammarus_duebeni_duebeni_ott184777,Intercept]",1.00060243387322,5730.95144421155,5263.86740211422
"r_species.id.phy[Gammarus_zaddachi_ott232763,Intercept]",1.00037459539639,5857.75038742177,5629.72573260042
"r_species.id.phy[Gammarus_fasciatus_ott585520,Intercept]",1.00038458224942,5802.43231992384,5108.25415673772
"r_species.id.phy[Gammarus_leopoliensis_ott944476,Intercept]",1.00022978039818,5409.62905464884,4743.25539315749
"r_species.id.phy[Gammarus_locusta_ott846200,Intercept]",1.00065926947889,5181.37847687829,4425.00172821594
"r_species.id.phy[Gammarus_insensibilis_ott2982554,Intercept]",1.00032732907536,5855.98311612607,5926.35602733064
"r_species.id.phy[Gammarus_aequicauda_ott604840,Intercept]",1.00049184145244,5783.77554276513,5511.68357315644
"r_species.id.phy[Gammarus_lacustris_ott596813,Intercept]",1.0005417354168,5636.94421471796,5558.08605443049
"r_species.id.phy[Gammarus_fossarum_ott596815,Intercept]",1.00031220632124,5709.0354869378,5333.68570952582
"r_species.id.phy[Gammarus_pulex_gallicus_ott1024016,Intercept]",1.00021086517875,5758.46638426037,5355.23376789508
"r_species.id.phy[Dikerogammarus_villosus_ott735765,Intercept]",1.00032878461246,5895.51581832613,5555.0014707736
"r_species.id.phy[Echinogammarus_margalefi_ott2982674,Intercept]",1.00032103347952,5869.20456835144,5162.97744980913
"r_species.id.phy[Jesogammarus_suwaensis_ott716982,Intercept]",1.00034554027362,6016.94725051165,5659.31335356963
"r_species.id.phy[Eogammarus_oclairi_ott38845,Intercept]",1.00028626247596,6003.15032036374,5517.83731459642
"r_species.id.phy[Hyalella_castroi_ott2983743,Intercept]",1.00057912107138,5606.25624037182,4983.43278466097
"r_species.id.phy[Hyalella_longistilus_ott2983719,Intercept]",1.00070474065097,5140.70458788362,4720.51747264381
"r_species.id.phy[Hyalella_pleoacuta_ott2983724,Intercept]",1.00080329455669,5580.31835925998,4956.82755610858
"r_species.id.phy[Hyalella_azteca_ott648347,Intercept]",1.00049753767865,5696.72290043614,5152.74042116762
"r_species.id.phy[Paracalliope_fluviatilis_ott17810,Intercept]",1.00042527516912,6172.46710294484,5303.11771905413
"r_species.id.phy[Caprella_penantis_ott1062,Intercept]",1.00045087654839,6354.90134897394,5494.63029938067
"r_species.id.phy[Jaera_albifrons_ott907479,Intercept]",1.00039941294828,6211.48747245181,5902.62380228411
"r_species.id.phy[Jaera_ischiosetosa_ott2999326,Intercept]",1.00032233043063,6195.03299181491,5895.17898777819
"r_species.id.phy[Jaera_nordmanni_ott619333,Intercept]",1.00034507549762,6229.34385671766,5573.50874143118
"r_species.id.phy[Jaera_istri_ott2999332,Intercept]",1.00038918094629,6237.17698331555,6331.76782689209
"r_species.id.phy[Jaera_italica_ott2999323,Intercept]",1.00046243122433,6214.017308548,5756.77388417269
"r_species.id.phy[Asellus_aquaticus_ott335971,Intercept]",1.00041355084156,6176.27279819588,5656.30023350727
"r_species.id.phy[Caecidotea_intermedia_ott3000549,Intercept]",1.00030510663969,6189.48034238459,5749.95217932348
"r_species.id.phy[Thermosphaeroma_thermophilum_ott2996425,Intercept]",1.00029737493108,6345.25061914686,5754.12366642765
"r_species.id.phy[Idotea_baltica_ott788883,Intercept]",1.00044655730911,6415.6958090194,5872.06092232955
"r_species.id.phy[Limnadia_badia_ott746551,Intercept]",1.00081523300051,6663.31415322837,6146.2046924346
"r_species.id.phy[Artemia_salina_ott558087,Intercept]",1.00081381827397,6699.90262797402,6647.46426152763
"r_species.id.phy[Artemia_franciscana_ott59094,Intercept]",1.0005636757814,6693.77030283406,6254.72686620696
"r_species.id.phy[Phidippus_clarus_ott670208,Intercept]",1.00092946963055,6016.90161529704,6242.73270967707
"r_species.id.phy[Agelena_limbata_ott980314,Intercept]",1.00133687330985,6065.98336878902,6247.98868778264
"r_species.id.phy[Nephila_clavata_ott997305,Intercept]",1.00091168785516,6216.5471006624,7084.56340209134
"r_species.id.phy[Argiope_bruennichi_ott1043550,Intercept]",1.00113153214881,6173.47252568077,7204.88420925045
"r_species.id.phy[Zygiella_x-notata_ott504327,Intercept]",1.00086571172106,6237.71643636092,7627.51023451642
"r_species.id.phy[Manogea_porracea_ott3571931,Intercept]",1.00110411787548,6196.76585466578,7680.41163748347
"r_species.id.phy[Metellina_segmentata_ott1043563,Intercept]",1.00097485724548,6266.98557779979,7249.08144038099
"r_species.id.phy[Limulus_polyphemus_ott511973,Intercept]",1.00086661415054,6236.95620885141,7101.4687500154
"r_species.id.phy[Arianta_arbustorum_styriaca_ott69183,Intercept]",1.00050632829033,5102.90108637331,4616.10782236264
"r_species.id.phy[Helix_pomatia_ott349693,Intercept]",1.00039941134434,5064.0237863053,4863.77653755085
"r_species.id.phy[Bradybaena_pellucida_ott5517787,Intercept]",1.00041933206892,5040.64926575818,4592.65580114955
"r_species.id.phy[Achatina_fulica_ott997087,Intercept]",1.00057068009856,5057.71921074296,4573.65735437371
"r_species.id.phy[Succinea_putris_ott1001375,Intercept]",1.00053496490584,5053.79148881936,4391.32998194093
"r_species.id.phy[Veronicella_sloanii_ott2883248,Intercept]",1.00057365590455,4139.29107871026,3715.19191426461
"r_species.id.phy[Vaginulus_sloanii_ott2883243,Intercept]",1.00050291202672,4127.5555768493,3800.20237602291
"r_species.id.phy[Radix_lagotis_ott913868,Intercept]",1.00043157063229,6064.4050836832,5938.52473212097
"r_species.id.phy[Radix_auricularia_ott274226,Intercept]",1.00033083086405,6034.30072231615,5692.81621155849
"r_species.id.phy[Lymnaea_stagnalis_ott844828,Intercept]",1.00030206443912,6043.80844546116,5732.41897609194
"r_species.id.phy[Physella_acuta_ott55904,Intercept]",1.00031726072914,5951.76457738012,6111.65922871881
"r_species.id.phy[Siphonaria_capensis_ott20369,Intercept]",1.00035660335618,5597.25849533851,4872.85081240336
"r_species.id.phy[Siphonaria_gigas_ott68145,Intercept]",1.00020434338503,5660.57588911756,5021.43865031718
"r_species.id.phy[Aplysia_kurodai_ott925102,Intercept]",1.00040374151829,6238.70909474534,7185.83123671437
"r_species.id.phy[Aplysia_californica_ott51009,Intercept]",1.00041658579334,6208.74021710065,6984.98575190924
"r_species.id.phy[Aplysia_vaccaria_ott640603,Intercept]",1.00033052653843,6255.46799669716,7496.04502836128
"r_species.id.phy[Bulla_gouldiana_ott848010,Intercept]",1.00027409976429,6290.34854531267,7636.80466854543
"r_species.id.phy[Felimare_zebra_ott2875381,Intercept]",1.00062998513303,6025.76174790511,5747.55770089719
"r_species.id.phy[Littoraria_ardouiniana_ott343155,Intercept]",1.00074249968078,6009.23281062024,5865.53432239777
"r_species.id.phy[Littoraria_flava_ott343147,Intercept]",1.0007765252222,6036.24091533893,6043.98217458303
"r_species.id.phy[Littoraria_melanostoma_ott867812,Intercept]",1.00092096298158,5961.52628707928,5967.32582688657
"r_species.id.phy[Littorina_littorea_ott622242,Intercept]",1.00084431924167,6047.82598805299,6406.01006284533
"r_species.id.phy[Littorina_saxatilis_ott182096,Intercept]",1.00074125684182,6003.15144778686,6500.64601866694
"r_species.id.phy[Echinolittorina_radiata_ott480056,Intercept]",1.00068668389455,6054.56633921331,6116.48993807885
"r_species.id.phy[Buccinanops_globulosus_ott440289,Intercept]",1.00092371215386,6143.32533020423,6385.27057200865
"r_species.id.phy[Lumbricus_terrestris_ott316441,Intercept]",1.00052734762594,6272.99462732096,7037.22757153539
"r_species.id.phy[Eisenia_fetida_ott316451,Intercept]",1.00071218454139,6266.11596052918,6839.64964116755
"r_species.id.phy[Dugesia_sp_06_MR-2009_ott859610,Intercept]",1.00083975768739,6362.16669498341,5778.2073529985
"r_species.id.phy[Dugesia_gonocephala_ott807701,Intercept]",1.0009121297378,6370.00652879691,5619.78540495506
"r_study.id[Adams.and.Greenwood.1983,Intercept]",1.00050885240908,20154.3339467171,10920.9795089444
"r_study.id[Adams.et.al..1985a,Intercept]",1.00005983462613,14953.8639278399,12181.7141054267
"r_study.id[Adams.et.al..1985b,Intercept]",0.999869080363854,12747.5219262327,11995.3306288943
"r_study.id[Ahmad.et.al.1985,Intercept]",1.00015206536068,16521.8366094331,10947.0323520135
"r_study.id[Ajala.et.al..2011,Intercept]",1.00010532066484,23410.9731088944,12495.1203525413
"r_study.id[Al-Kandari.et.al...2002,Intercept]",1.00015514976558,16463.1605218297,11403.9117406924
"r_study.id[Alcantara.et.al..2007,Intercept]",1.00029036803685,20281.4110742201,12195.4421362747
"r_study.id[Alcock.and.Hadley.1987,Intercept]",1.00044809223538,21104.0152944163,12284.4720686224
"r_study.id[Alonzo.et.al..2001,Intercept]",1.00022106054229,21083.4738338999,11757.5111591872
"r_study.id[Angeloni.and.Bradbury.1999,Intercept]",1.00064817685425,11440.0370007637,11614.2117316709
"r_study.id[Angeloni.et.al..2003,Intercept]",1.00023773403187,17182.5583330594,11667.4156283051
"r_study.id[Annest.et.al..1983,Intercept]",1.00042908538741,20302.6877376554,11195.3793406158
"r_study.id[Apanius.and.Nisbet.2006,Intercept]",1.00026322337271,22108.8223149867,12450.0316122672
"r_study.id[Arak.1988,Intercept]",1.00041668709636,20744.1887592305,12351.3874042194
"r_study.id[Arnqvist.1996,Intercept]",1.00033081537685,7100.76800619231,10608.8288261631
"r_study.id[Arntzen.1999,Intercept]",1.00054774029982,15739.2392823652,12161.2700058514
"r_study.id[Avaca.et.al..2012,Intercept]",1.00013165101183,13706.2460532408,11234.3773880394
"r_study.id[Awata.and.Kohda.2004,Intercept]",1.00029528673361,13134.7239801919,12255.7503585847
"r_study.id[Baeza.and.Diaz-Valdes.2011,Intercept]",1.00017977959663,17519.0199790917,10508.5270481967
"r_study.id[Baeza.et.al..2011,Intercept]",1.00013423608616,16163.3689600304,11559.8137826366
"r_study.id[Baeza.et.al..2013,Intercept]",1.00031170808907,18412.7784535713,12463.8315237905
"r_study.id[Baldwin.and.Damon.1973,Intercept]",1.00032684479087,13111.3525595087,12125.3500107041
"r_study.id[Barquero.and.Hilfe.2017,Intercept]",0.99993965499008,18847.8296645747,11277.4642339587
"r_study.id[Baruch.et.al..2017,Intercept]",1.00006336999821,17039.1219874625,11958.3789089595
"r_study.id[Basto-Riascos.et.al..2017,Intercept]",1.00086746662967,23348.0685112533,10886.0307979659
"r_study.id[Bastos.and.Haddad.1996,Intercept]",0.99993187240661,16125.5503276578,12307.8548793358
"r_study.id[Bastos-Pereira.and.Bueno.2016,Intercept]",1.00107600875451,2144.80530075615,2872.36149389468
"r_study.id[Baur.1992,Intercept]",1.00001632671845,12176.5303613204,12514.3777455251
"r_study.id[Baxter.1997,Intercept]",1.00027079916467,17381.800950129,12338.5707789317
"r_study.id[Beaulieu.et.al..2010,Intercept]",1.0000572755907,21947.993907996,11404.9598092177
"r_study.id[Becker.et.al..2012,Intercept]",1.00015074450442,20251.1996742382,11005.9782719273
"r_study.id[Beeching.and.Hopp.1999,Intercept]",1.00017450732928,15679.5161352317,9909.1853891766
"r_study.id[Beeching.et.al..2004,Intercept]",1.00038333981095,24210.4089929746,11974.8832981835
"r_study.id[Bel-Venner.et.al..2008,Intercept]",1.00031746898578,15691.1978628188,11738.8678702267
"r_study.id[Benvenuto.et.al..2009,Intercept]",1.00022533753697,17095.9863038036,11815.3594433801
"r_study.id[Bernstein.and.Bernstein.1999,Intercept]",1.00035758597619,10212.2663284757,11569.892469277
"r_study.id[Bernstein.and.Bernstein.2003,Intercept]",0.999976310726099,8398.87469745162,10857.9431967661
"r_study.id[Berven.1981,Intercept]",1.00003509335732,13347.6160702594,11515.233300994
"r_study.id[Berzins.et.al..2009,Intercept]",1.00018787948796,13665.036332687,11774.9024459954
"r_study.id[Bionda.et.al..2011,Intercept]",1.00035627724366,13861.8848965468,10591.9566057109
"r_study.id[Birkhead.and.Clarkson.1980,Intercept]",1.00015710719251,11312.4333071846,11494.2159631489
"r_study.id[Boag.1983,Intercept]",1.00034474401823,8728.43298732146,10566.4804616189
"r_study.id[Boag.and.Grant.1978,Intercept]",1.00013336389942,9935.12679555505,11673.3084619807
"r_study.id[Boas.1903,Intercept]",1.00029455995789,26141.140369101,12703.3864655281
"r_study.id[Boland.et.al..2004,Intercept]",1.00027330463399,16377.58898011,12717.6664856337
"r_study.id[Boll.and.Linsenmair.1998,Intercept]",1.00086565699575,19519.4202706683,10122.0876633454
"r_study.id[Bollache.and.Cezilly.2004,Intercept]",1.00012134018663,12840.4626094496,10830.3395502322
"r_study.id[Bond.et.al..2016,Intercept]",0.99992691005599,15385.5039507131,11201.9474537356
"r_study.id[Bortolotti.and.Iko.1992,Intercept]",1.00036835953878,14601.1711281512,12760.7012769442
"r_study.id[Botton.and.Loveland.1992,Intercept]",1.00042997660526,9907.48083311432,10088.1396241009
"r_study.id[Bourgeois.et.al..2014,Intercept]",1.00022769646858,11411.1353182723,11358.678552122
"r_study.id[Bourne.1993,Intercept]",1.00007605935654,9043.40841157274,9848.32184099284
"r_study.id[Bowcock.et.al..2013,Intercept]",1.00006713670169,16338.9302887376,12088.7821173399
"r_study.id[Bowman.1987,Intercept]",1.00095711171326,17810.7469116741,11406.8289632225
"r_study.id[Briggs.2007,Intercept]",0.999855624834171,13339.4379906299,12355.2519389192
"r_study.id[Brown.1990,Intercept]",1.00018955017056,15073.6175447286,12591.6871577032
"r_study.id[Brown.1993,Intercept]",1.00016334998957,14979.9515311697,12670.1998553068
"r_study.id[Burgess.and.Wallin.1944,Intercept]",1.00032453448141,21875.2973916457,11688.6445687641
"r_study.id[Byard.et.al..1985,Intercept]",1.00016935419331,22145.7925422694,12374.1739329549
"r_study.id[Byard.et.al..1989,Intercept]",1.00029977309205,19540.417042506,11626.7849891835
"r_study.id[C?te.and.Hunte.1989,Intercept]",1.00023609919528,14774.5010272844,9570.19215608626
"r_study.id[Cardoso.et.al..2007,Intercept]",1.00040868364294,16461.739954911,12171.1580900509
"r_study.id[Castiglioni.and.Bond-Buckup.2008,Intercept]",1.0004853078682,13005.28738812,13020.6754883779
"r_study.id[Catry.et.al..1999,Intercept]",0.999931463596122,15387.9763268098,12413.2544275768
"r_study.id[Chaine.and.Angeloni.2005,Intercept]",0.999986437193416,14766.4110252328,12141.6797860149
"r_study.id[Chajma.and.Vojar.2016,Intercept]",1.00023801975109,20805.2471746363,11046.1165488948
"r_study.id[Chardine.and.Morris.1989,Intercept]",1.00048627084016,14594.5749726262,12667.1972232036
"r_study.id[Chen.and.Lu.2011,Intercept]",1.00001843746726,17693.7769966705,13128.627524573
"r_study.id[Chen.et.al..2011,Intercept]",1.00034784456217,12088.2893245993,10831.571895544
"r_study.id[Christensen.and.Kleindorfer.2007,Intercept]",1.00002648598397,15004.2838456029,12049.4687136785
"r_study.id[Christy.1983,Intercept]",1.00026215652054,17963.0778433199,12685.1250401053
"r_study.id[Chrzastek-Spruch.1979,Intercept]",1.0005735472498,22443.5809916665,11247.1341900025
"r_study.id[Clark.and.Backwell.2016,Intercept]",1.00004678661635,19736.95131471,12526.7744941406
"r_study.id[Clarke.and.Fields.2013,Intercept]",1.00161517194122,1512.98936817988,2336.38361253067
"r_study.id[Cogalniceanu.et.al..2013,Intercept]",1.00069043939434,14062.5384074232,12155.2621058264
"r_study.id[Comeau.et.al..1998,Intercept]",1.0003021154887,12172.5103736657,11996.53642745
"r_study.id[Cordeiro.et.al..2016,Intercept]",1.00006264010288,20549.7128873758,10672.5603098612
"r_study.id[Cornet.et.al..2012,Intercept]",1.00001368536118,15300.6292958962,11571.4531239142
"r_study.id[Coulter.1986,Intercept]",1.00016160234897,11948.8274785957,9960.66776157196
"r_study.id[Crespi.1989,Intercept]",1.00035799248713,13119.3448301161,12450.2630269097
"r_study.id[Crognier.1973,Intercept]",0.999922302064852,17535.5362547658,11736.2934048459
"r_study.id[Crozier.1918,Intercept]",1.00049231872749,11449.0873482669,11248.1490362158
"r_study.id[Crozier.and.Snyder.1923,Intercept]",1.00047142741414,3904.04227417335,6890.94746267958
"r_study.id[Cuadrado.1999,Intercept]",1.00035420389297,12591.1959816023,10548.2513796956
"r_study.id[Dalmia.and.Lawrence.2001,Intercept]",0.999947012490596,14932.802570999,11119.8657805648
"r_study.id[Dasgupta.et.al..1997,Intercept]",1.00117079580851,21936.9726927078,11064.7875241631
"r_study.id[Davenport.1917,Intercept]",1.00020783688967,22910.6208182527,12282.2288594544
"r_study.id[Davies.and.Halliday.1977,Intercept]",1.00027933159461,18012.24247668,10238.1014607018
"r_study.id[Delestrade.2001,Intercept]",1.00039968676157,13664.0545323139,12299.8569521751
"r_study.id[Desjardins.et.al..2011,Intercept]",0.999988162980844,18850.6174504248,12294.1803845337
"r_study.id[Detto.and.Backwell.2009,Intercept]",1.0001478408182,15662.803483704,11374.658273852
"r_study.id[Devin.et.al..2004,Intercept]",1.00008451488821,14998.1881257651,12807.7360169089
"r_study.id[Devlin.et.al..2004,Intercept]",1.0000914368978,13259.1129114539,11250.6183339318
"r_study.id[DeWitt.1996,Intercept]",1.00006568060827,12634.0454419959,11538.841132093
"r_study.id[Dias.et.al..2017,Intercept]",1.00010430101564,22631.2572812261,12019.8588922118
"r_study.id[Dick.and.Elwood.1996,Intercept]",1.00058789799606,12939.936566245,12458.1967113626
"r_study.id[Diesel.1988,Intercept]",0.999991621204821,16069.7775583405,11181.3980815934
"r_study.id[Dillen.et.al..2010,Intercept]",1.00048973095316,22042.7181381666,12988.6704641865
"r_study.id[Diniz.et.al..2016,Intercept]",0.999892964287721,15170.9757794722,11509.6771784115
"r_study.id[Dittrich.et.al..2018,Intercept]",1.00017967763916,10140.8685787467,11733.0750269833
"r_study.id[Dobson.et.al..2011,Intercept]",1.00036582270909,14482.2120617265,11856.6462306813
"r_study.id[Dodson.and.Marshall.1984,Intercept]",0.999986850870302,12641.7943353251,11512.4125183216
"r_study.id[Dybas.and.Lloyd.1962,Intercept]",1.00020067943567,10929.9746039389,10353.9701938136
"r_study.id[Dyson.et.al..1992,Intercept]",1.0001519527921,16514.3791611266,11275.1208533068
"r_study.id[Eaves.et.al..1999,Intercept]",1.00001899547183,24814.684072887,11343.0857345961
"r_study.id[Eckman.et.al..2002,Intercept]",1.00056999919138,15131.2535495812,11963.5026239395
"r_study.id[Einoder.et.al..2008,Intercept]",1.00014305329549,10004.0740879512,10589.2395183049
"r_study.id[Ellis.and.Bercovitch.2011,Intercept]",1.00028523416706,17840.2064671097,12455.302356906
"r_study.id[Ellis.et.al..2007,Intercept]",1.0005687080188,14018.9070055866,10483.1791099085
"r_study.id[Elmberg.1991,Intercept]",1.00031530318461,9808.5204890781,10917.2523868234
"r_study.id[Enders.1995,Intercept]",1.00029409815728,15569.4412298616,12573.7152321171
"r_study.id[Fairbairn.1988,Intercept]",1.00001502691048,9434.46663252666,11975.0213032423
"r_study.id[Fan.et.al..2013,Intercept]",1.0004231414521,15634.8727398483,11856.514743804
"r_study.id[Fauchier.and.Thomas.2001,Intercept]",0.999992539596306,6857.24771676292,9489.06271596004
"r_study.id[Fazhan.et.al..2017,Intercept]",1.0007785757918,13612.0383522136,12123.5076700202
"r_study.id[Forbes.et.al..1992,Intercept]",1.00031461541657,14624.0063871343,12020.9827237157
"r_study.id[Forero.et.al..2001,Intercept]",1.00008529012706,12745.467242636,12201.1180379362
"r_study.id[Franceschi.et.al..2010,Intercept]",1.00013855285496,16598.282980775,11628.7284833798
"r_study.id[French.et.al..2015,Intercept]",1.00026068049967,15359.551994379,11563.0372811224
"r_study.id[Frey.et.al..1998,Intercept]",1.00021442322725,15097.1885059803,11368.3046412884
"r_study.id[Friedl.and.Klump.2005,Intercept]",1.0003102024325,7573.89906859615,8812.69838350776
"r_study.id[Furusho.1961,Intercept]",1.00047831729386,18251.8315272099,11191.6301996264
"r_study.id[Gagliardi-Seeley.and.Itzkowitz.2006,Intercept]",1.00019883652898,11632.5546470978,11222.7928330217
"r_study.id[Galipaud.et.al..2015,Intercept]",1.00003025313995,12620.4907681732,11724.3794426645
"r_study.id[Galligan.and.Kleindorfer.2010,Intercept]",1.00010131935458,16760.2653827542,10582.470703919
"r_study.id[Garcia-Navas.et.al..2009,Intercept]",1.00003676951373,10129.6350302982,10835.1641699383
"r_study.id[Garn.et.al..1979,Intercept]",1.00022692373345,21504.8718376153,12376.1502042522
"r_study.id[Gatz.1981,Intercept]",1.00025719564474,25963.6506994678,11771.6510234564
"r_study.id[Genna.1941,Intercept]",1.00000491435686,23476.6275385488,12145.8245280431
"r_study.id[Gerhardt.1982,Intercept]",1.00038972977808,19388.6532862577,11835.8595123969
"r_study.id[Gerhardt.et.al..1987,Intercept]",1.00015252005809,14440.3754185614,11994.3231721346
"r_study.id[Ginsburg.et.al..1998,Intercept]",1.00011453296575,13671.8018532433,11753.7075940713
"r_study.id[Godoy.et.al..2008,Intercept]",0.999915049205124,24354.3372462107,12161.3393490909
"r_study.id[Godwin.and.Roble.1983,Intercept]",1.0003737094702,14090.2422009025,10614.0308771688
"r_study.id[Gould.and.Wilson.2015,Intercept]",1.00018458676197,10974.2430317581,10137.529506954
"r_study.id[Graham.et.al..2015,Intercept]",0.999962823578231,10435.173885747,9622.71297837489
"r_study.id[Gramapurohit.and.Radder.2012,Intercept]",0.999937097683065,16432.3592510091,12594.1925666839
"r_study.id[Grant.and.Grant.2008,Intercept]",1.00031288109091,15546.44167439,11466.9297123881
"r_study.id[Green.2014,Intercept]",1.00003117105037,14871.9655853389,11777.9630289602
"r_study.id[Greenspan.1980,Intercept]",1.00015508603341,21938.6105150608,11468.5117571741
"r_study.id[Greenwood.and.Adams.1984,Intercept]",1.00045731514566,16462.6224566424,12084.0068915932
"r_study.id[Groth.1993,Intercept]",1.00034202274596,3757.92900398612,5441.91599832085
"r_study.id[Gunnarsson.et.al..2012,Intercept]",1.00008274376423,10221.3500860354,8080.61370401449
"r_study.id[Gunzburger.2006,Intercept]",1.00031733421324,20206.1414906038,11652.5022804834
"r_study.id[Haggerty.2006,Intercept]",1.00018346013948,19968.9667548578,12118.9483211734
"r_study.id[Hammouda.et.al..2016,Intercept]",0.999994341368804,14792.8372585524,12585.7551065561
"r_study.id[Han.et.al..2010,Intercept]",1.00038058695786,15263.7423118765,12234.0284731735
"r_study.id[Hanks.et.al..1996,Intercept]",1.00001191444879,20021.2817844102,13169.2245115051
"r_study.id[Harari.et.al..1999,Intercept]",1.00025405836933,7186.66730365093,8176.73223517485
"r_study.id[Hargeby.and.Erlandsson.2006,Intercept]",1.00001409317962,14017.178178969,11955.4640103088
"r_study.id[Harris.and.Govaerts.1922,Intercept]",1.0012236303494,20704.9355405349,11639.3519901002
"r_study.id[Harrison.2013,Intercept]",1.00051864413911,18809.0176706635,11893.5216748469
"r_study.id[Harrison.et.al..1976,Intercept]",1.00034757809924,11591.4364749772,12096.7719852564
"r_study.id[Hase.and.Shimada.2014,Intercept]",1.0001258473071,12863.1591176924,11591.7915994035
"r_study.id[Hasegawa.and.Arai.2013,Intercept]",1.00001363467162,15237.8725503923,12893.882856863
"r_study.id[Hattori.and.Yanagisawa.1991,Intercept]",1.00034063712228,17162.7048066079,11465.0024446735
"r_study.id[Hedenstrom.1987,Intercept]",0.999954079047133,14140.2177826245,11639.5154131831
"r_study.id[Hedge.and.Krishna.1997,Intercept]",1.00029912109055,7880.01275393603,8876.63765116894
"r_study.id[Helfenstein.et.al..2004,Intercept]",1.00014703980794,6294.80551307498,7218.41414717902
"r_study.id[Hernandez.et.al..2012,Intercept]",1.00035195730543,10071.6418959451,10070.4683148351
"r_study.id[Hettyey.et.al..2005,Intercept]",0.999973313322531,10196.0392168735,10075.2669250431
"r_study.id[Heude.et.al..2005,Intercept]",1.00042510214737,17529.0091181965,11635.5633946507
"r_study.id[Hieber.and.Cohen.1983,Intercept]",1.00013524477643,12755.9173813233,12524.2635128304
"r_study.id[Hill.et.al..1976,Intercept]",1.00000226794946,24319.1724372371,10847.9931414496
"r_study.id[Hisore.1995,Intercept]",1.00003687700148,15176.0976572873,10969.1255746373
"r_study.id[Hoefler.et.al..2007,Intercept]",1.00005898039237,17411.4374612525,11091.3907051262
"r_study.id[Hofmann.and.Henle.2006,Intercept]",1.00001723022179,19593.6022750399,12958.9252229542
"r_study.id[Howard.1980,Intercept]",1.00042053420417,21075.6252548405,10743.2184310158
"r_study.id[Howard.et.al..1994,Intercept]",1.00026928884443,5387.41586743343,7111.82531653402
"r_study.id[Huber.et.al..2007,Intercept]",1.0001227322655,8727.2444546379,10565.9486667815
"r_study.id[Hughes.1996,Intercept]",1.0003337303385,4799.07212360801,6962.19276952406
"r_study.id[Hume.et.al..2002,Intercept]",1.00036265906018,18901.4716775583,11327.1385513964
"r_study.id[Hur.2003,Intercept]",0.999972917186744,15989.8662535192,10909.8218246151
"r_study.id[Hutchinson.and.Byard.1987,Intercept]",1.00055120594487,19285.2867808171,11124.4365203638
"r_study.id[Indykiewicz.et.al..2017,Intercept]",1.00048209979501,12715.7589777534,12207.6340761877
"r_study.id[Iribarne.1996,Intercept]",1.0001215448718,13559.6378869632,12065.6874845668
"r_study.id[Ito.and.Wada.2006,Intercept]",0.999997152495859,15090.1594472244,11047.5851728611
"r_study.id[Jacobson.and.Vandenberg.1991,Intercept]",0.999981047555463,18094.1745352287,12282.2359898595
"r_study.id[Janzen.and.Brodie.1989,Intercept]",0.999983684247284,10288.65886434,10607.4664895391
"r_study.id[Jensen.2011,Intercept]",1.00159300350364,2526.86860059409,3718.96525435929
"r_study.id[Johannesson.et.al..1995,Intercept]",1.00039901249793,13259.6995489261,12037.3134713516
"r_study.id[Johnson.1983,Intercept]",1.00030604956456,17931.0508431578,12197.9442684104
"r_study.id[Johnson.1999,Intercept]",1.0001419266663,23206.6444001391,11215.9160929427
"r_study.id[Johnston.1970,Intercept]",1.00029451036976,17372.8240616525,11392.6719582888
"r_study.id[Johnston.and.Johnston.1989,Intercept]",1.00034147530018,15114.1724161203,12475.9581434743
"r_study.id[Jones.and.Montgomerie.1991,Intercept]",1.00006754538082,18626.0297189875,11837.4250954727
"r_study.id[Jones.et.al..2003,Intercept]",0.99995807574093,18515.4688558881,12566.3869068673
"r_study.id[Jones.et.al..2012,Intercept]",1.00067566498528,2970.51684579819,3841.69463931567
"r_study.id[Jormalainen.et.al..1992,Intercept]",1.0002067972519,10724.3918616862,11418.3782034497
"r_study.id[Juliano.1985,Intercept]",1.00016402637876,16578.4562124318,12713.1688734033
"r_study.id[Kasuya.1985,Intercept]",1.00016293086258,8617.90061827753,8751.89230920077
"r_study.id[Kaur.and.Singh.1981,Intercept]",0.999908008649344,17034.4948266122,11755.67095437
"r_study.id[Keller.et.al..2013,Intercept]",1.00035529192537,24085.7118310923,11535.4782892401
"r_study.id[Kelly.2014,Intercept]",1.00025158931706,18732.9206652672,12953.8655962438
"r_study.id[Kelly.et.al..2010,Intercept]",1.00005711904225,14246.1386168954,12458.7021523265
"r_study.id[Kemp.2006,Intercept]",1.00016177242121,15736.2410206687,12722.6538741522
"r_study.id[Kemp.2008,Intercept]",1.00017868360442,16345.6250088727,13442.7589769859
"r_study.id[Kim.et.al..2006,Intercept]",1.0001389557493,14528.9605814621,10168.9262593583
"r_study.id[Kimura.et.al..2015,Intercept]",1.00070506302563,17871.5021031161,11939.5554911419
"r_study.id[Knox.and.Scott.2006,Intercept]",1.00134056819352,2171.89918320344,2979.61659880815
"r_study.id[Knuiman.et.al..2005,Intercept]",1.00027382077019,21605.8837837637,11405.5139599768
"r_study.id[Koene.et.al..2007,Intercept]",1.00019455511916,11292.8826737373,9752.70293533133
"r_study.id[Koga.et.al..2010,Intercept]",1.00032809092305,20966.2427815159,11734.7632090055
"r_study.id[Kokita.and.Nakazono.1998,Intercept]",1.00018950777544,19419.9868556045,11688.5071908471
"r_study.id[Kolliker.et.al..1999,Intercept]",1.00009634831404,17161.6308341828,10932.3900967477
"r_study.id[Kolm.2002,Intercept]",1.00077709399338,16045.9165650684,9313.89477684675
"r_study.id[Komdeur.et.al..2005,Intercept]",1.00009984405935,13146.3849087817,12531.1118287221
"r_study.id[Kraus.and.Lederhouse.1983,Intercept]",1.00012327153051,16509.9269109994,12895.9206677403
"r_study.id[Kruse.1981,Intercept]",1.00008858469513,20165.2096934369,11769.1751589781
"r_study.id[Kusano.1992,Intercept]",0.999937112102578,13978.4792920117,12105.1656449893
"r_study.id[Lanuza.et.al..2012,Intercept]",0.999917792994512,24595.2261120171,12287.3196931451
"r_study.id[Larsson.1988,Intercept]",1.00019679049322,10365.6358531873,10912.1437279024
"r_study.id[Laubu.et.al..2017,Intercept]",1.00012831214123,16577.0012034269,11373.3685013106
"r_study.id[Ledwon.2011,Intercept]",1.00029424381352,14033.1834808007,12566.9005205246
"r_study.id[Lee.and.Crump.1981,Intercept]",1.00010474480868,17061.7406228023,11825.5884984232
"r_study.id[Lee.and.Park.2009,Intercept]",1.00024341310959,13047.1721387428,12038.8281388063
"r_study.id[Lee.and.Salzburg.1989,Intercept]",1.00011719241817,18801.0840322578,11797.3367938617
"r_study.id[Lefebvre.et.al..2005,Intercept]",1.0001209586091,13058.4008306124,11452.7043683303
"r_study.id[Lessells.and.Ovenden.1989,Intercept]",1.00009987262997,14246.2471251238,13270.3640454198
"r_study.id[Li.et.al..2015,Intercept]",1.00012731363689,13435.2031712971,11592.1722131104
"r_study.id[Liao.and.Lu.2011,Intercept]",1.00062306362658,12276.2418932264,11743.1768304146
"r_study.id[Liao.and.Lu.2012,Intercept]",1.00046468910885,13531.612994255,11209.8475167688
"r_study.id[Lii.et.al..2017,Intercept]",1.0000856653619,19230.1450119676,12026.6932356872
"r_study.id[Lindstrom.1992,Intercept]",1.00037922880436,21437.2816226118,10876.2487565022
"r_study.id[Liu.and.Sun.2016,Intercept]",0.999962993479141,13597.0417262411,13153.6406009239
"r_study.id[Liu.and.Sun.2018,Intercept]",1.00009337909069,13537.3636161144,12595.9768882843
"r_study.id[Lizana.et.al.1994,Intercept]",1.00000268512386,22970.0398809924,12147.3531887096
"r_study.id[Lombardo.et.al..2013,Intercept]",1.00005691863005,18968.5152679421,12541.5422260262
"r_study.id[Lou.et.al..2016,Intercept]",1.00024337492657,14859.3287512399,11713.166206403
"r_study.id[Lu.et.al..2009,Intercept]",1.00048184984437,9872.26794077779,11453.4738108325
"r_study.id[Lu.et.al..2010,Intercept]",1.00037307656249,18143.9296325293,10843.6172278187
"r_study.id[Lu.et.al..2013,Intercept]",1.00037169462489,12716.9480492561,10842.9015169681
"r_study.id[Lu.et.al..2016,Intercept]",1.00001781802365,13886.8972499991,12285.7489017618
"r_study.id[Luo.et.al..1998,Intercept]",0.99997279888833,24134.6121120997,12195.0879127646
"r_study.id[Luo.et.al..2014,Intercept]",1.00028375379756,4221.74081733285,6823.33413896271
"r_study.id[MacDougall.and.Montgomerie.2003,Intercept]",1.00005863849261,15916.4946090229,10993.9121851568
"r_study.id[Maekawa.et.al..1994,Intercept]",1.00037025327891,16444.6282421441,11707.0249462668
"r_study.id[Maige.et.al..2012,Intercept]",1.00043598993321,15751.1787322389,11487.2705360933
"r_study.id[Malina.et.al..1983,Intercept]",1.00005913109925,22735.2780434497,11458.3173732183
"r_study.id[Marco.and.Lizana.2002,Intercept]",1.00037627160047,21806.870734085,11239.1335411188
"r_study.id[Marquez.1993,Intercept]",1.00028612004641,19552.6042509167,12207.7299733774
"r_study.id[Martin.2013,Intercept]",1.00014216339551,13508.5004338314,12548.9218055021
"r_study.id[Marzluff.and.Balda.1988,Intercept]",1.00014256612217,14271.9789672052,11162.4218804206
"r_study.id[Mascie-Taylor.1987,Intercept]",0.999950328746565,21752.1115723297,11963.1827610151
"r_study.id[Mason.1972,Intercept]",1.0002473797634,10887.8656590207,12041.4047167579
"r_study.id[Masumoto.1999,Intercept]",1.00004110360033,13218.6083644726,10036.5948010448
"r_study.id[McCauley.and.Wade.1978,Intercept]",1.00017267332526,16185.4099576133,11672.9097108804
"r_study.id[McKaye.1986,Intercept]",1.00040866263881,4625.19550433614,7715.46325200058
"r_study.id[McKaye.et.al..2010,Intercept]",1.00014014662156,7132.24231671829,8259.67655886935
"r_study.id[McLain.1982,Intercept]",0.999952745708529,13687.5934118281,10264.2948991964
"r_study.id[McLain.1985,Intercept]",1.00017652849518,9735.8514747076,10778.6245553229
"r_study.id[McLain.1988,Intercept]",1.00000552280221,11879.6406823918,12839.0862546465
"r_study.id[McLain.and.Boromisa.1987a,Intercept]",1.00008373778778,12581.9307943946,12463.2038444588
"r_study.id[McLain.and.Boromisa.1987b,Intercept]",1.00039683061244,12599.9942256375,10794.5877286735
"r_study.id[McLain.and.Shure.1987,Intercept]",1.00034312094163,11902.9682048737,12811.7606540741
"r_study.id[McLain.et.al..2015,Intercept]",1.00019132783576,6516.65343772399,9442.99253386844
"r_study.id[McManus.and.Mascie-Taylor.1984,Intercept]",1.00026662644953,22606.4953528731,11533.6259295104
"r_study.id[Merila.and.Fry.1998,Intercept]",1.00009342886557,11410.1041977212,11567.8208428945
"r_study.id[Merila.and.Gustafsson.1993,Intercept]",1.00017511761878,8702.21199549132,10457.6844085039
"r_study.id[Merila.and.Sheldon.2000,Intercept]",1.00036976263603,8603.74564659421,10914.5959498743
"r_study.id[Michiels.and.Streng.1998,Intercept]",1.0000063800749,17694.460903727,12469.9925775523
"r_study.id[Michiels.et.al..2001,Intercept]",1.00025353782465,9741.57408854898,9966.02298590894
"r_study.id[Miller.et.al..2010,Intercept]",1.00041991458482,19846.4187020349,10627.2406315263
"r_study.id[Miyashita.1994,Intercept]",1.0002323023784,13507.052825485,12366.1264506995
"r_study.id[Mobley.et.al..2014,Intercept]",1.00038729428404,6414.60274059683,8772.20944111133
"r_study.id[Monroy.et.al..2005,Intercept]",1.00003262584907,17353.6614203392,12455.0974693547
"r_study.id[Moreno-Rueda.2005,Intercept]",1.00012981251405,15709.8031655363,12128.6018768087
"r_study.id[Morley.and.Balshine.2003,Intercept]",1.00011441950811,19190.1901994839,12238.0326332704
"r_study.id[Morrison.et.al..2014,Intercept]",1.0004763415666,15246.0816209715,13426.3180060523
"r_study.id[Moura.and.Gonzaga.2017,Intercept]",1.00002632751422,19654.6729060847,12677.3759258207
"r_study.id[Mueller.&.Malina.1976,Intercept]",1.00048695432049,17042.5695204863,12037.1624837958
"r_study.id[Mueller.1975,Intercept]",0.999890654254126,14695.8785077206,11476.0099756114
"r_study.id[Mukhopadhyay.2003,Intercept]",1.000243901449,18378.5403359025,11930.4340824138
"r_study.id[Murphy.2008,Intercept]",0.999933014669794,16696.118681959,12706.1793251436
"r_study.id[Nagata.1986,Intercept]",0.999963081403268,18476.6637209157,12735.4621245057
"r_study.id[Nagoshi.&.Johnson.1987,Intercept]",1.00025170311637,18865.254354081,11424.1680947983
"r_study.id[Nakayama.and.Wada.2015,Intercept]",1.00006200221038,11439.0309475065,10635.8702083824
"r_study.id[Nanami.2015,Intercept]",1.00041733052315,8816.30939267561,8872.50874431134
"r_study.id[Nance.et.al..1980,Intercept]",1.00004793509057,26152.0326822753,12438.3152892125
"r_study.id[Nava.et.al..2014,Intercept]",1.00027763709123,12070.6779491835,10918.1425465676
"r_study.id[Nava.et.al..2017,Intercept]",1.00054083864291,15153.1544768244,12083.2302976977
"r_study.id[Ng.and.Williams.2012,Intercept]",1.00010101920494,14660.0409076458,12123.3680602922
"r_study.id[Ng.and.Williams.2014,Intercept]",1.00003629070563,16506.4642817714,12714.7537766992
"r_study.id[Nicolaeff.1931,Intercept]",1.00018649029906,9200.03439671646,11126.6215571852
"r_study.id[Nisbet.et.al..2007,Intercept]",1.00045682019069,12000.6146858105,10648.0221957011
"r_study.id[Ohbayashi-Hodoki.et.al..2004,Intercept]",1.00007472640891,11425.3719609273,11212.4666158048
"r_study.id[Okada.1988,Intercept]",1.00051166991299,12341.3524336012,11483.7561465168
"r_study.id[Olsen.et.al..1998,Intercept]",1.00032017053337,8938.72212292311,9055.23244302781
"r_study.id[Olson.et.al..1986,Intercept]",1.00017922592901,13241.3804099646,12021.0335521183
"r_study.id[Olsson.1993,Intercept]",1.00021644619539,16336.2808056658,12619.5772880079
"r_study.id[Otronen.1984,Intercept]",1.00011707446701,19518.5027784768,12946.969489013
"r_study.id[Otronen.1993,Intercept]",1.00100556821712,12852.434074748,11555.6338262573
"r_study.id[Pack.et.al..2012,Intercept]",1.0003764712294,16036.3020696891,11176.979232486
"r_study.id[Pal.et.al..2006,Intercept]",1.00017163602414,11564.2409835241,11002.0276426141
"r_study.id[Partridge.et.al..1987,Intercept]",1.00041785352771,11319.3544346641,12427.0127892139
"r_study.id[Partridge.et.al..2013,Intercept]",1.0004411623035,15632.4400502043,10433.9938256204
"r_study.id[Patton.and.Robertson.1980,Intercept]",1.000301255937,18164.1077817931,11383.5441530048
"r_study.id[Pavkovic-Lucic.and.Kekic.2011,Intercept]",1.00043978878634,17742.7349048326,11303.5843762389
"r_study.id[Pavkovic-Lucic.et.al..2009,Intercept]",1.00016607905241,15818.1166497018,12405.2588172918
"r_study.id[Pearson.1896,Intercept]",1.00003121541211,21337.3778609978,10818.4614824535
"r_study.id[Pearson.1906,Intercept]",1.00058320674689,22835.7791724749,11620.3873108324
"r_study.id[Pearson.and.Lee.1903,Intercept]",1.000136832003,20526.3658413615,12111.0311105934
"r_study.id[Pennings.1991,Intercept]",1.0001573447627,12778.4895920009,10913.391614562
"r_study.id[Pennock-Roman.1984,Intercept]",1.00011001434117,13487.2151634185,10905.6437681698
"r_study.id[Pescinelli.2016,Intercept]",1.00009932285517,11812.56171677,10972.9866169851
"r_study.id[Petersen.and.Fischer.1996,Intercept]",1.00013494347778,9483.4199377023,10223.8075916522
"r_study.id[Petersson.1990,Intercept]",0.999883814585111,11959.8426054414,12645.7292078235
"r_study.id[Petrie.2007,Intercept]",1.00001506772197,17511.4015733661,11807.4736481078
"r_study.id[Pfaller.et.al..2014,Intercept]",1.0000416247796,18126.5223920495,12960.4513684495
"r_study.id[Phillips.et.al..2002,Intercept]",1.00018257667247,12669.0602688717,12142.2297983243
"r_study.id[Pieper.1981,Intercept]",1.00047385092035,6844.56726228488,10292.7461359294
"r_study.id[Pinto.and.Mayor.1986,Intercept]",1.00027967550462,13414.2945757555,11198.6878975326
"r_study.id[Plaistow.et.al..2004,Intercept]",1.00034538184845,17131.732609684,11222.6671298642
"r_study.id[Plumpton.and.Lutz.1994,Intercept]",1.0001735978469,14863.2340967407,11869.180556134
"r_study.id[Poisbleau.et.al..2006,Intercept]",1.00003991394657,16182.3516303598,11661.6188758984
"r_study.id[Pollitzer.et.al..1970,Intercept]",1.00039153521996,19793.0470052702,12134.8472628245
"r_study.id[Pomerat.1936,Intercept]",1.00013837096063,17309.4136581849,11279.0664275138
"r_study.id[Ponzo.&.Scoppa.2015,Intercept]",1.00007089916182,21153.1109892884,11966.39027236
"r_study.id[Potti.2000,Intercept]",1.00006271751946,12450.229680545,11979.9901477455
"r_study.id[Pratchett.2006,Intercept]",1.00011463981879,15797.893196705,11437.5646443991
"r_study.id[Pratt.et.al..2017,Intercept]",1.00017963009906,5470.40521952412,7097.41003824637
"r_study.id[Preston.et.al..2004,Intercept]",1.00000532383371,17267.0185383616,12498.1892113739
"r_study.id[Price.and.Vandenberg.1980,Intercept]",1.00008430838398,17147.5021948039,12103.631947663
"r_study.id[Price.et.al..2000,Intercept]",1.00030998443149,12358.2491548394,11682.7698493386
"r_study.id[Prichard.et.al..2015,Intercept]",1.00000223685576,14339.2834843592,12038.7529012733
"r_study.id[Province.and.Rao.1985,Intercept]",1.00027621140112,18896.3488914111,12245.0351879013
"r_study.id[Punzalan.et.al..2008,Intercept]",1.00025434661155,13752.4016569224,12436.3858248708
"r_study.id[Quinard.et.al..2014,Intercept]",1.00029757198685,15311.1212297818,11323.7377135726
"r_study.id[Rasmussen.1994,Intercept]",1.00026210876173,15273.0158778379,12265.8947678053
"r_study.id[Raychaudhuri.et.al..2003,Intercept]",1.00021112650779,20752.8712707046,11874.5303755693
"r_study.id[Reid.and.Baruch.2010,Intercept]",1.00023851258567,12088.2005225175,9691.20284334576
"r_study.id[Ribeiro.et.al..2010,Intercept]",0.999945653658841,12321.1466062477,11200.4179196024
"r_study.id[Ridley.and.Thompson.1979,Intercept]",1.00004267592339,12363.8927849611,12147.5963786516
"r_study.id[Robart.2011,Intercept]",1.00005388175058,20702.3157036013,12489.8431719911
"r_study.id[Robart.and.Sinervo.2018,Intercept]",0.999964605382646,19918.2407526861,12275.9752509338
"r_study.id[Roberts.et.al..1978,Intercept]",1.00039302161409,21270.2358046066,12101.0630994709
"r_study.id[Robertson.1985,Intercept]",0.999886651089379,17817.2134257265,12787.308396591
"r_study.id[Robertson.1986,Intercept]",1.0002464360112,8042.57594065857,8269.76859673469
"r_study.id[Robertson.1990,Intercept]",1.00003347637953,10651.8967111225,9683.08127089975
"r_study.id[Robinson.et.al..2012,Intercept]",1.00014593254279,19954.5355606302,12229.040663206
"r_study.id[Ron.et.al..2014,Intercept]",0.999930939850729,17553.4899864256,11655.0890768346
"r_study.id[Rosinski.1923,Intercept]",0.999936876613228,23663.823392198,11894.0806493324
"r_study.id[Roulin.et.al..2010,Intercept]",1.00069819841763,17272.321513252,12917.5402439353
"r_study.id[Rowe.and.Weatherhead.2011,Intercept]",1.00026777417317,16923.7455920506,11835.9480649582
"r_study.id[Rubenstein.1987,Intercept]",1.00032985647239,16804.5140405671,10608.0956224721
"r_study.id[Rueger.et.al..2016,Intercept]",1.00022415788745,14515.1161695933,11498.5859477457
"r_study.id[Ryan.1983,Intercept]",1.00028805665331,15930.37446029,10386.7907498705
"r_study.id[Saeki.and.Crowley.2013,Intercept]",1.00013548515366,21708.4021123927,11048.4721398409
"r_study.id[Saint-Marie.and.Hazel.1992,Intercept]",0.999927082814981,4768.49528441901,5896.66606255006
"r_study.id[Salces.et.al..2004,Intercept]",1.00003026909515,12380.9146401114,11612.0761110943
"r_study.id[Sanchez-Andres.and.Mesa.1994,Intercept]",1.00051928972246,21668.9366306668,10542.7677735637
"r_study.id[Sandercock.1998,Intercept]",1.00025983414245,8754.86958138785,11836.3276590436
"r_study.id[Santos.et.al..1992,Intercept]",1.00050630494086,9208.08871059554,11465.8094733333
"r_study.id[Santos.et.al..2018,Intercept]",1.00037977324601,17641.4281479815,12609.7332834667
"r_study.id[Saur.1990,Intercept]",1.00015890625607,12952.471364226,12181.5813860528
"r_study.id[Schiller.1932,Intercept]",0.999909325399519,21742.9856723512,11692.2954981976
"r_study.id[Schulte.et.al..2010,Intercept]",1.00024150957244,14521.5182380045,12451.6685608602
"r_study.id[Schurch.et.al..2010,Intercept]",0.999990277426445,12533.6677212882,9976.35420351571
"r_study.id[Sear.and.Marlowe.2009,Intercept]",1.00018611841563,17023.6293556447,11224.7339256467
"r_study.id[Seki.et.al..2012,Intercept]",0.999949291900935,23262.7804286897,11090.4905664861
"r_study.id[Serbezov.et.al..2010,Intercept]",1.00066928965959,14212.5942917034,11569.0815629711
"r_study.id[Sharma.and.Sharma.1984,Intercept]",1.00003337744036,14969.1919227458,12021.1992361814
"r_study.id[Sharma.et.al..1984,Intercept]",1.00081840578824,22310.9601522969,10344.0007520495
"r_study.id[Sheppard.et.al..2013,Intercept]",1.00028799267044,16423.9653866997,12843.8621927332
"r_study.id[Shine.et.al..2001,Intercept]",1.00027719047236,18119.1454659133,11921.4536294681
"r_study.id[Shine.et.al..2004,Intercept]",1.00039678704916,22647.3044254083,10482.1639696737
"r_study.id[Shuster.1981,Intercept]",1.00006767297359,12189.6401068068,9720.06300039388
"r_study.id[Silva.et.al..2008,Intercept]",1.00025055949523,16697.2830258667,12557.2394278264
"r_study.id[Silventoinen.et.al..2003,Intercept]",1.00007778413392,21890.3004252489,12279.1171008801
"r_study.id[Smith.1946,Intercept]",0.999972757593267,22666.9245836754,11504.9215139591
"r_study.id[Smith.and.Brockmann.2014,Intercept]",1.00025632481466,10798.0688328121,10630.4817473854
"r_study.id[Snead.and.Alcock.1985,Intercept]",1.00014974532377,13787.979395306,12434.2108863966
"r_study.id[Sordalen.et.al..2017,Intercept]",1.00041845201576,18830.4709857161,13515.0122752427
"r_study.id[Sparkes.et.al..2006,Intercept]",1.00027902342858,13323.3203207305,11273.8323715138
"r_study.id[Spuhler.1962,Intercept]",1.00033302627056,7305.08923581379,10029.7026906927
"r_study.id[Spuhler.1967,Intercept]",1.00008566808701,25842.72815373,11155.6543392017
"r_study.id[Spuhler.1968,Intercept]",1.00023723471099,10652.9506806288,11468.1646700495
"r_study.id[Spuhler.unpublished,Intercept]",1.0001419767163,9887.19721731993,11442.9141633919
"r_study.id[Staessen.et.al..1985,Intercept]",1.00043769792606,22664.975115673,11155.6236911269
"r_study.id[Stark.et.al..1990,Intercept]",1.00017274731084,6988.93729033732,10346.5068835238
"r_study.id[Stern.and.Jarvis.1991,Intercept]",0.999961003907665,15820.0679597164,12540.9573846084
"r_study.id[Stulp.et.al..2013a,Intercept]",1.00017294292979,23881.2838105465,11355.387327307
"r_study.id[Stulp.et.al..2013b,Intercept]",1.00033518727791,20639.4234217796,11287.5328846549
"r_study.id[Stulp.et.al..2014,Intercept]",0.999973771448817,23039.8013592945,11918.3025830606
"r_study.id[Sullivan.1982,Intercept]",1.00016186172372,22602.7702473385,12367.0318725248
"r_study.id[Sullivan.1983a,Intercept]",1.00053965840652,19876.0581380353,11005.2848165198
"r_study.id[Sullivan.1983b,Intercept]",0.999947614198908,21305.7396757909,11887.0471793681
"r_study.id[Sunobe.et.al..2016,Intercept]",1.00041787439285,20505.1570174928,11539.819577021
"r_study.id[Susanne.1967,Intercept]",0.999989973972497,24229.8465694235,12398.1055553619
"r_study.id[Susanne.1977,Intercept]",1.00023429315417,7970.82171174322,10827.9998082953
"r_study.id[Sutherland.et.al..2007,Intercept]",1.00010819547624,22170.1952307238,10598.5599720727
"r_study.id[Sutton.1993,Intercept]",1.00021073517195,10846.7749367488,10211.7583613637
"r_study.id[Svensson.et.al..2016,Intercept]",1.00030665125993,12690.122185444,11635.6047880691
"r_study.id[Szekely.et.al..2018,Intercept]",1.00003920817731,16166.2028473691,12322.4393381442
"r_study.id[Taborsky.et.al..2009,Intercept]",1.00005231333639,15091.7614838882,11797.3534416602
"r_study.id[Takeshita.and.Henmi.2010,Intercept]",1.00016042583076,19467.4209382087,12595.7312001145
"r_study.id[Takeshita.and.Murai.2016,Intercept]",1.00030993276703,7448.17419995498,8575.00371571577
"r_study.id[Tambs.et.al..1992,Intercept]",1.00002502189388,23747.6906867482,10070.4556487097
"r_study.id[Tarano.and.Herrera.2003,Intercept]",1.00020839190209,18200.957309914,12480.0147827134
"r_study.id[Teale.et.al..1994,Intercept]",1.00013198757841,11210.9755388015,11276.7002270937
"r_study.id[Telford.and.Dyson.1988,Intercept]",1.00008450485375,16564.5433851978,12697.6793230692
"r_study.id[Tenesa.et.al..2016,Intercept]",1.00037345873992,21458.0422314636,11639.4741855627
"r_study.id[Thomas.et.al..1995,Intercept]",1.00035511143142,17018.9693337639,12675.2346965002
"r_study.id[Thomas.et.al..1996a,Intercept]",1.00001724966528,15008.7139765534,11425.7432607376
"r_study.id[Thomas.et.al..1996b,Intercept]",1.00043148989262,16867.8088495966,12758.9696315456
"r_study.id[Thomas.et.al..1998,Intercept]",0.999944487781113,16822.8490291332,12646.7261332304
"r_study.id[Thompson.and.Moule.1983,Intercept]",1.00008202041973,16925.4427492642,11850.4059400792
"r_study.id[Thornhill.1980,Intercept]",1.0003327090358,19987.0539503647,12590.3148813176
"r_study.id[To.et.al..1998,Intercept]",1.00002951296697,21866.9524677087,10784.0108305775
"r_study.id[Tomici.1939,Intercept]",1.0000599422572,7709.67266285526,10340.4477133197
"r_study.id[Tomiyama.1996,Intercept]",1.0000208217819,15170.8015128076,12062.9829278013
"r_study.id[Totterman.2015,Intercept]",1.00003408677469,16644.6141050262,13009.5256491172
"r_study.id[Trager.and.Daniels.2011,Intercept]",1.00021312080771,17505.1544962643,12579.8713091111
"r_study.id[Tryjanowski.and.Simek.2005,Intercept]",1.00000459439914,13057.4521859908,12295.4428912746
"r_study.id[Urfi.and.Kalam.2006,Intercept]",1.00020952343609,5557.13850400531,9533.42307483681
"r_study.id[Van.Rooij.and.Griffth.2012,Intercept]",0.999934649025861,13763.9598335676,11564.2774999425
"r_study.id[Veuille.1980,Intercept]",1.00015013920916,7976.1216953193,11429.8748600538
"r_study.id[Veuille.1986,Intercept]",1.00029984531907,13787.5656640992,11506.4908322785
"r_study.id[Vieites.et.al..2004,Intercept]",1.00021131205683,14034.4761989874,11815.1465369723
"r_study.id[Vincent.and.Giles.2003,Intercept]",1.00065662193879,22620.8809195634,12092.711193892
"r_study.id[Vines.and.Schluter.2006,Intercept]",0.999880414126442,16992.6335034775,11765.6144319746
"r_study.id[Vojar.et.al..2015,Intercept]",1.00025634485038,11288.8805781421,11550.8615865784
"r_study.id[Vreys.and.Michiels.1997,Intercept]",1.00019911709553,15576.129993285,12771.3086245798
"r_study.id[Vreys.and.Michiels.1998,Intercept]",1.00019468357363,18810.7168154444,12248.4154258301
"r_study.id[Wagner.1999,Intercept]",1.00041483291049,13559.9307493598,11435.7479560753
"r_study.id[Wagner.and.Sullivan.1995,Intercept]",1.00034758152441,11496.2153919632,9516.82817814947
"r_study.id[Wang.et.al..2017,Intercept]",1.00010351687329,12761.8583426902,9602.195409071
"r_study.id[Wang.et.al..2018,Intercept]",1.00035166478142,17349.2026442666,12298.5033756177
"r_study.id[Ward.1985,Intercept]",1.00008268018044,16800.8984513071,12730.9070178164
"r_study.id[Ward.1986,Intercept]",1.00017701084609,15240.0816954855,11638.5023016222
"r_study.id[Warkentin.et.al..1992,Intercept]",1.00043577742888,13939.5567317797,12142.9190355963
"r_study.id[Wells.1979,Intercept]",1.00007647236663,17924.361614731,12753.5905042247
"r_study.id[Wen.1993,Intercept]",1.00041794396032,5249.05395665099,6553.51636328371
"r_study.id[Wiggins.1990,Intercept]",1.00018314299159,14309.8547231995,12252.170953139
"r_study.id[Wilbur.et.al..1978,Intercept]",1.00054739002109,14114.4463693684,11540.758067988
"r_study.id[Willams.2007,Intercept]",1.00011110665573,13315.5754889027,11434.1584395155
"r_study.id[Willoughby.1933,Intercept]",1.00082061297572,8659.15759038673,10952.1831467392
"r_study.id[Wodarczyk.et.al..2016,Intercept]",1.00005081775283,10296.891629936,11434.9285815863
"r_study.id[Wogel.et.al..2005,Intercept]",1.00049933225569,11657.8401574216,11560.7227524444
"r_study.id[Wolanski.et.al..1990,Intercept]",1.00000827711961,12666.4479083211,10723.67632619
"r_study.id[Woodward.1982,Intercept]",1.00005474558703,13124.3870916187,12584.8306475508
"r_study.id[Xu.et.al..2002,Intercept]",1.00059254276963,19079.4831197602,12505.6393226721
"r_study.id[Yenisetti.and.Hegde.2003,Intercept]",1.0002289028354,11853.5771395148,11101.089415946
"r_study.id[Yoshida.1941,Intercept]",1.0003066926059,24530.3336472093,12775.3300431646
"r_study.id[Yu.and.Chen.2013,Intercept]",0.999959788576864,12919.8176262622,12187.3052341964
"r_study.id[Yu.and.Lu.2010,Intercept]",1.00072380407329,10528.1001259061,10981.7505126642
"r_study.id[Yu.and.Lu.2012,Intercept]",1.00020273205753,14442.4209550455,12404.9263088254
"r_study.id[Yu.and.Lu.2013,Intercept]",1.0000538899721,16671.8868439301,12187.7103691362
"r_study.id[Yu.and.Sharma.2012,Intercept]",1.00037792750435,15832.9399744559,10913.3324382578
"r_study.id[Yu.and.Wang.2013,Intercept]",1.00026029053368,14815.2393491125,12466.9208251698
"r_study.id[Yu.et.al..2013,Intercept]",1.00026334977731,15101.6533782837,12622.0989625704
"r_study.id[Yu.et.al..2016a,Intercept]",1.00016464008926,14328.9549339188,12284.5114218032
"r_study.id[Yu.et.al..2016b,Intercept]",0.999929699087458,17536.0416548058,11897.7100350263
"r_study.id[Yusa.1996,Intercept]",1.00009345089104,17152.1460570612,12548.2218134245
"r_study.id[Zielinski.1998,Intercept]",1.00025026294786,7660.96025010561,8681.01475323205
"r_study.id[Zietsch.et.al..2011,Intercept]",1.00002229024014,22205.9641037384,10745.8325607196
"r_study.id[Zimmer.and.Schneider.2014,Intercept]",1.00016357877713,19888.8258254461,12481.7183275882
"lprior",1.0029485292685,2032.35045690532,2500.4131047066
"lp__",1.00137158860346,3777.26006242029,7122.2979282029
"z_1[1,1]",1.00007582498372,22973.9262476907,11761.7125716858
"z_1[1,2]",1.00064144944701,24971.1407565825,11907.0332197845
"z_1[1,3]",1.0002530129485,21904.6850416775,11862.0680094074
"z_1[1,4]",0.999944170322369,10535.4361583449,10501.2578828492
"z_1[1,5]",1.00038498179975,11563.808735529,10784.7042425295
"z_1[1,6]",1.00050511766618,18540.5376374753,11966.1942294407
"z_1[1,7]",0.999958695214825,14417.3790640549,12830.4726268447
"z_1[1,8]",0.999885777375554,14547.1355562089,11896.3023242257
"z_1[1,9]",1.00047780193104,16745.3033810288,12254.7787538996
"z_1[1,10]",1.00008614159341,12665.1240137895,10679.2999914163
"z_1[1,11]",1.00032597030546,15612.7127791347,10938.8493559136
"z_1[1,12]",1.00031432542482,9711.61700952349,10810.5954176397
"z_1[1,13]",1.00014021772767,19904.8892561544,12525.2692315966
"z_1[1,14]",1.00030059445381,18602.8325847448,11791.5358425487
"z_1[1,15]",1.00029598530535,11132.9499225645,9591.77593809356
"z_1[1,16]",1.00020733576725,11469.6482365448,11202.3499842854
"z_1[1,17]",1.00048208509882,15681.8779554762,11572.3653438944
"z_1[1,18]",1.00038147633263,12952.0318757913,12444.7487258251
"z_1[1,19]",1.0000436673507,18926.1113602653,12844.818601186
"z_1[1,20]",1.00035353278613,17707.1835475496,12244.112610343
"z_1[1,21]",0.999997983649121,12876.0047108946,11988.4562587625
"z_1[1,22]",1.00021581172658,14217.5857776172,11734.9918663751
"z_1[1,23]",1.00007797185314,12761.1498088538,11365.1679242947
"z_1[1,24]",1.00071485980125,20581.7455842139,12292.5802328879
"z_1[1,25]",1.00002556810186,15191.0708467688,12255.1302061428
"z_1[1,26]",1.00021065209444,14944.7408957145,11720.1215004707
"z_1[1,27]",1.00000274451184,26040.4786966735,12441.5492530044
"z_1[1,28]",1.00008153131469,11370.8410628545,10618.2094996598
"z_1[1,29]",1.00013581476914,18386.1856310467,11867.4580667688
"z_1[1,30]",0.999957789430453,15559.8602929038,12917.4397417363
"z_1[1,31]",1.00008185948487,13748.8087474217,12893.2019997825
"z_1[1,32]",0.999894559607821,10368.3727000014,9956.47591626277
"z_1[1,33]",1.00013222478332,16443.3954825528,11898.7423753381
"z_1[1,34]",1.00008583650363,14469.8994437012,11553.1928490414
"z_1[1,35]",1.00059335948964,11495.7150576356,11194.7948567142
"z_1[1,36]",1.00053223914971,7718.33837967961,9837.95357062124
"z_1[1,37]",1.00048123656733,12477.7216134262,10870.332164071
"z_1[1,38]",1.00053918670873,17864.5954011495,11859.7927732481
"z_1[1,39]",1.00019919110613,15949.0490847424,12566.8385820482
"z_1[1,40]",1.00028793004544,13647.5351930551,12519.6022781435
"z_1[1,41]",0.999984103223159,18774.6818333473,12316.0081984097
"z_1[1,42]",1.00038258473208,9413.88662225376,9657.33355092125
"z_1[1,43]",0.999992263879177,14023.094027246,11757.1611839009
"z_1[1,44]",1.00062413614914,13503.6591466584,12338.6015706138
"z_1[1,45]",1.00068265169314,14099.511674153,12326.3717866723
"z_1[1,46]",1.0002085938263,15459.2551370643,12324.0691994837
"z_1[1,47]",1.00000604724134,15047.5103696917,12635.6686377199
"z_1[1,48]",1.00017391637018,12114.2100972706,11837.1484735952
"z_1[1,49]",1.00040798966636,9296.06078507004,10281.4809389157
"z_1[1,50]",1.0006762918892,9003.12791509864,10308.7048938844
"z_1[1,51]",1.00032048214208,9092.67114945747,10316.1959221473
"z_1[1,52]",1.000236238865,12421.6213538205,10899.0880006365
"z_1[1,53]",1.00042799411382,10472.5435672402,11668.0560708163
"z_1[1,54]",1.00034628768014,11242.0048325854,10837.3117842528
"z_1[1,55]",1.00034770648175,15552.3668727757,11408.5584727265
"z_1[1,56]",1.0001848121566,11437.388000461,10283.7991134154
"z_1[1,57]",0.999991227961874,9849.35038831075,9787.79710453252
"z_1[1,58]",1.00025184840538,10598.2008173314,11821.3895288767
"z_1[1,59]",0.999953270332591,16701.9772528825,12472.2690069129
"z_1[1,60]",1.00025759863463,13087.9357415711,11651.9694688869
"z_1[1,61]",1.00012277783813,9060.62560833808,10478.9544653796
"z_1[1,62]",1.0002707290629,9351.43591847094,10636.0153275824
"z_1[1,63]",1.00051374594958,14072.666799881,11579.1279753777
"z_1[1,64]",1.00009432401803,18782.1578699215,13234.2888592126
"z_1[1,65]",1.00064363990101,13289.9525653655,11651.4745371608
"z_1[1,66]",1.00029650204401,15374.2114629871,12359.0775789553
"z_1[1,67]",1.00081894197384,23049.2596988928,12651.5494910035
"z_1[1,68]",1.00030746600705,22571.1193724265,12084.3661023097
"z_1[1,69]",1.00037074146518,13170.7573189986,11377.1214023224
"z_1[1,70]",1.00013783838884,13543.2290633395,11686.6404047989
"z_1[1,71]",1.00015605052862,12641.8594976326,12146.8273589927
"z_1[1,72]",1.00051778493114,9254.57302765649,10973.2528545036
"z_1[1,73]",1.00043080209417,8944.20564382885,9587.84641183113
"z_1[1,74]",1.00009626401751,19029.0371347446,11691.1590486862
"z_1[1,75]",1.00028824309044,19302.328117654,11008.8870936296
"z_1[1,76]",1.00011370657174,22131.0527577384,11896.2858625869
"z_1[1,77]",1.00042314162735,8021.80690150644,9449.23315478133
"z_1[1,78]",1.00116687331025,11311.6721237603,9718.67497481991
"z_1[1,79]",1.00044167261468,23904.8323862506,11744.1167099285
"z_1[1,80]",1.000606101617,9549.36176920512,9319.52766314625
"z_1[1,81]",1.00015768712469,11715.6626626477,10594.4352608918
"z_1[1,82]",1.00012176607888,14309.3556493226,11884.1260924002
"z_1[1,83]",1.00008561351783,11352.3531512808,11002.7211822731
"z_1[1,84]",1.00023147875316,14599.0125734961,10536.5986428678
"z_1[1,85]",1.00081450630137,12734.2600902844,11728.5108032813
"z_1[1,86]",1.00008700232834,14986.2320415183,12254.6498083408
"z_1[1,87]",1.00038972664843,12203.8922365072,10782.5046748097
"z_1[1,88]",1.00004007311175,21429.9168616772,13402.8033988114
"z_1[1,89]",1.00013495909553,14149.7983966993,11089.0095446434
"z_1[1,90]",1.00044028871991,9527.68537393424,9687.28565233373
"z_1[1,91]",1.0005555204069,17863.4002713135,12615.0177584515
"z_1[1,92]",1.00007411962768,10934.1341415934,9426.62123182359
"z_1[1,93]",1.00029576499564,13496.9300617873,9713.86998472392
"z_1[1,94]",1.0001985344993,11961.0310570195,11879.3244642444
"z_1[1,95]",1.00070756114963,17418.8592511807,11601.0625368045
"z_1[1,96]",0.999947112273537,14974.9269891272,12494.8838513187
"z_1[1,97]",0.999917445210781,23124.147581815,12661.4504165489
"z_1[1,98]",1.00014423437173,16157.4406036923,11302.9597121094
"z_1[1,99]",1.00004253769461,12335.4456798176,10556.4557444412
"z_1[1,100]",1.00011481473886,12955.6779340135,12232.6690836047
"z_1[1,101]",1.00010786113303,21039.2739597673,12971.4157196355
"z_1[1,102]",1.00033606153033,10452.976402572,9998.72582322694
"z_1[1,103]",1.00058366648669,10837.6580196629,10669.4442198444
"z_1[1,104]",1.00020411557858,9453.49048108171,10983.2634907486
"z_1[1,105]",1.00026370451759,10157.5532008321,11164.1310114852
"z_1[1,106]",1.00004386111558,16461.2396389813,12830.9967512306
"z_1[1,107]",1.00051562095795,12456.8460760506,11960.2661571384
"z_1[1,108]",1.00010659045256,16631.852685404,11948.0795523667
"z_1[1,109]",1.00004093317566,10295.7616858772,11113.3711731438
"z_1[1,110]",1.00063220607311,10861.9807620556,10594.4237526629
"z_1[1,111]",0.99994627677088,13260.9296513813,11285.7038810783
"z_1[1,112]",1.00053400038483,14479.6953757364,11400.1945861429
"z_1[1,113]",1.00022145220146,11828.9812041911,11688.3736013482
"z_1[1,114]",0.999908622640525,13271.7158790499,11794.8492444588
"z_1[1,115]",0.999880518514965,12912.3935668861,11009.8922205297
"z_1[1,116]",1.00009013138378,20027.5426698291,12275.912136947
"z_1[1,117]",1.00015779658099,19241.1498660209,12691.9347392532
"z_1[1,118]",1.00047647620645,20518.054340153,12346.06917649
"z_1[1,119]",0.999872843146542,13129.3571979847,10465.2259995196
"z_1[1,120]",0.999998711896733,22196.7223436556,11865.689814252
"z_1[1,121]",0.999972571211077,14548.4508025188,11789.970542016
"z_1[1,122]",0.999998558448709,13441.0158438048,12319.4775557994
"z_1[1,123]",1.00008415289727,21211.2731189992,12479.645447741
"z_1[1,124]",1.00001866801812,17445.3009437415,12522.9206344899
"z_1[1,125]",1.00026173126837,11967.42539025,11466.8725093361
"z_1[1,126]",1.00000107989337,22305.2290135101,12184.5373144543
"z_1[1,127]",1.00022122899959,12370.6022588856,11259.9218672604
"z_1[1,128]",1.00036877979665,12123.8255181088,11798.0714357027
"z_1[1,129]",1.00047677396171,8344.59297975006,9222.95759349027
"z_1[1,130]",1.00021641257511,12292.2773672369,11040.3590891741
"z_1[1,131]",1.00017964582558,16991.7505367414,12135.9892810706
"z_1[1,132]",1.0006365286274,13742.4933262123,11494.095787661
"z_1[1,133]",0.999915309840325,15760.4327827036,12188.4662451728
"z_1[1,134]",0.999973897327246,14024.1362449966,12395.4343489376
"z_1[1,135]",1.00069587058503,11205.3798701202,10042.5288439969
"z_1[1,136]",1.00016180252078,10487.5616934803,10292.3133393898
"z_1[1,137]",1.00028776941106,8915.46062347467,8694.44707084801
"z_1[1,138]",1.00017413759058,12180.4513999354,10174.1805582295
"z_1[1,139]",1.00004863067268,14869.5058904699,11632.1472367352
"z_1[1,140]",1.00012412318078,11682.8048860892,9343.27515628581
"z_1[1,141]",1.00003751613053,6728.36035409726,8138.92468199154
"z_1[1,142]",1.00016555925471,12238.415072721,11516.7407686193
"z_1[1,143]",1.00018776086441,13077.9359589433,11974.8765520062
"z_1[1,144]",1.00032657269995,12573.7338787835,12253.4803026015
"z_1[1,145]",0.999943892756412,17775.65885552,12062.2981603494
"z_1[1,146]",1.00027202002412,7419.85844745265,9851.04692238474
"z_1[1,147]",1.00003618400468,20173.1540250706,12008.1802747332
"z_1[1,148]",1.00037970365068,8581.34409401038,10661.1147139824
"z_1[1,149]",1.00021159004241,10065.8487074479,11546.2063136908
"z_1[1,150]",1.00009042885391,13331.7174448751,10612.3037392808
"z_1[1,151]",1.00020208614995,13045.0614369737,12917.7777558673
"z_1[1,152]",1.00056188854391,15277.6591635526,11113.4822913742
"z_1[1,153]",1.00070113854951,13168.7149334937,12153.3675675497
"z_1[1,154]",1.00033361701033,8944.10272734941,10433.2343392599
"z_1[1,155]",1.00009226530722,13599.5314401116,11610.9679759448
"z_1[1,156]",1.00004048038178,20817.0761321249,11093.1246729365
"z_1[1,157]",1.00030026457994,20380.521568612,11555.1058700555
"z_1[1,158]",1.00033259148365,18775.7653236986,12335.0866413002
"z_1[1,159]",1.00068201838182,16907.1105450166,12736.066192418
"z_1[1,160]",0.999956597114713,17533.2147480439,13181.2164466014
"z_1[1,161]",1.00007467097584,20649.7568370026,11832.818769875
"z_1[1,162]",1.00003873885369,17497.0110978061,12852.7554030724
"z_1[1,163]",1.00024497204024,17781.015780392,12632.2106241468
"z_1[1,164]",1.00040658619428,8219.26811528732,8629.37033007621
"z_1[1,165]",1.00058690368902,10894.3751873671,10657.1554599734
"z_1[1,166]",1.00003145825264,15948.2179611541,12388.5997366968
"z_1[1,167]",1.00041995316774,5912.13326571253,6362.13578581496
"z_1[1,168]",1.00064848504691,14657.85727773,12432.3394120552
"z_1[1,169]",1.00012942934261,12382.20418589,11658.1589102554
"z_1[1,170]",1.00023609518285,12058.177065923,11564.4930065412
"z_1[1,171]",1.0000496374685,18325.3717058531,11743.5430706802
"z_1[1,172]",1.0002914407605,11453.2487129194,11015.8297034032
"z_1[1,173]",1.00014272118871,24521.255849658,13232.5728666351
"z_1[1,174]",1.00068141147309,11391.7305578143,12093.4067521919
"z_1[1,175]",1.00044354059777,10789.4378157444,9590.90095183245
"z_1[1,176]",1.00010953833449,15934.2586833231,10567.1120766276
"z_1[1,177]",1.0002389661271,15872.7284915276,12336.6959219958
"z_1[1,178]",1.00082370803176,14146.4881578506,10943.3417338479
"z_1[1,179]",1.00013043601058,15324.1202140007,12672.1770736629
"z_1[1,180]",1.00033332104225,16806.656230577,13167.2145282977
"z_1[1,181]",1.000141632843,12660.2506115652,10687.2467795274
"z_1[1,182]",1.00047076354637,15365.1887336735,12853.1484389047
"z_1[1,183]",1.00007658780582,20015.3683341719,10965.7086680445
"z_1[1,184]",1.00028282663961,11967.2744440959,11118.2169356352
"z_1[1,185]",1.00012406925681,15818.6822285377,11741.6010340208
"z_1[1,186]",1.00023410687842,12840.1893192777,10795.3275858101
"z_1[1,187]",1.00038977367686,17012.1632386473,11759.6654592757
"z_1[1,188]",0.999967023286644,13078.6527158876,11569.0989902913
"z_1[1,189]",1.00069549387219,16846.368795889,12025.6399488503
"z_1[1,190]",1.00059389328642,16778.4216209363,11871.6591939783
"z_1[1,191]",1.00016206607781,14995.9158234762,10850.9247019495
"z_1[1,192]",1.00010981046129,14580.9913528145,12139.3823000736
"z_1[1,193]",0.999992952695551,13839.1948539922,13030.6840904913
"z_1[1,194]",1.00037192565707,16118.3148841743,13048.0442787465
"z_1[1,195]",1.00011371272212,13610.0584880558,12222.7600251028
"z_1[1,196]",1.00004354868619,24557.1503375643,12122.6710415758
"z_1[1,197]",1.00024168063704,16877.5427678217,12089.3357175624
"z_1[1,198]",1.00100621979914,9261.61666594364,10357.1786217825
"z_1[1,199]",1.00014933585345,11998.1932815019,11169.8110076631
"z_1[1,200]",1.00033854721989,14899.874195846,11996.5252432136
"z_1[1,201]",1.00006679522145,14606.3752312072,12564.8962069084
"z_1[1,202]",1.00018929800599,16243.6094972623,11919.6687433441
"z_1[1,203]",1.00039921150622,10333.6180832841,9826.51167013862
"z_1[1,204]",1.00007005465079,17322.2985053374,12491.8121263715
"z_1[1,205]",1.00036870690003,9541.92678295003,9395.80638374039
"z_1[1,206]",1.00056198563805,11260.268461515,10047.4541287112
"z_1[1,207]",1.00001927310447,15613.0670548875,11806.7068675262
"z_1[1,208]",1.00076737557232,10617.2126950975,11063.8572457067
"z_1[1,209]",1.00015707853886,20031.0476773806,12112.368793347
"z_1[1,210]",1.00097235302179,21452.6665042976,12013.5794464388
"z_1[1,211]",1.00007431783654,13763.3058798629,11763.227038508
"z_1[1,212]",1.0000391815842,13021.2151300419,11632.0796394355
"z_1[1,213]",1.000352647968,17624.9468502442,13344.1581123166
"z_1[1,214]",1.00041184941552,15120.9776306992,12639.0019686505
"z_1[1,215]",0.999866759040691,12678.7247300336,12362.8018242339
"z_1[1,216]",1.00023347300103,19126.2266937546,12408.6168542397
"z_1[1,217]",1.00034391384035,16245.8233693119,12036.5785563121
"z_1[1,218]",0.999998806517349,8619.75816274658,8055.47909202946
"z_1[1,219]",1.0000363281334,15351.4719987536,11742.8371199282
"z_1[1,220]",1.00012264918043,11974.8485381968,11820.963441736
"z_1[1,221]",1.00020915145751,13250.0784937606,12145.0345851319
"z_1[1,222]",1.00020108458834,12703.0829352384,11878.9869245729
"z_1[1,223]",1.00001880103416,13066.9234328456,11198.9684666672
"z_1[1,224]",1.00097911127438,4069.7439923581,5423.47325446887
"z_1[1,225]",1.0002144241749,13417.8459023481,11810.8705850557
"z_1[1,226]",1.0005709454638,13093.8931641034,11687.0333374346
"z_1[1,227]",1.00008379107552,13735.9387701553,12300.5784383377
"z_1[1,228]",0.999996638827988,16106.4309925436,12666.7224547385
"z_1[1,229]",1.00030841306408,15510.7291769987,12564.2354030956
"z_1[1,230]",1.00032208626552,18950.9841002505,13076.716986927
"z_1[1,231]",1.00044089211025,6548.20857320236,6661.10001996702
"z_1[1,232]",1.00005781333048,20152.9118709943,12787.6172324084
"z_1[1,233]",1.00039357737151,13523.0856055539,12343.0035090979
"z_1[1,234]",1.00025352346741,15719.1010071069,11679.7556536692
"z_1[1,235]",1.00057552234841,17407.2614471704,12482.5433811861
"z_1[1,236]",0.999926408990202,17208.6803388587,12222.8769509304
"z_1[1,237]",1.000541582308,22700.6515078422,11965.1689046519
"z_1[1,238]",1.00016454160546,14242.0387630979,13231.8824539204
"z_1[1,239]",1.00013547042457,13574.5987997889,12025.6950856529
"z_1[1,240]",1.00043779156467,13245.4230974949,12108.7126085962
"z_1[1,241]",1.00055585180526,14445.3383965551,11090.1178898323
"z_1[1,242]",1.00020955451093,18521.7256631888,12884.1466765234
"z_1[1,243]",0.999871861489597,15982.896429522,11971.4694966729
"z_1[1,244]",0.999922202170696,17411.678630644,13449.1376143645
"z_1[1,245]",1.00046918577661,12390.2433925362,12026.3348126987
"z_1[1,246]",1.00002578291445,15924.5672759288,12457.0983236964
"z_1[1,247]",1.00014230095424,17692.1851367096,12075.7629328276
"z_1[1,248]",1.00043080945151,15156.6085196989,11582.2665163392
"z_1[1,249]",1.00021604392884,12201.3065622604,11412.0198971323
"z_1[1,250]",1.00015686282721,12305.1919424397,11077.4428934474
"z_1[1,251]",1.0005904691764,14384.6833874408,10788.4399149537
"z_1[1,252]",1.00054783106067,15740.6848233987,12040.649208144
"z_1[1,253]",1.00033786403452,10380.2327581179,10556.4913226265
"z_1[1,254]",1.00011228652669,17714.3654422345,12289.3978654186
"z_1[1,255]",1.00030798522104,11072.8379282731,11531.7746222235
"z_1[1,256]",1.00022441558322,23165.7057129078,12295.7960426648
"z_1[1,257]",1.00021627010931,12538.0812734367,10159.9434291346
"z_1[1,258]",1.00007339321661,14549.9574584698,12420.3672353113
"z_1[1,259]",1.00062242893502,22612.9533600919,12335.5741868107
"z_1[1,260]",1.00043481357159,17552.741783913,13069.4402467168
"z_1[1,261]",0.99999947980335,23906.4638836134,12669.7438038012
"z_1[1,262]",0.999979532506621,16801.3920553006,12084.0919901572
"z_1[1,263]",1.00010966608494,18807.0910713018,11484.3175993033
"z_1[1,264]",1.00014220805243,11869.5174667017,10471.1901821013
"z_1[1,265]",1.00013821596381,11032.6474910249,10494.8284081188
"z_1[1,266]",1.00020017408612,20306.4950378664,11729.8569235379
"z_1[1,267]",1.000247499085,11674.561674229,9850.52856085412
"z_1[1,268]",1.00033704348286,14753.7959532441,12380.6010624528
"z_1[1,269]",1.00047943708224,13959.431250047,12205.3704829579
"z_1[1,270]",1.00003728402001,9268.75767873648,10251.2906028758
"z_1[1,271]",0.999914647959163,15700.7165585909,12096.0218601667
"z_1[1,272]",1.00060374785232,10725.8924184756,10498.6936967875
"z_1[1,273]",1.00017443892602,10472.3223516581,11255.4249439057
"z_1[1,274]",1.00008197816627,7673.72761929756,9192.96093113873
"z_1[1,275]",1.00079469884658,17522.0408493036,11690.2495615999
"z_1[1,276]",1.00044324457466,14385.04117702,12580.771256726
"z_1[1,277]",1.00010159863107,13910.1736898808,10084.663328569
"z_1[1,278]",0.999991310622795,14141.5961355999,12323.0815280449
"z_1[1,279]",1.00026634304009,17979.9861978953,12170.7985638238
"z_1[1,280]",0.999905175538724,17637.9007262578,13380.4390193671
"z_1[1,281]",1.00006991975337,17097.2285410836,13257.4116655296
"z_1[1,282]",1.0009084728484,11686.3986028137,10719.5484278479
"z_1[1,283]",1.00008685781299,22244.8392498782,11802.4476696611
"z_1[1,284]",1.00004065637745,14404.6601344169,11638.1269754051
"z_1[1,285]",1.00044227515541,17233.2288629475,12088.4008169473
"z_1[1,286]",1.00073889840984,17840.734485662,12602.5019383147
"z_1[1,287]",1.00023280951224,17728.7274412222,11530.3094696907
"z_1[1,288]",1.00001815069356,14068.0607157099,11585.0500719575
"z_1[1,289]",1.00004716339095,14075.8404144674,11224.785447743
"z_1[1,290]",0.999969445158014,16884.9727316505,12528.7082678268
"z_1[1,291]",1.00078873304909,15817.5407093101,12756.4987472436
"z_1[1,292]",1.0000838010504,15949.6023624259,13223.3196518264
"z_1[1,293]",1.00014271296108,20947.5545866328,12564.3259059602
"z_1[1,294]",1.00024041044503,24660.7456342157,12140.3406999259
"z_1[1,295]",1.00019118020527,26612.1758606538,11685.6746835231
"z_1[1,296]",1.00001267074305,13613.215112475,10027.9938476169
"z_1[1,297]",1.00018570962467,11105.6517441582,11060.3424524136
"z_1[1,298]",1.00028776605109,14558.3377038797,12437.7209591605
"z_1[1,299]",1.00026004742658,15081.1697255935,12020.8465113137
"z_1[1,300]",1.0001896173631,11655.7436200194,10999.0207850419
"z_1[1,301]",1.00022896864392,10009.5973365291,11515.965303342
"z_1[1,302]",1.00005114583427,15091.8520329488,12296.9366025689
"z_1[1,303]",1.00034291482179,11984.8849154348,10789.5594345478
"z_1[1,304]",1.00033323803577,20624.6593117447,12212.6554107694
"z_1[1,305]",1.00039937415243,10970.8646928727,11992.1832237801
"z_1[1,306]",1.00022061453559,18940.6542027574,10892.8592316809
"z_1[1,307]",1.00038736386686,12200.751175478,11537.5298633641
"z_1[1,308]",1.00004236544874,12761.6196803132,12047.2161320642
"z_1[1,309]",1.0001738236503,12247.8526304747,9653.83877796133
"z_1[1,310]",1.00000929532548,11106.3402675833,11170.2530028569
"z_1[1,311]",1.00043488708602,15029.0244461443,11376.8480047271
"z_1[1,312]",1.0001633248256,19305.185282418,12418.8664262674
"z_1[1,313]",1.00011317061967,12497.2614568815,11293.9397427186
"z_1[1,314]",1.0001322778488,15066.4070744744,12568.1279272439
"z_1[1,315]",0.99997172597618,17296.9501549163,13740.9505515512
"z_1[1,316]",1.00033282785431,18438.4307545464,12371.6755694725
"z_1[1,317]",1.00054976950371,20422.4215609559,11772.2899058686
"z_1[1,318]",1.00007353868045,12872.4227850362,11814.8218841807
"z_1[1,319]",1.00063630461575,17349.9525259019,12398.3636191159
"z_1[1,320]",1.00022577086116,16135.4533619158,11796.8680744759
"z_1[1,321]",1.00018708762501,21340.2547021516,12630.1658565069
"z_1[1,322]",1.00002327440541,13667.8184380441,11517.0224904572
"z_1[1,323]",1.00063640717226,16166.7102504146,11296.9388293392
"z_1[1,324]",1.00050917374149,12959.3133776723,10045.3207682507
"z_1[1,325]",0.999912370326254,17721.0527880035,12567.4839268584
"z_1[1,326]",1.00011162853054,15849.1017529257,12635.5941457674
"z_1[1,327]",1.0002737242358,14175.3181136604,12393.6479888345
"z_1[1,328]",1.00040636104267,12166.9750260846,12254.3637951196
"z_1[1,329]",1.00028454739245,18560.2168087221,12748.0870039161
"z_1[1,330]",1.00063742206697,15244.8018873885,11660.3007792233
"z_1[1,331]",1.00025596399483,24198.5128240307,11998.3143172863
"z_1[1,332]",1.00022195159178,11497.0014353527,10923.95369702
"z_1[1,333]",1.00068972527522,9235.83699703591,8311.70428303345
"z_1[1,334]",1.00047242015068,3679.11560212074,4916.27118131233
"z_1[1,335]",0.999966928593704,21508.586849145,12330.1275048972
"z_1[1,336]",1.00000293962524,22696.8978598514,12319.671924931
"z_1[1,337]",1.00058394125591,3521.06333283712,5084.10647796156
"z_1[1,338]",1.00069738495646,19642.0246000077,12498.6070898576
"z_1[1,339]",1.00032089926513,14282.6079233701,12062.2384000252
"z_1[1,340]",1.00016375575352,17110.6859447917,12745.7067257711
"z_1[1,341]",1.00007467481362,14767.839212875,12223.441841196
"z_2[1,1]",1.00047248081191,6106.71199366516,8994.53281369292
"z_2[1,2]",1.00028098552167,23671.0998065476,12257.1217656901
"z_2[1,3]",1.00019834870282,23629.724535674,12265.0130883376
"z_2[1,4]",1.00056125666827,24340.6356046291,11733.9843088727
"z_2[1,5]",1.00039580617992,24344.0350787862,12073.9402239751
"z_2[1,6]",1.00094315935712,6627.56922876683,9712.20451249069
"z_2[1,7]",1.00018434298167,24362.1227305099,11122.2721787153
"z_2[1,8]",1.00023834677657,22212.5286854356,12048.8047933274
"z_2[1,9]",1.00062019616818,24115.840375865,12378.8442936866
"z_2[1,10]",1.00019748195753,22444.984585026,12059.3160677618
"z_2[1,11]",1.00075689021295,22496.9720150758,11289.1880947986
"z_2[1,12]",1.00009946694197,24549.3897850547,11613.6372727837
"z_2[1,13]",1.00014936937937,22972.1108717515,12752.5574858928
"z_2[1,14]",0.999950211025089,18385.1492736369,12509.8300280276
"z_2[1,15]",1.00100830577602,24719.0562576733,11854.4113633085
"z_2[1,16]",1.00036962034765,24038.4312610079,11680.5278129992
"z_2[1,17]",1.00071153344742,22246.2834645229,12112.7209410023
"z_2[1,18]",1.00056346371396,22782.7234178323,12049.5434327829
"z_2[1,19]",0.999940578602811,24547.3733540959,12565.9503096667
"z_2[1,20]",1.00016653029936,15944.4394810254,12573.4409697112
"z_2[1,21]",1.000091881417,25988.3989622174,12237.9412150375
"z_2[1,22]",1.00016001535669,24774.9649988685,11829.6790396887
"z_2[1,23]",1.00033819189744,24102.8662132913,12211.5624998605
"z_2[1,24]",1.00005773374771,27885.7810012507,12286.9412004419
"z_2[1,25]",1.00040470945539,22746.7585961328,12332.1742681253
"z_2[1,26]",1.00015655876178,22031.2648795066,12412.1384911176
"z_2[1,27]",1.00060405180117,19094.5285810095,12853.8965148679
"z_2[1,28]",1.00004421485698,15978.6468847322,12590.7665797346
"z_2[1,29]",1.00035860071665,24140.1488510086,12024.0143163965
"z_2[1,30]",1.00055292149254,22138.0213928637,12375.9860483125
"z_2[1,31]",1.00040044609598,25072.3203127821,12223.2644270644
"z_2[1,32]",1.00011109961315,17706.1886813508,12244.3463952319
"z_2[1,33]",1.00039483716591,23406.0743080912,11657.339467556
"z_2[1,34]",1.00004650483745,20366.6907271121,11757.3226599144
"z_2[1,35]",1.00049840463918,15884.6050674929,13190.426909409
"z_2[1,36]",1.00004390293043,25205.5225476154,11653.7553052996
"z_2[1,37]",1.00014111320616,25599.4179865459,11920.8043536191
"z_2[1,38]",1.00049640170365,22426.6995852374,11133.5126617717
"z_2[1,39]",0.999951281663495,26640.5186040475,12558.3891846889
"z_2[1,40]",1.00030635228764,14043.1634741998,11137.9178713302
"z_2[1,41]",1.00048986911772,24763.1779411546,12247.7628269712
"z_2[1,42]",1.00048181672067,24277.9121185128,13089.2453912762
"z_2[1,43]",1.00011089990821,24415.695913333,12415.9264881219
"z_2[1,44]",1.00057057377676,27355.6988764165,12280.5859624669
"z_2[1,45]",1.00029058551002,10179.9234469749,10967.7322832122
"z_2[1,46]",0.999883077766055,21893.4233475723,11833.6686843428
"z_2[1,47]",1.00023621045867,24502.5925130476,12304.2267690597
"z_2[1,48]",1.00080469755156,18779.7375707107,12549.2641049307
"z_2[1,49]",0.999993526401204,22250.8646927445,11724.2645680409
"z_2[1,50]",0.999899914619447,23163.9456737453,12037.240365235
"z_2[1,51]",1.00025075963088,24189.899007543,11893.2932627044
"z_2[1,52]",1.00006013051117,21568.6898786092,11566.1494982796
"z_2[1,53]",1.00021123626288,23495.7244502555,11778.6099813498
"z_2[1,54]",1.00044322079564,23249.7692512859,12356.8564283879
"z_2[1,55]",1.0001261386466,21939.1207321717,11750.822460607
"z_2[1,56]",1.00031890103974,22233.8228026129,12179.4636521875
"z_2[1,57]",0.99992394184627,19407.706262941,13155.2029440307
"z_2[1,58]",1.00035261717261,25616.5910892757,12131.5013955939
"z_2[1,59]",1.00022377423691,23224.6518346559,12687.7798755186
"z_2[1,60]",1.00067574748722,24161.6153523025,11369.9587695339
"z_2[1,61]",1.00051094729094,17831.4236266981,11940.285391564
"z_2[1,62]",1.00063003101332,25232.3399823293,12730.6914010435
"z_2[1,63]",1.00005824038178,10720.9025860981,10425.750233249
"z_2[1,64]",1.00002601471764,19250.1684613756,13043.5020758817
"z_2[1,65]",0.999919312145188,25910.6690399401,11755.0704257478
"z_2[1,66]",0.999945032266734,20960.6348366921,11814.8470028437
"z_2[1,67]",1.00009057096511,25330.9986633594,11244.1344188964
"z_2[1,68]",1.00032613309895,22442.4756210058,12478.6754320788
"z_2[1,69]",1.00020900476151,24235.9156950563,12389.036466679
"z_2[1,70]",1.00031758658411,23815.8986599326,11078.9116860445
"z_2[1,71]",1.00013968487168,23659.799040047,11512.979504182
"z_2[1,72]",1.00045655631195,13784.2475773268,12567.6184716501
"z_2[1,73]",1.00054910401267,24044.4159874388,12801.0040600403
"z_2[1,74]",1.0006384452367,24706.1720703825,12512.9639603575
"z_2[1,75]",1.00077568592283,12704.7133117515,11731.1704427774
"z_2[1,76]",1.00051143619423,24693.3728552048,11918.2985781083
"z_2[1,77]",1.00022780394468,23558.6559173417,12321.6626611435
"z_2[1,78]",1.0002682380463,12974.8446612898,11198.8722124438
"z_2[1,79]",1.00034259332736,26228.1259077095,10912.3786113844
"z_2[1,80]",1.00029230801005,22703.160981895,11529.553341775
"z_2[1,81]",1.00005663569293,23597.3802574575,11718.9288272397
"z_2[1,82]",1.00002319162011,25546.748327314,11986.6909292987
"z_2[1,83]",1.00045195723169,24677.5051884751,11566.3953956177
"z_2[1,84]",1.0002982868435,7453.87142089544,9781.75091227684
"z_2[1,85]",1.00001818409031,21097.8370607092,12462.5321224444
"z_2[1,86]",0.999962544596182,25101.7953107697,11743.1125145103
"z_2[1,87]",1.00043118885625,20624.8305408462,11572.6463939106
"z_2[1,88]",1.00040453682709,21780.3172032457,10576.9229907004
"z_2[1,89]",1.00001857853562,19181.8809486283,12215.8898335403
"z_2[1,90]",1.00033212477774,23807.9253825553,12208.967213352
"z_2[1,91]",1.00006465698915,23896.0577656846,11989.3414530986
"z_2[1,92]",1.00047616832414,12630.5132103008,10929.3916797429
"z_2[1,93]",0.999999954394053,25286.5892155129,12077.7803976962
"z_2[1,94]",0.999966185138943,23852.667453223,11905.1326513574
"z_2[1,95]",1.00045082392139,24355.9806306199,11457.6343990705
"z_2[1,96]",0.999903008159868,25172.5294433305,11997.5358738672
"z_2[1,97]",1.00059993680902,26640.8070914075,12187.7688445194
"z_2[1,98]",1.00003409050422,24927.9855153486,12833.9349677969
"z_2[1,99]",1.00030655783676,22062.7496403,12739.9826422007
"z_2[1,100]",1.00010173435994,23985.9026457864,12066.637000988
"z_2[1,101]",1.00025150923471,22393.9594484661,12809.3280185225
"z_2[1,102]",1.0002672668168,27325.2300644222,11491.8204980303
"z_2[1,103]",1.00034058458062,17779.1259452155,12494.6260997137
"z_2[1,104]",0.999962000450042,25404.0105614443,12270.1739674249
"z_2[1,105]",1.00076990012635,24415.1291967909,11845.4936512511
"z_2[1,106]",1.00011157158341,22115.1271804192,12396.5670526861
"z_2[1,107]",1.00005446342038,13252.0031370774,11865.540923702
"z_2[1,108]",1.00003514501147,25187.0232242269,12526.0256791552
"z_2[1,109]",1.00047225501565,24170.1776902911,12181.7003664365
"z_2[1,110]",1.00039025058293,24536.1669772609,12004.6296392405
"z_2[1,111]",1.00068089740098,24907.3733029768,12260.5694487013
"z_2[1,112]",1.00026237996302,24061.1080936634,11744.9835830896
"z_2[1,113]",1.00048098527711,26681.6927377104,11972.1410685682
"z_2[1,114]",1.00004748428748,20722.1818521331,11809.264075129
"z_2[1,115]",1.00007481947562,26421.2208769346,11785.7704993045
"z_2[1,116]",1.00003318306796,21653.1742470325,12992.9456635848
"z_2[1,117]",1.00023231134633,22278.1157608844,12719.5626970719
"z_2[1,118]",1.00017986984203,21328.5863536058,12706.4447402494
"z_2[1,119]",1.00009042186654,25500.4461886119,12090.7412669964
"z_2[1,120]",1.00022384043937,26284.1242533559,13258.7770911091
"z_2[1,121]",0.999948414566771,23451.2002640025,12237.8269843295
"z_2[1,122]",1.00082265978008,8932.22743587497,11790.4275876244
"z_2[1,123]",1.00045072757794,10026.8982211492,11293.4548523949
"z_2[1,124]",0.999978974683703,24649.6935095916,11879.9575979971
"z_2[1,125]",1.00010048722841,22309.0949798356,11954.2226466414
"z_2[1,126]",1.00005574286513,23687.5272382448,12606.6589338327
"z_2[1,127]",1.00044815711004,21580.3854689661,12382.9789468185
"z_2[1,128]",1.00005860777025,23924.5172032412,11899.9489202916
"z_2[1,129]",1.0005302153358,23514.1027956805,11486.302802242
"z_2[1,130]",0.999996153554634,23435.3047026714,12574.9357995714
"z_2[1,131]",1.00004122149671,16379.2931747482,12304.8218550066
"z_2[1,132]",1.00040077180808,23301.4387470957,11954.0872048279
"z_2[1,133]",1.00019400361154,22963.5579238464,12073.0933652955
"z_2[1,134]",1.00005329764954,24451.1605190926,12281.9183863883
"z_2[1,135]",1.00004755356155,23624.14028065,12109.1121334991
"z_2[1,136]",1.00000914287561,20216.6191097434,12692.0575400122
"z_2[1,137]",0.999996230742684,24622.7055826248,12313.0840288102
"z_2[1,138]",1.00028948263479,17994.7046128059,12458.4315811799
"z_2[1,139]",1.00240555382675,2739.76899087707,4617.89011734167
"z_2[1,140]",1.00041773339042,23251.6667512728,12575.4890461629
"z_2[1,141]",1.00031736140334,25414.1424492449,11145.9236540988
"z_2[1,142]",1.00009682296452,25794.8549159917,12325.1874820383
"z_2[1,143]",1.00000381957957,18784.0600869982,13282.8271371349
"z_2[1,144]",0.999968242312449,24517.3407926943,12127.6402033184
"z_2[1,145]",1.00042991928745,24282.5020235833,11630.5477421551
"z_2[1,146]",1.00018172565431,19769.1010684872,11985.1682137271
"z_2[1,147]",1.00031910665654,26545.0840928963,11400.0874796509
"z_2[1,148]",1.00055614045265,24103.7281791709,12828.6019055172
"z_2[1,149]",1.00000292386934,24079.3928299585,12265.7096399334
"z_2[1,150]",1.00011158009595,21151.1502277419,11967.1282586342
"z_2[1,151]",0.999960719070189,26726.8172651282,12417.8682012673
"z_2[1,152]",1.00016351999211,25439.740244392,12328.6059736846
"z_2[1,153]",1.00035726195311,25773.7346661203,12010.6512964709
"z_2[1,154]",1.00034179310164,20303.9833857059,12650.3182156077
"z_2[1,155]",1.00019206399474,25622.6256261254,11403.397934536
"z_2[1,156]",1.00039098383907,25226.3020772681,11464.3083944292
"z_2[1,157]",0.999969476698682,23182.638160371,12082.8406124497
"z_2[1,158]",1.00113645880181,25595.3520700979,11498.2607100361
"z_2[1,159]",1.00024533485688,16353.5221762237,12298.2190427187
"z_2[1,160]",1.0006223477574,25814.1540535348,11961.3932863753
"z_2[1,161]",1.00047237182434,25499.5373397591,11475.3689886384
"z_2[1,162]",1.00016677257489,24835.6923293385,12692.4742001622
"z_2[1,163]",1.00047289282744,24322.9648890507,11701.9178751854
"z_2[1,164]",1.0000169629261,25815.7158822447,12160.5019935658
"z_2[1,165]",1.00077935891848,23429.6580912904,12451.124544379
"z_2[1,166]",1.00048230607882,25593.3992982764,12360.3275668778
"z_2[1,167]",1.00017226177067,26071.1657630065,11603.9890105169
"z_2[1,168]",1.00006966993061,26740.8461687963,11477.3181044076
"z_2[1,169]",1.00074010011633,23677.0258017936,12128.3918877112
"z_2[1,170]",1.00025060083785,11725.5496916134,11008.4751986255
"z_2[1,171]",1.00020506927046,23664.7808655022,11251.6202204451
"z_2[1,172]",1.00048788051147,22565.6083730544,11955.8564045183
"z_2[1,173]",1.00019826719201,24795.2723734533,11474.9046693484
"z_2[1,174]",1.00012988282676,22197.9045583815,11208.4341008463
"z_2[1,175]",1.00002107994889,17605.3949480918,12439.0779341967
"z_2[1,176]",1.00026168194063,27089.9975619957,11674.8754328951
"z_2[1,177]",1.00004184323931,23111.7322591321,12445.2486860775
"z_2[1,178]",1.00013834158344,6239.40530667013,8360.30470632969
"z_2[1,179]",0.999925376161991,23827.3724580405,11464.7828309092
"z_2[1,180]",1.00045766299954,25632.1034495602,12114.9791229309
"z_2[1,181]",1.00084047035425,21839.2128875487,11468.3224564308
"z_2[1,182]",1.0002864437669,25748.9435140399,12209.0620078307
"z_2[1,183]",1.00014569572884,22608.7319698587,11555.8583020025
"z_2[1,184]",1.00041705026718,27000.8991137162,11466.824596007
"z_2[1,185]",1.00019588954825,23545.4303773175,12296.6296413087
"z_2[1,186]",0.99996813218773,22736.1047004697,12450.3409474523
"z_2[1,187]",1.00045506472913,17905.0590227278,12320.9101466655
"z_2[1,188]",1.00003905819962,23687.6428863405,11195.68381231
"z_2[1,189]",1.00064712739892,22546.1059702096,11938.6083472589
"z_2[1,190]",1.00025869352203,26067.1489611681,12525.4246811959
"z_2[1,191]",1.00043937139985,24726.627901324,11637.1406871504
"z_2[1,192]",1.00026336182392,23260.3839172669,12309.3496921402
"z_2[1,193]",1.00040205598591,23352.1897214306,12277.4647445829
"z_2[1,194]",1.00030957237684,26022.5906476903,11156.5361274785
"z_2[1,195]",1.00060020683205,5759.80939057191,10297.2250028125
"z_2[1,196]",1.00031486224477,7847.24237212238,10958.1237575874
"z_2[1,197]",1.00036783555567,24936.2259882746,11156.0412163516
"z_2[1,198]",1.00106692845496,24375.1026850979,11989.0339196123
"z_2[1,199]",1.00020950776522,25217.6860314946,11918.4197342279
"z_2[1,200]",1.00012150826456,23971.752529972,12549.8173282823
"z_2[1,201]",1.00028365281225,24525.9485717976,11290.6812323328
"z_2[1,202]",1.00010358889371,12699.0959667081,12209.8109610166
"z_2[1,203]",1.00029436081251,21081.1103113379,11255.444405515
"z_2[1,204]",1.00005760034011,26278.0843361217,12564.8660973381
"z_2[1,205]",1.00064371770087,21327.7801080423,11789.6480456986
"z_2[1,206]",1.0001877403618,23732.0320791681,12717.4273570499
"z_2[1,207]",1.00032380859129,24459.8269989235,12110.0608854195
"z_2[1,208]",1.00004886511153,23558.3484589704,12401.2260605191
"z_2[1,209]",0.999944637346483,22267.2285960775,11924.2219223473
"z_2[1,210]",1.00031524959835,14096.1990236043,11763.4953269255
"z_2[1,211]",1.00006038456744,24304.2324615208,12117.7048289747
"z_2[1,212]",1.00022832330168,24348.4662884394,11267.6556519527
"z_2[1,213]",1.00006347009449,22648.6342420666,12362.3102404611
"z_2[1,214]",1.00040236972991,25157.0068752304,11489.6336453799
"z_2[1,215]",1.00021712553373,26063.3174465554,12560.3612782744
"z_2[1,216]",1.00001464733398,23931.3523504541,11597.1601090967
"z_2[1,217]",1.00005662547802,13220.2569925663,12443.2869414822
"z_2[1,218]",1.00046878734081,18871.4460197232,12290.7559118609
"z_2[1,219]",1.00007141550859,21434.8118973524,13262.4476414698
"z_2[1,220]",1.00016471811834,21926.8206785009,12338.3574840477
"z_2[1,221]",1.0005670033657,26919.2326599216,12662.5039926583
"z_2[1,222]",1.00003048767411,20024.178033435,11141.3749739922
"z_2[1,223]",0.99989943532216,21603.7634734538,12594.595060531
"z_2[1,224]",1.00016591361666,20075.950124369,12313.32028102
"z_2[1,225]",1.00070887261501,22985.1430323655,11296.2707969942
"z_2[1,226]",1.00007569271706,17578.0354414503,12792.4838190488
"z_2[1,227]",0.999953950905839,26953.4800312937,11893.031034807
"z_2[1,228]",1.00003913671642,21238.5620035147,12134.4238008907
"z_2[1,229]",1.00016009634006,9575.14850751443,10126.5088176232
"z_2[1,230]",1.00019640592946,25679.1646800768,12387.5759656576
"z_2[1,231]",1.00015030174004,22145.0082760322,12183.9957071065
"z_2[1,232]",1.00037141757464,24612.5248111759,11418.4575096706
"z_2[1,233]",0.999982720366561,19121.2377941324,12324.0599322162
"z_2[1,234]",1.00043423027424,22851.9488161021,12689.7751399012
"z_2[1,235]",1.00069293128087,22611.9932023405,13043.4661977488
"z_2[1,236]",1.00029508160923,26124.0400617742,12119.5803721518
"z_2[1,237]",1.00039104293552,25022.7418498284,12280.7543352176
"z_2[1,238]",0.999838732487978,24159.2501651437,11221.7788697957
"z_2[1,239]",1.0006179680021,19542.4219930243,12235.3110522068
"z_2[1,240]",1.00047284478155,23342.4734398701,12255.4684081617
"z_2[1,241]",0.999959518586137,15198.6520659916,12169.5138459303
"z_2[1,242]",1.00032571983184,19812.7876282279,12642.3083724748
"z_2[1,243]",1.00007028633915,26323.8413518523,12485.1600352346
"z_2[1,244]",1.000387116279,19887.7761794353,12292.1643051177
"z_2[1,245]",1.00014301206283,14484.0990293602,12675.2068449611
"z_2[1,246]",1.00022996771336,21822.4807370335,12166.6514286833
"z_2[1,247]",1.00035726727705,14830.7502210534,12133.7120155574
"z_2[1,248]",1.00023870769519,26279.0642429712,12303.2639997854
"z_2[1,249]",1.00058870673422,4304.2824207425,8332.08605763808
"z_2[1,250]",1.00003333762361,20969.517140292,11398.7015527481
"z_2[1,251]",0.999995075958822,22809.4280178229,12191.5599563139
"z_2[1,252]",1.00017632004934,24554.5948509125,11822.450065996
"z_2[1,253]",1.00051993545509,23344.8020602654,11186.4413917414
"z_2[1,254]",1.00008584011806,25288.8563012545,11927.3031594247
"z_2[1,255]",1.0001536163473,24105.9397992118,12206.7716261289
"z_2[1,256]",1.00037991400845,23363.2526096194,11796.3483195107
"z_2[1,257]",1.00006978033534,23283.2307514995,12472.555989425
"z_2[1,258]",1.00014295393819,22571.4550857634,12632.0440775247
"z_2[1,259]",1.00047709188638,22665.9549653701,12475.2209458338
"z_2[1,260]",1.0002251047714,23762.1988392207,10321.5163262629
"z_2[1,261]",1.00008558111378,25300.8545991342,12476.5927827143
"z_2[1,262]",1.00016589462795,19287.902686347,12546.0597788583
"z_2[1,263]",1.0003392919955,26607.9548987089,12628.0279692902
"z_2[1,264]",1.0003268721947,20896.0781541397,11717.2794234335
"z_2[1,265]",1.00025221324278,8182.24158493876,11071.3002461529
"z_2[1,266]",1.00053192188551,24083.6529249068,12284.9522257174
"z_2[1,267]",1.00043015381356,25109.4772053899,12024.0264184048
"z_2[1,268]",0.999993770123444,15005.8322970617,12112.783671485
"z_2[1,269]",0.999959499513427,22936.3883958251,11886.9719570029
"z_2[1,270]",1.00001903989654,24358.0271133833,11369.6766271512
"z_2[1,271]",1.00032462224287,24951.4745351201,12199.9424272985
"z_2[1,272]",1.00087416886391,26252.5113496906,12041.4831678882
"z_2[1,273]",1.00061158383302,8860.65917304791,10538.0760801279
"z_2[1,274]",1.00017576495665,21286.2104163749,12194.219271761
"z_2[1,275]",1.00029992076032,24253.6003581867,11972.9112492938
"z_2[1,276]",1.00131064927541,23449.4778104214,11923.9687580535
"z_2[1,277]",1.00038647329958,19497.0792458404,12015.5348347993
"z_2[1,278]",1.00099582126539,20374.026295979,12276.9684574329
"z_2[1,279]",1.00021040267597,23592.5821306849,12190.945313832
"z_2[1,280]",1.00013839017898,24941.3757501421,12259.2162932147
"z_2[1,281]",1.00002591036372,20190.7445446851,12387.436327363
"z_2[1,282]",1.00040124480655,19147.130718081,12117.6132586027
"z_2[1,283]",1.00003892222991,23048.6570953482,12480.6283275128
"z_2[1,284]",0.999958214014544,22677.7412638748,11862.8033524198
"z_2[1,285]",1.00050012770646,20414.156550379,12416.9916759189
"z_2[1,286]",1.00010968766771,26225.0000773518,11213.7763412611
"z_2[1,287]",1.00013775369832,17469.3769724084,11462.4332683673
"z_2[1,288]",1.00011289666415,20520.0485148683,11737.4661749216
"z_2[1,289]",1.00044778980979,23577.9810446115,12229.1636309618
"z_2[1,290]",1.00020397241992,25043.2799736847,12662.8514848323
"z_2[1,291]",1.00016022271744,21590.0636971905,12333.6678998153
"z_2[1,292]",1.00002717188638,22825.524613713,12553.2148843917
"z_2[1,293]",1.0003404247061,13742.6051987075,12175.9696187422
"z_2[1,294]",1.0001957285337,23834.0274015702,12365.5618486064
"z_2[1,295]",1.00014000901556,24775.9132944676,11644.8291541053
"z_2[1,296]",0.999909358906651,25881.7024405484,12514.4619455781
"z_2[1,297]",1.00077674691707,23419.280427359,11888.1339595176
"z_2[1,298]",1.00003599886691,21820.7597520964,11868.0287441111
"z_2[1,299]",1.0000093603679,23327.4144602438,12296.1634906787
"z_2[1,300]",1.00036777171429,24568.8623294925,12005.3819853195
"z_2[1,301]",1.00027210576761,22476.6176255192,11433.8094391292
"z_2[1,302]",1.00028568881288,17284.0704670086,12860.4395857112
"z_2[1,303]",1.00004885808072,23955.5036999125,10658.5120035709
"z_2[1,304]",1.00015113793175,25878.9758192654,12247.1221622573
"z_2[1,305]",1.00041695192788,8564.85498854517,10989.859891755
"z_2[1,306]",1.00011598285306,25193.0695649828,11549.453012211
"z_2[1,307]",1.00007085055374,20886.6580577256,13098.7534695288
"z_2[1,308]",1.00026777935955,22800.6577840022,11850.6531170493
"z_2[1,309]",1.00009397758161,24628.991415209,11657.4094306387
"z_2[1,310]",1.00020943527446,26299.1000045056,12611.2363351263
"z_2[1,311]",1.00001123429026,23984.2756040797,11844.3243643201
"z_2[1,312]",1.00008781104385,23397.1400804796,12047.7936262326
"z_2[1,313]",1.00010783265489,8080.6105921524,10537.6258903993
"z_2[1,314]",1.00019475068874,25362.1858435152,10753.3053379452
"z_2[1,315]",1.00038309258918,25347.4249386856,11595.1343138652
"z_2[1,316]",1.00008782517847,24288.3170432429,12198.7886652388
"z_2[1,317]",1.00036683869591,28458.9674816039,12278.6460118489
"z_2[1,318]",1.00035235182297,10378.0155300943,8393.83024195617
"z_2[1,319]",1.00044817984978,25453.4577352721,12047.2682793003
"z_2[1,320]",1.00030719243942,9599.13949643672,12075.4179331857
"z_2[1,321]",1.00083486676892,22660.2870777745,11365.6732061025
"z_2[1,322]",1.00003573032378,24560.4950732594,12215.9857166088
"z_2[1,323]",1.00011381975711,26192.1040198042,12278.0355685164
"z_2[1,324]",1.00032348389554,23679.1063772677,12427.7052930406
"z_2[1,325]",1.00015051556133,25667.0548527835,12790.1086275466
"z_2[1,326]",0.999940022981003,11014.4169925642,12493.9851972852
"z_2[1,327]",1.00000131235296,23167.4720566048,10726.3229310266
"z_2[1,328]",1.00024840848176,26178.086128869,11902.4524202988
"z_2[1,329]",1.00036024555792,23448.3535217399,12581.023538821
"z_2[1,330]",1.00057782400516,21339.3138062123,12116.8691412812
"z_2[1,331]",0.99990886846108,15321.1830432398,12381.5199011634
"z_2[1,332]",1.00021619597603,23836.3836447139,11599.5436273418
"z_2[1,333]",1.00013986164641,26384.2996524513,12244.5449124855
"z_2[1,334]",1.00018235535459,20323.6095239852,12054.4541189606
"z_2[1,335]",0.99996242191769,25258.6750140371,12302.7013882744
"z_2[1,336]",1.00002193802712,24126.8683918375,11753.9933237248
"z_2[1,337]",1.00036596818383,24070.5793573459,12628.7696090272
"z_2[1,338]",1.00000589899155,17223.4968219633,11878.4028501697
"z_2[1,339]",1.00001333861476,22902.8362397495,11797.9710759963
"z_2[1,340]",1.00134144297373,18294.0506961272,12990.5724244751
"z_2[1,341]",1.00029954662461,22485.8111350238,11989.9932062257
"z_3[1,1]",1.00018952509406,24105.1796060469,12575.4961443993
"z_3[1,2]",1.0000302087945,17447.7519054959,12994.5815577159
"z_3[1,3]",0.999934922338799,12917.8988602148,11846.6795233509
"z_3[1,4]",1.00006370148909,19535.0695485486,10981.4943360065
"z_3[1,5]",1.0001919476249,23035.4091172354,12026.9942144246
"z_3[1,6]",1.00020558147542,15592.1339907141,10734.2690554865
"z_3[1,7]",1.00003211070968,20041.5028876924,12211.3411047904
"z_3[1,8]",1.00030117375777,21754.483789877,12367.9862678708
"z_3[1,9]",1.00014734823672,20965.2804847008,12063.5660847857
"z_3[1,10]",1.00078443064904,15598.1662599337,13253.8109145016
"z_3[1,11]",1.00025109286661,17473.6487066327,12444.5380513923
"z_3[1,12]",1.00029040905775,19606.2985498,10666.297861066
"z_3[1,13]",1.00038873356982,22017.5380891543,12135.0971507309
"z_3[1,14]",1.00056536548154,20737.0594498436,12346.9158917169
"z_3[1,15]",1.0003903484124,9171.51026463293,11080.6041970671
"z_3[1,16]",1.00034428352996,16033.2401998299,11793.0377833863
"z_3[1,17]",1.00018780846505,14158.8011510419,11380.5027710353
"z_3[1,18]",1.00031492642789,16899.2505432985,13145.8782025528
"z_3[1,19]",1.00012881378388,19792.0069050126,12323.8807514986
"z_3[1,20]",1.00016762681497,18416.9734664002,11648.6671148738
"z_3[1,21]",1.00029499320767,19038.5914885259,12539.7821118593
"z_3[1,22]",1.00022328340053,11202.1471555585,9587.59683864795
"z_3[1,23]",0.999996577296962,20922.5080217528,12585.7994940608
"z_3[1,24]",0.999966558478524,17091.551513749,12701.9101223035
"z_3[1,25]",1.00069041672708,23535.1261514993,11751.7821003581
"z_3[1,26]",0.999915614468105,16513.7561682251,13665.1350772333
"z_3[1,27]",1.00053310220057,4197.63034821042,7886.09235638321
"z_3[1,28]",0.999986089836215,15659.0669173247,12551.5193612459
"z_3[1,29]",1.00030667596558,18379.3800759503,13422.4522464117
"z_3[1,30]",1.00015582111977,22032.1274427624,11878.8140627701
"z_3[1,31]",1.0000309499677,21760.3244844721,11049.8052675205
"z_3[1,32]",1.00000263218541,25910.6924082852,11557.8992493976
"z_3[1,33]",1.00039766238548,24327.9153757276,12266.3381474949
"z_3[1,34]",1.00018760622108,16194.3914661813,12683.8546343749
"z_3[1,35]",1.00008176419039,22430.3565369638,11944.8675776132
"z_3[1,36]",1.00029886528974,10764.2350445486,11491.1554880751
"z_3[1,37]",1.00003876123153,9693.05578284998,10553.2436499386
"z_3[1,38]",0.999998590543576,13931.0980980415,12817.9908286497
"z_3[1,39]",1.00014443050923,15012.920975799,12072.4147022394
"z_3[1,40]",1.00047125318554,18410.9047179845,11461.1180141935
"z_3[1,41]",1.00031359951365,11534.6004450886,11475.996189051
"z_3[1,42]",1.00021332279072,8759.7674721881,10203.2200941105
"z_3[1,43]",1.00028772247826,10196.4271377055,11582.9051749002
"z_3[1,44]",1.00027914844431,26054.2845213984,12491.4956832117
"z_3[1,45]",1.00025858043969,16421.1208953983,12537.3029834132
"z_3[1,46]",1.00056815364059,20244.7517550311,12914.3755651388
"z_3[1,47]",1.00021910038605,13737.668156226,11433.6665066921
"z_3[1,48]",1.00002287496668,17149.0784023124,13419.6605327084
"z_3[1,49]",1.00027538666929,15525.8333999355,12881.3623120926
"z_3[1,50]",1.00023232697755,11957.6316403956,12768.3379077184
"z_3[1,51]",1.00030077657021,12209.216846266,11964.5761608179
"z_3[1,52]",0.999965125028941,14574.5461775657,12657.7510698184
"z_3[1,53]",0.999965082112872,16458.2893711128,11568.3496538919
"z_3[1,54]",1.00091503843602,20752.0198478159,12244.7713199097
"z_3[1,55]",0.999941733128701,13394.8988158489,12154.1535867479
"z_3[1,56]",1.0001997274021,15536.7821900738,12310.1937471178
"z_3[1,57]",1.00011719278579,15186.4596960438,12680.6261916371
"z_3[1,58]",1.00027397530209,20637.9969918003,11133.9845603281
"z_3[1,59]",1.00014306624654,21426.3002986155,11575.0344340794
"z_3[1,60]",1.00063184816785,21031.9952038617,11113.5744652669
"z_3[1,61]",1.00026644331964,17682.0021181858,12946.117637596
"z_3[1,62]",1.00034481893855,16507.6801993991,12445.7640237977
"z_3[1,63]",1.00050953582465,13614.8931132518,12768.072687628
"z_3[1,64]",0.99997099036812,14774.7455293613,12674.0128217103
"z_3[1,65]",0.999921573272,16971.8907300754,12718.846736159
"z_3[1,66]",1.0002809625218,21275.1362087097,11752.014627526
"z_3[1,67]",1.00047776805441,14776.6575760889,12877.3786344654
"z_3[1,68]",1.00016865311,17747.6957763656,13000.4172246918
"z_3[1,69]",1.0003675162567,15090.7196452288,11486.1865271753
"z_3[1,70]",0.999942537474323,15227.3859060537,12785.3958898622
"z_3[1,71]",1.00024162890294,18034.2904821148,12335.2179857875
"z_3[1,72]",1.00068544896929,22444.9284535837,11378.2166210839
"z_3[1,73]",1.00002392502756,19817.9412911783,12821.8379819733
"z_3[1,74]",1.00097598654979,3100.13590293899,7460.81787920416
"z_3[1,75]",1.00062398194851,15795.0658065781,12663.5134243065
"z_3[1,76]",1.00033689273765,9043.21015461821,11622.0619552762
"z_3[1,77]",1.00003919841117,22228.1021591316,12636.0770152075
"z_3[1,78]",0.999997578180894,15625.6442325486,12217.6976229732
"z_3[1,79]",1.00038945674872,19948.0723711154,11838.7622271441
"z_3[1,80]",1.00035303647067,13757.569066729,12525.195661535
"z_3[1,81]",1.00001726303427,16453.4024496406,11188.6574654813
"z_3[1,82]",1.00035494993606,12821.0817666349,12632.6651517745
"z_3[1,83]",1.00025852671817,9138.67532313726,10128.5509078114
"z_3[1,84]",1.00020529825009,14665.4615292339,12283.0425091599
"z_3[1,85]",1.00011464613274,20773.3170837365,11034.9197980624
"z_3[1,86]",1.00086084580416,21959.9045631659,11057.6695115646
"z_3[1,87]",1.00022482095318,23416.2139763002,12010.6949167847
"z_3[1,88]",1.00010054039728,21513.3670474436,11693.6362630231
"z_3[1,89]",1.00058461741091,13929.7163918918,12457.818536624
"z_3[1,90]",1.00004298697634,18416.0602812847,12470.5919503186
"z_3[1,91]",1.00014678770601,16360.5799127275,13012.549587378
"z_3[1,92]",0.999999389138473,15144.7833453064,12760.3618943486
"z_3[1,93]",0.999995689691675,16694.2659398679,12694.9322686864
"z_3[1,94]",1.00022711080492,19115.1182867443,12354.7563249215
"z_3[1,95]",1.00002372594419,22747.3316654992,12564.2445653753
"z_3[1,96]",1.00067382345689,13369.5583441126,12826.8047393296
"z_3[1,97]",0.999929284618413,18680.934696081,12495.7960225576
"z_3[1,98]",1.00035863850238,21670.6345370644,12896.5138876022
"z_3[1,99]",1.00002379190534,15213.4351850739,12328.4400123455
"z_3[1,100]",1.00018065880758,10790.8875561375,11938.7426246685
"z_3[1,101]",1.00045793138958,14654.1663472975,12396.4363151813
"z_3[1,102]",0.999995947194176,12957.9758242737,11658.1964233524
"z_3[1,103]",1.00021232209536,14345.6111822873,11902.8000588565
"z_3[1,104]",1.00011972569899,17578.3175684165,12532.093611002
"z_3[1,105]",1.00004397773168,24381.79131719,11330.8935926319
"z_3[1,106]",1.00045563370365,14772.2145854014,11549.126257839
"z_3[1,107]",1.00018444768795,12110.7313091834,11419.8197433166
"z_3[1,108]",1.0002372657936,18190.4163604572,12238.277517049
"z_3[1,109]",1.0003887478246,23087.2905281062,11716.7632697164
"z_3[1,110]",1.00048481058489,16478.0898312088,11877.4250526541
"z_3[1,111]",1.00030695424034,15919.117492599,12677.8476162762
"z_3[1,112]",1.00002638209367,11589.8263072113,11764.1127502992
"z_3[1,113]",1.00058735359774,16066.7983786311,11259.6544507487
"z_3[1,114]",0.999909975143677,15301.1370708541,12248.0650372782
"z_3[1,115]",1.00057328772815,15192.6253149279,11775.4856737452
"z_3[1,116]",1.00040414296811,15270.5357080167,11989.5475496061
"z_3[1,117]",1.00008582541241,12963.2806445438,12005.4251813849
"z_3[1,118]",1.00018558042739,17583.2721379737,11663.6988444138
"z_3[1,119]",1.00016702475752,17410.9070313802,12466.8163040007
"z_3[1,120]",1.00015942336448,15232.3944286026,12458.7589142518
"z_3[1,121]",1.00021513041238,11716.6114500823,12439.8825414606
"z_3[1,122]",1.00037604575072,20991.8699353496,11252.2610073467
"z_3[1,123]",1.00006310933761,22802.5361610034,12512.2584420538
"z_3[1,124]",1.00004726575064,12781.316400956,11734.7112199269
"z_3[1,125]",1.00008060965172,18918.8358636411,12492.6399824246
"z_3[1,126]",0.999961435730305,14111.7798680613,12077.4529292269
"z_3[1,127]",1.00015332352659,20168.3032423407,11490.6054150033
"z_3[1,128]",1.00019278135657,25745.9940485553,12201.4327560413
"z_3[1,129]",1.00000168727872,23069.9474934355,11829.5671931328
"z_3[1,130]",1.00042301658671,19396.7354736415,12623.19910792
"z_3[1,131]",1.00024532446034,14915.582190231,12398.8354679116
"z_3[1,132]",1.00014517003469,13280.0483802237,10149.6287036373
"z_3[1,133]",0.999903747577708,23396.4669816087,12374.5804114547
"z_3[1,134]",1.00026374098024,18959.8558166857,12559.1234084054
"z_3[1,135]",1.00047071497756,15245.6854307089,13008.6619241491
"z_3[1,136]",0.999994340632579,18596.6552553167,13008.5992389441
"z_3[1,137]",0.999958822490852,16627.503350967,12725.0057872028
"z_3[1,138]",1.0003767177372,17030.8496510187,12341.3842915604
"z_3[1,139]",0.999988828747625,16806.1276486653,12811.9083244598
"z_3[1,140]",1.00009808368177,23934.769833512,12106.8150899739
"z_3[1,141]",1.00072440181716,16693.014401277,11328.8383107617
"z_3[1,142]",1.00010891912587,7101.75071211357,9712.87387265342
"z_3[1,143]",1.00007029609903,17065.9897075304,11566.2948007745
"z_3[1,144]",1.00017005406633,21102.4440730491,12343.8457753807
"z_3[1,145]",1.00037775706263,20302.0830069589,12111.5416302487
"z_3[1,146]",1.00003803516221,14965.2932800351,12716.0565152291
"z_3[1,147]",1.00038343381493,16037.8754757059,12612.8236857088
"z_3[1,148]",0.999920081402634,20196.5577689512,12501.6530148739
"z_3[1,149]",1.00006462571475,12663.1268196303,12227.2371048785
"z_3[1,150]",1.00001144969253,14561.3225174999,12007.182704437
"z_3[1,151]",1.00102518362136,24137.9608355547,12293.4508115371
"z_3[1,152]",1.00038008638487,21132.1799982432,12202.7060744912
"z_3[1,153]",1.00047917800311,11769.4326182278,10741.4723769468
"z_3[1,154]",0.99993055659456,14374.7084123959,12885.6054351961
"z_3[1,155]",1.00004874894371,16596.3972554122,12713.3522566095
"z_3[1,156]",1.00058778096552,17766.791284397,11805.8742343057
"z_3[1,157]",1.00016901754323,16052.4167413354,13271.7635741149
"z_3[1,158]",1.00014868760866,11220.9558520545,11505.3797283403
"z_3[1,159]",1.00001652927697,12351.7455397392,12212.1595125584
"z_3[1,160]",1.00015180793267,14116.5558373742,12608.4742342754
"z_3[1,161]",1.00010303015337,16403.0620120687,12932.1832112827
"z_3[1,162]",1.00033013900443,16889.6932050402,10603.7595114983
"z_3[1,163]",1.00015845083675,14307.3539724192,12450.4661328282
"z_3[1,164]",0.999979067999634,23625.9747815252,12252.7217319518
"z_3[1,165]",1.00023181802722,15610.6102171554,11975.0676168029
"z_3[1,166]",0.999945617795421,20987.3598300644,12579.3182932264
"z_3[1,167]",1.00002135710894,19830.0648130722,13368.87337592
"z_3[1,168]",1.00035257217125,21873.6215788402,12223.273034435
"z_3[1,169]",1.00028690860103,14534.9108593187,12700.4146215432
"z_3[1,170]",1.00002727559202,16707.8592290486,11995.4607761241
"z_3[1,171]",1.0001802230179,8770.24697829555,11496.8951190334
"z_3[1,172]",1.00048581845622,18847.4314701465,11829.6985574292
"z_3[1,173]",0.999977792862646,18507.0462656308,11060.5330809058
"z_3[1,174]",1.00047277362039,22746.4335260405,10724.8334259497
"z_3[1,175]",1.00051524022449,13000.4732905208,11565.4757552839
"z_3[1,176]",1.00008150635261,13969.4102898239,12088.8999872849
"z_3[1,177]",0.999997256057874,15499.3891234941,11660.4340286602
"z_3[1,178]",1.0000141256789,19137.5663402315,11355.1952723272
"z_3[1,179]",1.00001897171342,13997.1616014291,11921.2053057653
"z_3[1,180]",1.00052306348663,4921.23379495373,9099.49662310268
"z_3[1,181]",1.00046640323931,13564.0505798001,12352.3405879419
"z_3[1,182]",1.00015597409657,17637.5493587925,12309.9967153717
"z_3[1,183]",1.00017053695723,23105.5015529348,12126.7963834507
"z_3[1,184]",1.00036588800023,21106.7394996813,11248.9078524278
"z_3[1,185]",1.00029899482211,15371.582687842,13033.7107434938
"z_3[1,186]",0.999934000557002,19545.8110718119,13051.652743415
"z_3[1,187]",0.999980007098834,18822.2157398847,13101.8909242809
"z_3[1,188]",1.00022835802182,6602.17904370014,10366.7245129281
"z_3[1,189]",1.00024775562596,14971.7252879788,12533.7873267099
"z_3[1,190]",1.00017565832991,16756.6889843864,12598.5182069402
"z_3[1,191]",1.00003170008193,14441.8401393053,12370.6094971986
"z_3[1,192]",1.00000889855551,16018.6921830529,10169.1691159162
"z_3[1,193]",1.00034790381194,23209.4993833251,11763.4877185582
"z_3[1,194]",1.00011060882942,18618.4901523867,13055.6922344059
"z_3[1,195]",1.00003231442407,15763.0623708076,12842.0658179628
"z_3[1,196]",1.00002076560982,15975.6108960481,12518.1730878184
"z_3[1,197]",1.00014857913212,16395.0747168867,13011.1966626427
"z_3[1,198]",1.00014558726872,23751.7287794416,12825.967529345
"z_3[1,199]",1.00089862848341,18084.289711246,12078.8252183307
"z_3[1,200]",1.00077371604685,4428.47265975947,7564.47239097545
"z_3[1,201]",1.00015250458699,22248.4808551442,10831.886461408
"z_3[1,202]",1.00020774258116,15949.845922122,11779.9689253465
"z_3[1,203]",1.0002610202752,21973.1560851084,12877.7822248148
"z_3[1,204]",1.00013192131067,21165.4691285558,12867.4986275624
"z_3[1,205]",0.999939978267945,18414.3050833281,13059.557041899
"z_3[1,206]",1.00044239933391,21251.4917620826,12497.9810523599
"z_3[1,207]",1.00013003160852,13976.3066872259,13375.0290107673
"z_3[1,208]",0.999969416532006,16917.6011927408,12617.1548552839
"z_3[1,209]",0.999947457617862,18980.6961213328,12303.8704382999
"z_3[1,210]",0.999939043731997,14720.5806141987,12784.0470594957
"z_3[1,211]",0.999962939893315,24412.0769897391,12414.7633971754
"z_3[1,212]",1.0001076957276,15620.576247515,12357.4128030168
"z_3[1,213]",1.00003520513491,20519.4207317831,12126.5279807165
"z_3[1,214]",1.00024697888519,14270.7283812944,12372.0162373417
"z_3[1,215]",1.00010386034944,21177.6033919194,12214.7724139902
"z_3[1,216]",1.00027118577827,13309.1656670432,11546.4138272345
"z_3[1,217]",1.00002379227196,18577.4593326657,11722.0562753353
"z_3[1,218]",1.00000295660154,15879.7911673131,12099.6989236306
"z_3[1,219]",1.00027066692249,14844.391843992,13165.3107728389
"z_3[1,220]",1.00008063048882,13622.819589641,12180.4088541503
"z_3[1,221]",1.00063081927226,12730.6737942276,11021.4863179989
"z_3[1,222]",1.00019643190593,16922.0207650213,11688.7484382064
"z_3[1,223]",1.00004480591202,20642.5176767188,12854.2835448225
"z_3[1,224]",1.00038938733074,22391.5890164051,12249.2167136563
"z_3[1,225]",0.999944991230454,14494.2902620021,12686.8890760871
"z_3[1,226]",1.00008999959601,14428.4986230032,11560.692482654
"z_3[1,227]",1.00013532985604,23260.3372476433,12300.2634232512
"z_3[1,228]",0.999985077162987,19058.8596621767,13127.4011921489
"z_3[1,229]",1.00021426995226,14910.4676965928,11696.8341618584
"z_3[1,230]",1.00028002428927,11767.861507666,12430.8307028578
"z_3[1,231]",1.00036838503615,20394.773620017,10995.1933053199
"z_3[1,232]",1.00038349329962,16545.6825865681,12075.4549069737
"z_3[1,233]",0.999930379421296,14501.4756928572,12419.0154593602
"z_3[1,234]",1.00006975605589,23198.7167461414,11453.8394933207
"z_3[1,235]",0.999887372820184,16661.5731149081,11796.2550067338
"z_3[1,236]",1.00000374167017,16606.7498925045,12117.684230698
"z_3[1,237]",1.00023652607761,20071.3727005867,12943.7481339158
"z_3[1,238]",1.00036078195424,16616.7559463319,12739.7285330102
"z_3[1,239]",0.999999147646839,22512.6832285756,11722.9087366593
"z_3[1,240]",1.00068006120929,24022.9862168326,12023.5459992875
"z_3[1,241]",1.00018595489158,19636.5417263885,12477.3135647682
"z_3[1,242]",1.00028543572339,14332.6575027875,11973.1953439282
"z_3[1,243]",1.00013436004043,16006.6792283527,12710.8451662874
"z_3[1,244]",1.00007301998898,21093.772711329,11831.3700659981
"z_3[1,245]",1.00038970225391,11635.350450706,12275.7271598732
"z_3[1,246]",1.00001222094805,18115.250110712,12941.3254452292
"z_3[1,247]",1.00012239031864,17048.2424676008,12814.1834903422
"z_3[1,248]",1.000011760132,14539.3951189004,12395.7081097971
"z_3[1,249]",0.999961180530202,12857.4585866268,12987.758469625
"z_3[1,250]",0.999936494187744,21391.3898806923,12571.9547286678
"z_3[1,251]",1.00016869970431,8842.76394574814,11614.7198629601
"z_3[1,252]",1.00002238710323,12021.4004610125,12013.5392037173
"z_3[1,253]",1.00025074541829,12885.6400785535,11766.0836029385
"z_3[1,254]",1.00034705116911,16909.9968923566,13111.1985028317
"z_3[1,255]",1.00048172047866,15134.5757291707,12604.7235527699
"z_3[1,256]",1.0001556665148,17290.3926091081,12682.079643616
"z_3[1,257]",1.00051704331558,22691.5123589471,11074.0625366556
"z_3[1,258]",0.999939886258361,15067.9983178435,12863.7437642906
"z_3[1,259]",1.0001415607051,8983.75386405597,11148.9067820849
"z_3[1,260]",1.00024792494587,8676.11013743202,11035.8230881252
"z_3[1,261]",1.0000916106665,18295.0908834658,12726.9905313577
"z_3[1,262]",1.00020304472963,13373.5721330722,12087.1470248358
"z_3[1,263]",1.00023296175388,21401.3182566849,12211.6897068199
"z_3[1,264]",1.00032080050105,15484.5450541906,12785.1029295933
"z_3[1,265]",1.0001296136907,14024.9047460999,12113.6866042721
"z_3[1,266]",1.00003768966181,18348.2451151507,13243.5612106757
"z_3[1,267]",1.0000950782958,17644.4521321048,12602.4018408414
"z_3[1,268]",1.0000841633735,19287.786804804,12357.1058505478
"z_3[1,269]",1.00054321915947,15521.1156167985,13163.0850144853
"z_3[1,270]",1.00022231914421,19738.3749098379,13472.3649273105
"z_3[1,271]",1.00051564491645,16459.6227825338,10937.2447680614
"z_3[1,272]",0.999866827306486,16775.6217990111,11329.5445736339
"z_3[1,273]",1.00033786942822,23110.5107389521,11076.778784778
"z_3[1,274]",0.999955352750799,16970.8663662044,12738.4030746231
"z_3[1,275]",0.999985582881508,18393.6417931497,12487.4451617416
"z_3[1,276]",1.00042512718344,18250.9934380864,11288.7491870314
"z_3[1,277]",0.999985951545983,17292.3645564027,13369.9159455237
"z_3[1,278]",1.00014297786318,15557.1051471215,12676.7095126426
"z_3[1,279]",1.00013942418953,25686.2793933817,11977.9993301444
"z_3[1,280]",1.00017245973529,14684.0657100064,12574.2323251484
"z_3[1,281]",1.00044850170279,15683.6765564251,12156.8541700546
"z_3[1,282]",1.00010166021428,14732.8229335742,12452.6606035636
"z_3[1,283]",0.999992879325721,16759.3599446388,12942.727198794
"z_3[1,284]",1.00033426563537,7801.36964706017,11129.2211854304
"z_3[1,285]",1.00045134514238,12991.0574379413,12432.336552955
"z_3[1,286]",1.00001923046834,16141.0759565774,12507.503883014
"z_3[1,287]",1.00037038686278,11981.1404550547,10842.9103030525
"z_3[1,288]",1.00010076882442,15516.5732393105,12239.1209402393
"z_3[1,289]",1.00015393854817,13702.4703202074,11937.5488119773
"z_3[1,290]",1.00010770417775,17085.6612595252,12483.3401395618
"z_3[1,291]",1.00014528945194,19985.7540042858,13445.4611028745
"z_3[1,292]",1.00096078075805,13301.4355658446,11610.4096445949
"z_3[1,293]",1.00031185630741,19071.3930367914,12418.528690288
"z_3[1,294]",1.00005681208588,16189.4214271014,12947.1183419641
"z_3[1,295]",1.00061807888976,12251.2617473258,12415.1655152783
"z_3[1,296]",1.00019773413728,19093.3282668835,11420.3668864665
"z_3[1,297]",1.00010275397851,20254.071315759,12697.7510817935
"z_3[1,298]",1.00038488105448,20314.2669822317,11423.0611509143
"z_3[1,299]",1.00012913096971,16163.1557603886,11973.1906445969
"z_3[1,300]",1.00002182882334,23036.9729982038,11429.5813811378
"z_3[1,301]",1.00059293044783,22098.6007000541,11493.2309522022
"z_3[1,302]",1.00028323319004,19595.017586435,11465.8756141049
"z_3[1,303]",1.00008549441889,16442.6584137069,11922.2856707614
"z_3[1,304]",1.00015926211696,12643.7988085907,9583.20975673261
"z_3[1,305]",1.00003493534666,16774.1773846651,12480.2155364333
"z_3[1,306]",1.00008690440856,13455.4587726318,11365.8676179001
"z_3[1,307]",0.999930236670884,13232.6247289982,12229.5077925791
"z_3[1,308]",0.99997457498493,17887.4254528347,12419.6648194951
"z_3[1,309]",1.00009398993276,18875.4202254083,12433.0954117957
"z_3[1,310]",1.00002189594894,14041.868133989,12417.0222613223
"z_3[1,311]",1.00094521682826,6218.55071396543,8618.92086347365
"z_3[1,312]",1.00030955444083,16551.0922446011,12499.5744446986
"z_3[1,313]",1.00045245342523,17429.1940204817,11472.2142448745
"z_3[1,314]",1.00018265925662,15513.1925688321,12054.7989777835
"z_3[1,315]",1.0001155549837,16652.2306959093,12371.7785632771
"z_3[1,316]",1.00027831441552,21403.5073110259,12279.5245487905
"z_3[1,317]",1.00001803593115,12471.0520321877,9513.86614450152
"z_3[1,318]",1.00008377665071,20027.2971606722,11735.4622572419
"z_3[1,319]",1.0001249548089,13735.9573281669,13177.7630486963
"z_3[1,320]",1.00028479788405,17317.7137081119,12477.1800236014
"z_3[1,321]",1.00014737203237,13877.3730486218,11297.3226301675
"z_3[1,322]",0.99997020016304,17264.0245276576,12852.7919069429
"z_3[1,323]",1.00000857263173,16802.2388122273,11374.9251264698
"z_3[1,324]",1.00034879005428,12019.0912106782,11183.9756959826
"z_3[1,325]",1.00033539548268,10271.7118144629,9840.36406486224
"z_3[1,326]",1.00037142657478,18731.6391403631,11385.1523416685
"z_3[1,327]",1.00007063778307,14661.9561025225,12581.7986683132
"z_3[1,328]",1.00025126759958,15892.3868430799,12548.3317774067
"z_3[1,329]",1.00020609247306,15923.7761489626,12584.5686561889
"z_3[1,330]",1.00052081812925,21138.8507774916,11437.2091340629
"z_3[1,331]",1.00019473124226,17195.2712920835,11920.4351991678
"z_3[1,332]",0.999982908168596,14191.2153165303,12633.77913306
"z_3[1,333]",1.00012647514579,12504.0975717368,12639.9883701736
"z_3[1,334]",1.000046406898,20582.7755869344,12638.4923322717
"z_3[1,335]",0.999974504411195,20302.0074528466,11945.7123566042
"z_3[1,336]",1.00056038142236,22751.2489544233,12170.1589788482
"z_3[1,337]",0.999977973022927,17616.4821889647,12622.9644510715
"z_3[1,338]",1.00019275178004,16675.1822046143,12170.3855979661
"z_3[1,339]",0.999986367831302,14300.817810894,12462.8467963992
"z_3[1,340]",1.00020724186436,19976.156034927,12060.8634810526
"z_3[1,341]",0.999950142031516,20215.8360566198,12330.430616631
"z_3[1,342]",0.999989257156108,23563.927037695,11473.8882668292
"z_3[1,343]",1.00084084752166,17092.2606629744,12365.8224754977
"z_3[1,344]",1.00054566974671,18659.8535694723,12217.7677494104
"z_3[1,345]",1.00020793911965,21085.2948070219,12074.6433306845
"z_3[1,346]",1.00009493849313,15091.7342075349,11653.0878385104
"z_3[1,347]",1.00017759568109,20551.1787146803,11839.8728173873
"z_3[1,348]",1.00006505600929,21878.8791922111,11975.7474131488
"z_3[1,349]",0.999877316765479,16714.206567896,12369.9582173019
"z_3[1,350]",1.00027829588628,9496.57791732161,9354.89794088257
"z_3[1,351]",1.00027892625758,23063.8048527769,11969.4926568898
"z_3[1,352]",1.00021222852462,10557.4913110713,11961.3638425709
"z_3[1,353]",1.00070131735371,12281.4268493369,12123.8683807622
"z_3[1,354]",1.0006024336663,17354.9628111122,12964.195537434
"z_3[1,355]",1.00021741815418,17412.5531455146,13027.1717553633
"z_3[1,356]",0.999948087478649,24174.2882987905,11609.7960626784
"z_3[1,357]",1.00006972775294,17858.3998306685,12764.8488086332
"z_3[1,358]",0.999971395588681,20478.0355353587,12279.0647535773
"z_3[1,359]",0.999985433361444,16923.0910666842,11058.9308275431
"z_3[1,360]",0.999957216937312,22756.1902936147,11370.5593540339
"z_3[1,361]",1.00079241898829,16239.5829489496,12856.60621006
"z_3[1,362]",1.00013894062959,16217.9649315892,10589.3096231239
"z_3[1,363]",1.00083217270846,22639.6113109565,11034.0536310331
"z_3[1,364]",1.00029633833772,16711.6840742635,12652.1159672391
"z_3[1,365]",1.00011311319828,18290.5383928157,12061.866665976
"z_3[1,366]",1.00033078888015,22759.8538278653,12013.87437841
"z_3[1,367]",0.999974751671871,18695.331433457,13047.4474173802
"z_3[1,368]",1.00016821577019,16693.3805463193,12600.3087398754
"z_3[1,369]",1.00020317671794,24003.0333766574,11381.2827263645
"z_3[1,370]",0.999996182113853,22001.6895410032,10700.0511624841
"z_3[1,371]",1.00010155021528,12365.3396450649,12665.667759533
"z_3[1,372]",1.00017512875373,15115.6520880065,13240.4914674528
"z_3[1,373]",1.00036057583657,18797.040052213,13285.5049593067
"z_3[1,374]",1.00019770028863,13383.2899041885,11210.93532681
"z_3[1,375]",1.00063722407873,6800.13164217896,8718.77207739352
"z_3[1,376]",1.00025212278499,25319.1068937395,10487.1316180676
"z_3[1,377]",1.00021124241958,16792.3137394868,11881.3851843808
"z_3[1,378]",1.00087241523188,2923.62555302419,6287.99000797508
"z_3[1,379]",1.00054882956446,21799.1769301297,11034.1038722644
"z_3[1,380]",1.00033190333243,6584.58102741099,9314.62947403486
"z_3[1,381]",0.999932582878302,16448.7430353888,12818.871719279
"z_3[1,382]",1.00024776126351,22538.4358691094,11150.1203492409
"z_3[1,383]",1.000301586391,20364.5647125238,11421.9037733991
"z_3[1,384]",1.00005219297708,21835.1257415532,11931.7333461155
"z_3[1,385]",1.00022123142227,23215.4833834483,12934.6916448084
"z_3[1,386]",1.00054490584764,20765.7930049222,12071.8472316758
"z_3[1,387]",0.999962108153247,21562.9582609709,12479.9225054414
"z_3[1,388]",1.00035716267691,22227.4732225735,12375.391520725
"z_3[1,389]",1.00000617460032,23781.9162577213,11911.7875191485
"z_3[1,390]",1.00035340077579,7516.87874016984,9056.23584676197
"z_3[1,391]",1.00024788803724,26530.2076670565,12159.1766105266
"z_3[1,392]",1.00030323575947,10534.5670043683,9507.70972061459
"z_3[1,393]",1.00049048006767,13218.3710288447,11651.7506200103
"z_3[1,394]",1.00003140173726,17944.5915426863,12809.4157862881
"z_3[1,395]",1.0000566938086,18885.0111081374,11893.7558810029
"z_3[1,396]",1.0001389713754,19740.3622524927,12662.8236211494
"z_3[1,397]",1.00013304259721,15561.2202651844,13000.2861775198
"z_3[1,398]",1.00005265738467,23895.0670805046,10893.9228662327
"z_3[1,399]",1.00039363265358,18289.1911991041,12769.4501993551
"z_3[1,400]",1.00006680955656,15892.7191633852,12535.2581446976
"z_3[1,401]",1.00023258805151,16833.1088624938,13005.8938432439
"z_3[1,402]",1.0005684313353,20878.7328565177,12161.6850354464
"z_3[1,403]",1.00030995994063,16712.2745911396,12512.5480008304
"z_3[1,404]",1.00001634584872,14182.7780862794,11029.6826502351
"z_3[1,405]",1.0002397131036,17289.3884824279,12504.4515070745
"z_3[1,406]",0.999923016824532,17136.7467359954,12448.3017821451
"z_3[1,407]",1.00029385184796,16754.175251514,11612.9747259389
"z_3[1,408]",1.00037348230823,20174.9976099974,12379.3618703139
"z_3[1,409]",1.00009828808865,21770.8045328189,10056.0092331903
"z_3[1,410]",1.00005239028327,7570.5602913025,10296.5996867561
"z_3[1,411]",1.0000424868753,15390.9383827687,13181.0346364077
"z_3[1,412]",0.999976813984789,20654.2974156417,12970.4228580088
"z_3[1,413]",1.00017637094319,18838.9363492637,12378.2665292265
"z_3[1,414]",0.999897946605333,13178.5604227042,12820.7326891432
"z_3[1,415]",1.00007151584802,10645.2899875222,12472.4411807034
"z_3[1,416]",1.00005496739135,15216.8962107537,12796.8104530473
"z_3[1,417]",1.00033529666675,12141.7518931797,11652.8748287815
"z_3[1,418]",1.00034824565178,14050.775680078,11832.8113825805
"z_3[1,419]",1.00022535618087,16533.4163506187,12296.459200496
"z_3[1,420]",1.00047690707233,22331.4238141403,12026.0977177927
"z_3[1,421]",0.999912033862289,18594.2882282527,11594.1132448918
"z_3[1,422]",1.00027242079409,11466.8060438701,11988.7137297644
"z_3[1,423]",1.00013123967618,16690.5785115421,12752.5656841143
"z_3[1,424]",1.00017863620539,20491.4552155785,12773.4688872268
"z_3[1,425]",1.00045623949824,13915.5446982263,11459.6571555965
"z_3[1,426]",1.00068039826828,15527.7463183252,10555.1392705064
"z_3[1,427]",1.00010104204305,14296.2973228691,12639.7264850069
"z_3[1,428]",1.00025824699892,19091.4992396799,12494.9456015976
"z_3[1,429]",1.00000750656077,17054.5623894875,12949.15189747
"z_3[1,430]",1.00034856315465,14957.4611109369,11419.32847706
"z_3[1,431]",1.00042172060039,14218.5802358281,11588.9081606508
"z_3[1,432]",0.999976969032602,18531.0667565168,11977.4217251161
"z_3[1,433]",1.00016512204119,9483.8818794189,11800.0870195154
"z_3[1,434]",1.0000743963811,14313.2500288459,12324.0296007226
"z_3[1,435]",1.00052035795688,16244.4461582123,12212.2004086799
"z_3[1,436]",1.00029398774538,14445.680051862,12025.2054984252
"z_3[1,437]",1.00069145758922,3736.9269873748,7427.28673599308
"z_3[1,438]",1.00007550368505,13037.5189508893,12434.8691741654
"z_3[1,439]",1.00057755711936,15163.1607572341,13298.6370451487
"z_3[1,440]",1.00006872521971,11103.5960773354,9558.99517775903
"z_3[1,441]",1.00004233678805,13359.9229453388,12418.4122585291
"z_3[1,442]",1.0007716348721,23800.7287654106,11349.4096396395
"z_3[1,443]",1.00026608473555,13982.8082949159,12310.3923780977
"z_3[1,444]",1.00043665750994,23468.5991526154,12222.9494953959
"z_3[1,445]",1.00007319363744,13818.9965701056,11928.673401545
"z_3[1,446]",1.00045138204633,11669.8936854911,11038.6625028108
"z_3[1,447]",1.00035825617339,11252.2176715087,12047.6040515841
"z_3[1,448]",1.00002111274631,16923.8763056588,11837.4839876937
"z_3[1,449]",1.0006250177452,20587.8098656667,12192.7377131619
"z_3[1,450]",1.00027423021419,14955.7688448261,12559.3954476283
"z_3[1,451]",1.00019900144857,15413.7437174196,13077.0829486411
"z_3[1,452]",1.00027212400934,16754.3522468353,11932.702235682
"z_3[1,453]",0.999900321722967,17560.8463362236,13083.1935041857
"z_3[1,454]",0.999942887691758,17828.0736759774,12521.5446583964
"z_3[1,455]",1.00046138116755,13565.3781857094,12397.1861173086
"z_3[1,456]",1.00005103130473,21764.6856136605,10605.3395467157
"z_3[1,457]",1.00003710689404,19789.1899688333,12098.9771375625
