"parameter","rhat","ess_bulk","ess_tail"
"b_Intercept",0.999974386320077,15328.3867105435,10786.2576407773
"sd_effect.size.id__Intercept",1.00079148985228,4994.18669075581,8837.40115224993
"sd_species.id__Intercept",1.00094210947592,2431.07238859154,3459.82516518696
"sd_species.id.phy__Intercept",1.00068645620908,3669.40027330273,4227.80227519209
"sd_study.id__Intercept",1.00085859899965,2059.71920219741,3710.53777056373
"sigma",NA,NA,NA
"Intercept",0.999974386320077,15328.3867105435,10786.2576407773
"r_effect.size.id[1,Intercept]",1.00012022358165,31379.9922072545,12193.8422597446
"r_effect.size.id[2,Intercept]",1.00078289674194,40536.9172710858,11194.9166560076
"r_effect.size.id[3,Intercept]",1.00007904254855,37698.4928518857,11510.5454558754
"r_effect.size.id[4,Intercept]",1.00004575697831,38209.9987113918,10989.4886285003
"r_effect.size.id[5,Intercept]",1.00025923692646,37128.8158605023,10805.6341456952
"r_effect.size.id[6,Intercept]",1.00067341152107,39976.5544157445,10597.3924395693
"r_effect.size.id[7,Intercept]",1.0000245558069,40984.936494889,10216.1482429228
"r_effect.size.id[8,Intercept]",1.00041907005051,39572.4608437583,11859.4140031179
"r_effect.size.id[9,Intercept]",0.99992584280491,37618.6923332009,11091.5599829359
"r_effect.size.id[10,Intercept]",1.00007093074461,44191.7838323535,10799.5045031862
"r_effect.size.id[11,Intercept]",0.999922681844433,39400.1933215023,10015.442730049
"r_effect.size.id[12,Intercept]",1.00025809580068,39290.9548106874,12208.7159438505
"r_effect.size.id[13,Intercept]",1.00044507448416,37163.5057984743,11555.4640577963
"r_effect.size.id[14,Intercept]",1.00019905576518,24839.461340385,11785.528710749
"r_effect.size.id[15,Intercept]",1.00059078064957,32064.9637844946,11943.6014716868
"r_effect.size.id[16,Intercept]",1.00019010206504,41820.3335343454,11310.6832328423
"r_effect.size.id[17,Intercept]",1.00017156257661,36701.1248533627,10912.2646429945
"r_effect.size.id[18,Intercept]",1.0004727385341,35580.5314660512,12084.9493767265
"r_effect.size.id[19,Intercept]",1.00014649193481,28427.6306373235,12009.3461829862
"r_effect.size.id[20,Intercept]",1.00048214670082,33111.182540221,12129.3542299616
"r_effect.size.id[21,Intercept]",1.00027007027443,29854.4600020278,12639.871680091
"r_effect.size.id[22,Intercept]",1.00015542042454,32731.1757364601,12785.1868729313
"r_effect.size.id[23,Intercept]",0.999967407039544,34529.7219899409,11869.9219789703
"r_effect.size.id[24,Intercept]",1.00094049306998,35539.7142591247,10695.0684975266
"r_effect.size.id[25,Intercept]",0.999999051668664,33442.5125479706,12052.2172107327
"r_effect.size.id[26,Intercept]",1.00001929911621,41061.1998051162,11096.3697093372
"r_effect.size.id[27,Intercept]",0.999880397239411,36822.325525123,11555.7946591706
"r_effect.size.id[28,Intercept]",1.00014847336169,20717.7859737273,12379.9670964317
"r_effect.size.id[29,Intercept]",1.00033388904349,20330.4488219365,12859.1848480127
"r_effect.size.id[30,Intercept]",1.00036900217652,38628.7509570782,11735.203853851
"r_effect.size.id[31,Intercept]",1.00040403445622,37638.3315895213,10640.3856230249
"r_effect.size.id[32,Intercept]",1.00028500450959,34722.9366572419,12876.3322454878
"r_effect.size.id[33,Intercept]",1.00069116030248,35601.5566824725,12067.9793172017
"r_effect.size.id[34,Intercept]",1.00028110856033,42657.4517731031,11193.6624546583
"r_effect.size.id[35,Intercept]",0.999882806849415,35213.9623800509,10819.3084639643
"r_effect.size.id[36,Intercept]",0.999935000832995,43671.2520953076,11355.5971760715
"r_effect.size.id[37,Intercept]",1.00056076578597,42131.739803494,11478.7082849419
"r_effect.size.id[38,Intercept]",1.00070165911485,41901.4284230342,10168.8644731065
"r_effect.size.id[39,Intercept]",1.00027992096498,38955.2574456042,9981.11810925316
"r_effect.size.id[40,Intercept]",1.00015568759252,40460.714741034,10892.7133146931
"r_effect.size.id[41,Intercept]",0.999923418642957,38350.6003145024,12178.3778886306
"r_effect.size.id[42,Intercept]",1.00039853494441,34871.7827160031,10635.3775908321
"r_effect.size.id[43,Intercept]",1.00048097418118,35384.0772327448,13008.2153516913
"r_effect.size.id[44,Intercept]",1.00022842402118,39733.5841986724,12210.9623358906
"r_effect.size.id[45,Intercept]",1.00047278072614,35423.2168066839,11605.5057290796
"r_effect.size.id[46,Intercept]",1.00018078085098,32597.6725793543,12801.8015498547
"r_effect.size.id[47,Intercept]",1.00023035500027,38153.3014014711,11760.0799738213
"r_effect.size.id[48,Intercept]",1.00024388309378,36033.656571349,12591.8690283763
"r_effect.size.id[49,Intercept]",0.99987083227965,34493.8620934181,12221.7294038206
"r_effect.size.id[50,Intercept]",0.999968331639007,34167.7013672932,11224.421102365
"r_effect.size.id[51,Intercept]",1.0000649781543,42041.1484177685,10633.519765901
"r_effect.size.id[52,Intercept]",1.00057750548084,40701.3997081086,10215.6861935188
"r_effect.size.id[53,Intercept]",1.00095699237276,44275.2014627268,11200.7904250674
"r_effect.size.id[54,Intercept]",1.00038650221721,42018.1331115446,9822.18589237641
"r_effect.size.id[55,Intercept]",1.00039207908467,39979.5479677249,9888.93370411667
"r_effect.size.id[56,Intercept]",1.0000589831988,38174.2913362008,11448.7236319481
"r_effect.size.id[57,Intercept]",1.00059519071825,38210.9487915846,10519.3862165035
"r_effect.size.id[58,Intercept]",1.00016441726821,43788.2037347268,10683.5018800084
"r_effect.size.id[59,Intercept]",1.00087130168445,41633.8984764092,11248.5464611447
"r_effect.size.id[60,Intercept]",1.00071520199953,39339.3107767394,10834.6951580204
"r_effect.size.id[61,Intercept]",1.000653203887,40246.5534079141,10803.7226618628
"r_effect.size.id[62,Intercept]",0.999910045655198,38983.4554180314,11266.1086671839
"r_effect.size.id[63,Intercept]",1.0007612586352,40499.8243073778,11040.9502737976
"r_effect.size.id[64,Intercept]",1.00033153115415,40660.9334994186,11014.0921571887
"r_effect.size.id[65,Intercept]",1.00026253629058,42409.3734217776,10646.141373439
"r_effect.size.id[66,Intercept]",1.00024803083604,35785.8888663404,12743.9277835072
"r_effect.size.id[67,Intercept]",1.000114049249,36832.5700690826,10927.6095162471
"r_effect.size.id[68,Intercept]",1.00080519345909,43032.8512319279,11082.1100770235
"r_effect.size.id[69,Intercept]",1.00004783418878,36511.3857369253,12414.363581947
"r_effect.size.id[70,Intercept]",1.00063572508052,36674.5320132591,12137.299274019
"r_effect.size.id[71,Intercept]",1.00043788426839,39286.1573857769,12071.4106101998
"r_effect.size.id[72,Intercept]",1.00116521582288,40120.8314038894,11764.0277380354
"r_effect.size.id[73,Intercept]",1.00015974305795,38448.6370901551,12888.8838100675
"r_effect.size.id[74,Intercept]",1.00006877591919,36533.345530937,10890.4593364436
"r_effect.size.id[75,Intercept]",1.00015372965207,45889.4284847734,11107.2415177817
"r_effect.size.id[76,Intercept]",1.00059879731926,38494.2056396632,11453.4526700444
"r_effect.size.id[77,Intercept]",1.00015465974675,39457.6831184634,11684.1008140289
"r_effect.size.id[78,Intercept]",1.00006247343883,42059.6579233891,11196.9833887072
"r_effect.size.id[79,Intercept]",1.00019080311064,36840.8672461657,12117.2960893749
"r_effect.size.id[80,Intercept]",1.0004087703919,37149.9155504731,11325.128594843
"r_effect.size.id[81,Intercept]",1.00031116438051,35581.1525290512,11718.6579541485
"r_effect.size.id[82,Intercept]",1.00009507760496,36943.2265582809,11656.4530810182
"r_effect.size.id[83,Intercept]",0.999945363596202,35264.4482591145,11093.1848694905
"r_effect.size.id[84,Intercept]",1.00048197352621,39784.1860386118,11365.405626266
"r_effect.size.id[85,Intercept]",1.00010573998556,40922.0820731496,10724.3324927075
"r_effect.size.id[86,Intercept]",1.00035737796475,39834.5142961557,11932.5395601657
"r_effect.size.id[87,Intercept]",0.999941721842747,38310.8864134344,10884.0069369962
"r_effect.size.id[88,Intercept]",1.00027057178371,39204.2754834165,11614.2714267596
"r_effect.size.id[89,Intercept]",1.00054188860634,40711.2723728734,11783.1884192476
"r_effect.size.id[90,Intercept]",1.00080508220787,35877.0061177097,11469.5194868383
"r_effect.size.id[91,Intercept]",1.00095400155526,41389.8245071267,11146.0638169157
"r_effect.size.id[92,Intercept]",1.00038823766007,35969.4230874048,11675.6998056074
"r_effect.size.id[93,Intercept]",0.999998099593906,37043.228282417,10524.2557916549
"r_effect.size.id[94,Intercept]",0.999975221965311,37746.2877564907,12305.5638373999
"r_effect.size.id[95,Intercept]",1.00011228780545,36426.7554805681,12397.03264069
"r_effect.size.id[96,Intercept]",0.999890366270475,32125.8712725793,12527.2484043772
"r_effect.size.id[97,Intercept]",1.00065481990654,37477.4141943712,11556.2671611889
"r_effect.size.id[98,Intercept]",1.00076262100299,40811.0979431296,10962.9919170239
"r_effect.size.id[99,Intercept]",0.999998740701974,35303.0289477662,12219.3865418899
"r_effect.size.id[100,Intercept]",1.00015021519534,34466.1714594083,12341.9557276283
"r_effect.size.id[101,Intercept]",1.0002351666089,29544.8576669812,11985.056557393
"r_effect.size.id[102,Intercept]",1.00018660917352,33525.1458140057,11307.1863698082
"r_effect.size.id[103,Intercept]",1.00050862751301,37443.4108819753,10648.103892026
"r_effect.size.id[104,Intercept]",0.999991830175675,44042.4454989251,11263.6781855329
"r_effect.size.id[105,Intercept]",1.00045843471063,38745.9290428315,11688.6354731405
"r_effect.size.id[106,Intercept]",1.00037755363443,35104.5840440605,12256.8990733412
"r_effect.size.id[107,Intercept]",1.00028141992153,28250.6360695946,13245.8591578048
"r_effect.size.id[108,Intercept]",1.00023966335465,35379.9000548117,11379.2875747869
"r_effect.size.id[109,Intercept]",1.00001650603661,33638.4605781952,12931.9049739649
"r_effect.size.id[110,Intercept]",0.999990724813222,36149.0953314886,12149.7998388626
"r_effect.size.id[111,Intercept]",1.00007763605746,41224.6935535503,11954.3082877803
"r_effect.size.id[112,Intercept]",1.00037531272193,40801.4624639608,10880.3653838368
"r_effect.size.id[113,Intercept]",1.00022270600798,37391.344913685,11218.1992256162
"r_effect.size.id[114,Intercept]",0.999945319374345,37765.969221192,11356.2805200604
"r_effect.size.id[115,Intercept]",0.999862306628573,40735.7769759737,11139.4023162955
"r_effect.size.id[116,Intercept]",1.00006036935781,40862.7482781998,10802.0908404648
"r_effect.size.id[117,Intercept]",0.999947070594079,42380.6559965721,11243.9140730212
"r_effect.size.id[118,Intercept]",1.00018353919895,39913.2849147655,11958.9840703115
"r_effect.size.id[119,Intercept]",1.00030258278542,38578.5642108306,10864.7404910174
"r_effect.size.id[120,Intercept]",0.999996628464501,41063.0746130011,10813.9668662784
"r_effect.size.id[121,Intercept]",1.00017159358293,38169.4830903872,11509.0205251601
"r_effect.size.id[122,Intercept]",1.00002091571722,33624.1744066584,11498.4963884869
"r_effect.size.id[123,Intercept]",1.00014748323262,34653.9293940515,12789.156754699
"r_effect.size.id[124,Intercept]",1.00023936196495,33819.8692347768,11745.2063619268
"r_effect.size.id[125,Intercept]",1.0005445407966,35925.1261609944,12267.6728664683
"r_effect.size.id[126,Intercept]",1.00025238642526,38641.8285448192,11262.1593232414
"r_effect.size.id[127,Intercept]",1.00025125981779,34357.3527395064,12021.1788780062
"r_effect.size.id[128,Intercept]",1.00043204909868,38130.9105393755,12115.5674894334
"r_effect.size.id[129,Intercept]",1.00025709319036,31088.3041980136,12439.3638317786
"r_effect.size.id[130,Intercept]",1.00071660374035,39132.861283744,11535.8030965626
"r_effect.size.id[131,Intercept]",1.0002007985564,40147.2953282481,11921.6457450315
"r_effect.size.id[132,Intercept]",1.00026978358465,39447.5583980041,11967.5773507553
"r_effect.size.id[133,Intercept]",1.00009577443822,34117.3633089635,11630.4162145263
"r_effect.size.id[134,Intercept]",1.00035817300595,39174.8364076769,11527.3630140227
"r_effect.size.id[135,Intercept]",1.00004755260738,38803.3971771177,12178.5520055611
"r_effect.size.id[136,Intercept]",1.00016415181553,37954.286593593,11044.1286621296
"r_effect.size.id[137,Intercept]",1.0006618333811,42818.5776650507,11785.4939630032
"r_effect.size.id[138,Intercept]",1.00057299058453,40141.5672570306,10059.1262222624
"r_effect.size.id[139,Intercept]",1.00075656502413,39575.5789533538,11115.9892803063
"r_effect.size.id[140,Intercept]",1.00000321526313,40676.4204703759,11469.6927946124
"r_effect.size.id[141,Intercept]",1.00112266405872,38678.582461858,11368.2262860837
"r_effect.size.id[142,Intercept]",1.00031964959542,42395.9657112059,11770.9201704074
"r_effect.size.id[143,Intercept]",1.00010626851552,33505.4813670853,12157.1535384937
"r_effect.size.id[144,Intercept]",1.00025501378858,42020.8907584418,10793.0000390511
"r_effect.size.id[145,Intercept]",0.999894659535149,37943.0933852491,11808.067732874
"r_effect.size.id[146,Intercept]",1.00025280801632,35882.2277215941,11666.5095551033
"r_effect.size.id[147,Intercept]",1.00027019595289,40258.3009589907,10312.2217672885
"r_effect.size.id[148,Intercept]",1.00045381253633,42903.1795117246,10286.7698030863
"r_effect.size.id[149,Intercept]",1.00028185618422,45085.0154517894,11452.0478184408
"r_effect.size.id[150,Intercept]",1.00023205873478,39306.8178942669,10557.7894386757
"r_effect.size.id[151,Intercept]",1.001063119325,39390.2909558797,10806.8458602104
"r_effect.size.id[152,Intercept]",1.00015008893292,42712.9653073119,10668.1713391747
"r_effect.size.id[153,Intercept]",1.00011863120466,35220.6750811163,11614.6464649444
"r_effect.size.id[154,Intercept]",1.00053528109863,40156.3645537398,11429.4650277872
"r_effect.size.id[155,Intercept]",0.999949815618962,40224.2468027698,11073.3877024512
"r_effect.size.id[156,Intercept]",1.00057790007837,39145.7496016059,10561.7071614388
"r_effect.size.id[157,Intercept]",0.999916581177724,41076.451533636,11689.5524322327
"r_effect.size.id[158,Intercept]",1.00040274497041,42522.068017987,12056.2324772391
"r_effect.size.id[159,Intercept]",1.00010445155225,42744.125736502,10898.9027152834
"r_effect.size.id[160,Intercept]",1.00032083046049,40955.5729893717,10071.3337024227
"r_effect.size.id[161,Intercept]",1.00064979772425,39692.3724739271,11066.0833146621
"r_effect.size.id[162,Intercept]",1.00006603355608,36874.5129576737,12274.9654576812
"r_effect.size.id[163,Intercept]",1.00009021191725,39795.9444418816,11054.8039091772
"r_effect.size.id[164,Intercept]",1.00021170535618,38570.7078732571,11949.5044787347
"r_effect.size.id[165,Intercept]",1.00009064930588,41342.3291801525,10938.8104657704
"r_effect.size.id[166,Intercept]",1.00013577034424,38801.5281101515,12211.9781498628
"r_effect.size.id[167,Intercept]",1.00057925429696,40739.5481232433,11975.8203369969
"r_effect.size.id[168,Intercept]",1.00030251430988,38270.2455679877,10831.4324632633
"r_effect.size.id[169,Intercept]",1.00101714278996,37580.6515985841,10594.8119236141
"r_effect.size.id[170,Intercept]",1.00001272539616,42293.6918484793,10453.7877432234
"r_effect.size.id[171,Intercept]",1.00035099911134,40541.6931068734,10823.4036385509
"r_effect.size.id[172,Intercept]",1.00091078847707,45146.1067392598,11411.6668288877
"r_effect.size.id[173,Intercept]",1.00011761701685,41890.7517038277,11285.9451212908
"r_effect.size.id[174,Intercept]",1.00064616937285,40371.664180372,10776.8421189192
"r_effect.size.id[175,Intercept]",1.00053458566308,41873.8379213042,10840.0684047507
"r_effect.size.id[176,Intercept]",1.00023808941391,41120.8659019872,11247.9948167529
"r_effect.size.id[177,Intercept]",1.00013249475956,42840.888688754,11177.3533580203
"r_effect.size.id[178,Intercept]",1.00079936189725,38645.2541414951,10771.97592024
"r_effect.size.id[179,Intercept]",1.00017497600254,42939.2267056257,10943.1889074937
"r_effect.size.id[180,Intercept]",1.00040547288816,38190.6388037884,11713.0353755491
"r_effect.size.id[181,Intercept]",1.00065763555317,38175.1767069919,12045.8130422204
"r_effect.size.id[182,Intercept]",1.00064343332124,38592.8265243833,11527.4830882369
"r_effect.size.id[183,Intercept]",1.00058901262416,41651.5830658173,10763.9854424614
"r_effect.size.id[184,Intercept]",1.0002670175354,43031.7928734516,10020.5588407592
"r_effect.size.id[185,Intercept]",1.00012372485223,38586.2531059487,10853.7447623428
"r_effect.size.id[186,Intercept]",1.00065362214459,39089.2604945248,10258.0646801278
"r_effect.size.id[187,Intercept]",1.0008375124224,39217.3804724958,10834.8898645111
"r_effect.size.id[188,Intercept]",1.00071315026113,41291.0802823335,12044.2119899884
"r_effect.size.id[189,Intercept]",1.00035927430868,40047.1371244864,10390.8486842984
"r_effect.size.id[190,Intercept]",1.00004258825211,47733.5969405409,11254.4467055891
"r_effect.size.id[191,Intercept]",1.00010761589149,39420.9632454333,11388.6269377936
"r_effect.size.id[192,Intercept]",1.00028173282779,42221.7879278687,11787.1148241574
"r_effect.size.id[193,Intercept]",1.00101148532493,37106.7680302919,11242.5469446875
"r_effect.size.id[194,Intercept]",1.00059876547065,39318.1885595421,10516.9984699101
"r_effect.size.id[195,Intercept]",1.00071074246232,43950.326021758,11059.1118271359
"r_effect.size.id[196,Intercept]",1.00016307750378,39028.5112073662,10491.2654179828
"r_effect.size.id[197,Intercept]",1.00026439058333,44370.5693891888,10956.3199038889
"r_effect.size.id[198,Intercept]",1.00062063184804,42816.7176899944,11137.1006128166
"r_effect.size.id[199,Intercept]",1.00030952427084,37220.1707107313,10954.4458090616
"r_effect.size.id[200,Intercept]",1.00028329864341,42822.8609066807,11319.2460231056
"r_effect.size.id[201,Intercept]",1.00033625201059,38409.4396012036,10991.7710674235
"r_effect.size.id[202,Intercept]",1.00011808940577,44713.6732721186,11367.1819174035
"r_effect.size.id[203,Intercept]",1.00061332000266,41068.3655813491,11504.9431474458
"r_effect.size.id[204,Intercept]",0.999994999870071,38658.9923482125,11085.8946834313
"r_effect.size.id[205,Intercept]",0.999895710371153,37932.4489506011,11248.0354427789
"r_effect.size.id[206,Intercept]",0.999973337748633,41937.5909667976,10494.8647198163
"r_effect.size.id[207,Intercept]",0.999910369716466,44411.4106333207,11039.0038294227
"r_effect.size.id[208,Intercept]",1.00032549581216,37286.2059904411,11204.3849938393
"r_effect.size.id[209,Intercept]",1.0004010295132,39991.7492957918,11927.34706146
"r_effect.size.id[210,Intercept]",1.0008025729194,41242.4879398701,11241.5807863368
"r_effect.size.id[211,Intercept]",0.999951083835817,42705.4927430684,11290.1273870102
"r_effect.size.id[212,Intercept]",1.00027501564634,41193.4223626192,11387.7478617185
"r_effect.size.id[213,Intercept]",0.999988772461923,42565.6061830636,11278.4505469402
"r_effect.size.id[214,Intercept]",1.00105077986242,37540.4801996969,10981.8495904746
"r_effect.size.id[215,Intercept]",1.00049131825659,40536.6252249198,11854.4389194179
"r_effect.size.id[216,Intercept]",1.00104693452621,38360.2692743131,10637.9056226378
"r_effect.size.id[217,Intercept]",1.00045337696191,39799.1563306092,9750.2751698878
"r_effect.size.id[218,Intercept]",1.00019491774552,39893.83556124,10535.8657980455
"r_effect.size.id[219,Intercept]",1.00072450655013,42081.8945339599,11884.8947518362
"r_effect.size.id[220,Intercept]",1.000423323744,42606.4816164019,11078.0138421501
"r_effect.size.id[221,Intercept]",1.00007882945874,41481.9974016665,11153.1155065826
"r_effect.size.id[222,Intercept]",1.00054408828248,41775.1996604586,10653.905188807
"r_effect.size.id[223,Intercept]",1.00075510943984,39449.0976825739,11555.1655112345
"r_effect.size.id[224,Intercept]",1.00070786315884,41119.6706155462,10706.5009156033
"r_effect.size.id[225,Intercept]",1.00042401577319,39587.2818881865,11569.0984032482
"r_effect.size.id[226,Intercept]",1.00028591945688,41029.4192981701,10952.9538751853
"r_effect.size.id[227,Intercept]",1.00028143936025,39262.7846245611,11801.0927850067
"r_effect.size.id[228,Intercept]",1.00022235764819,39541.256945408,11163.7379968168
"r_effect.size.id[229,Intercept]",0.999837080325331,29207.7144854825,12124.6801682334
"r_effect.size.id[230,Intercept]",1.00016970262058,43574.7074650226,10810.9226258691
"r_effect.size.id[231,Intercept]",1.00027778070162,40726.7886118032,11686.3530765426
"r_effect.size.id[232,Intercept]",0.999899188554507,39844.7063830877,10735.364102433
"r_effect.size.id[233,Intercept]",1.00035363543862,44077.6261446429,10194.4425423898
"r_effect.size.id[234,Intercept]",1.00056727554071,39839.9228120242,11509.9862007444
"r_effect.size.id[235,Intercept]",1.00036062374332,44559.5098686852,11585.1112749763
"r_effect.size.id[236,Intercept]",1.00033890988232,40980.062468342,12772.4901275141
"r_effect.size.id[237,Intercept]",0.999960240549629,37883.3228467038,12610.0874346139
"r_effect.size.id[238,Intercept]",1.00036117749679,34164.8898322703,11697.5598499017
"r_effect.size.id[239,Intercept]",1.00058632102557,36765.0917343309,12575.0719834205
"r_effect.size.id[240,Intercept]",1.00007697021671,34431.0438988659,12085.8944336077
"r_effect.size.id[241,Intercept]",1.00039098216011,37190.5132180064,11686.9484675748
"r_effect.size.id[242,Intercept]",1.00065249941491,33225.7239480925,11608.7058991014
"r_effect.size.id[243,Intercept]",1.0007407633033,40764.3154204995,11490.6688651699
"r_effect.size.id[244,Intercept]",1.00005455176926,36763.5574968728,10815.8304328925
"r_effect.size.id[245,Intercept]",0.999921919735425,37666.1063045838,12512.4044707958
"r_effect.size.id[246,Intercept]",1.00011672685861,36544.9703361697,13124.3185813495
"r_effect.size.id[247,Intercept]",1.00058223844405,32929.7910255285,12852.4282474581
"r_effect.size.id[248,Intercept]",1.00045529315323,32942.9243189516,12402.2478908023
"r_effect.size.id[249,Intercept]",1.00035332892773,30774.9349713279,13431.961378448
"r_effect.size.id[250,Intercept]",1.00119735762916,34725.2883505773,12199.3514379987
"r_effect.size.id[251,Intercept]",1.00076200969345,34076.907101964,13308.7668360521
"r_effect.size.id[252,Intercept]",1.0002806287449,27221.2563325415,12547.677444304
"r_effect.size.id[253,Intercept]",1.00090824736405,41256.6012904645,10399.7231675665
"r_effect.size.id[254,Intercept]",1.00017909312916,44180.3639750504,11854.8458069581
"r_effect.size.id[255,Intercept]",1.00035298926897,41655.2626754211,10813.2092480876
"r_effect.size.id[256,Intercept]",0.999995974774204,37869.4278844175,11728.6750823456
"r_effect.size.id[257,Intercept]",1.00071286549142,40316.4641678323,11972.5863720938
"r_effect.size.id[258,Intercept]",1.00010895896659,42101.2232799017,11490.4619103108
"r_effect.size.id[259,Intercept]",1.00063730192582,41647.9565353062,11852.4527053681
"r_effect.size.id[260,Intercept]",1.00076864987721,38950.5004421553,11433.7423741808
"r_effect.size.id[261,Intercept]",1.00056415314869,40296.852261438,11106.423348467
"r_effect.size.id[262,Intercept]",1.00071359558858,37676.483776667,11081.6054589795
"r_effect.size.id[263,Intercept]",1.00048657940079,37993.9220123326,10682.1643755591
"r_effect.size.id[264,Intercept]",1.00166412859926,37766.4136132065,11065.8954845742
"r_effect.size.id[265,Intercept]",1.00006482447157,39521.3714051257,10807.4756805518
"r_effect.size.id[266,Intercept]",1.0012905692062,44622.6901077214,11974.1260458982
"r_effect.size.id[267,Intercept]",0.999962941339972,39582.0708718846,11336.7702689342
"r_effect.size.id[268,Intercept]",1.00001564044091,32438.7628138441,11804.9427775696
"r_effect.size.id[269,Intercept]",1.00000567321079,35844.6839189808,10887.7042469844
"r_effect.size.id[270,Intercept]",1.0002674204661,35529.8172160795,12225.8126062087
"r_effect.size.id[271,Intercept]",1.00080959617995,36114.6731305705,12032.8001487545
"r_effect.size.id[272,Intercept]",1.00028851672671,39335.0424208811,11359.1238178574
"r_effect.size.id[273,Intercept]",1.00021919258551,37064.1345395615,11717.324101017
"r_effect.size.id[274,Intercept]",1.00017149016979,39172.0763297365,10742.5760048668
"r_effect.size.id[275,Intercept]",1.00185186514166,39688.0409133061,11081.0072592382
"r_effect.size.id[276,Intercept]",1.0002311754846,39042.1636307685,10944.1225971025
"r_effect.size.id[277,Intercept]",1.00013522411238,44969.2077620044,11267.283825566
"r_effect.size.id[278,Intercept]",1.0001655284498,41957.3228269245,10951.666480752
"r_effect.size.id[279,Intercept]",1.00045461824756,39779.5068433922,11381.0231905839
"r_effect.size.id[280,Intercept]",1.00027208496004,38965.5147378454,11665.9926613231
"r_effect.size.id[281,Intercept]",1.00005915053189,36122.6061873306,12560.1325030469
"r_effect.size.id[282,Intercept]",1.00039022836071,40151.1952420491,11566.094972592
"r_effect.size.id[283,Intercept]",1.00062248033617,37882.4195568109,11650.523850564
"r_effect.size.id[284,Intercept]",1.00003406327426,42598.9106788481,11885.5777631981
"r_effect.size.id[285,Intercept]",1.00061918099352,43437.2600316108,10503.8542086482
"r_effect.size.id[286,Intercept]",1.00037210417843,39033.676439905,10970.8736051593
"r_effect.size.id[287,Intercept]",1.00012872907483,35909.528072428,10704.7875011415
"r_effect.size.id[288,Intercept]",1.00040768032483,39918.0315331724,12357.81216835
"r_effect.size.id[289,Intercept]",1.0002666879471,41935.9176288384,11373.9074618723
"r_effect.size.id[290,Intercept]",0.99994777171224,35049.6847418091,11760.7946085801
"r_effect.size.id[291,Intercept]",1.00067085997026,41363.3494733681,10656.0340038605
"r_effect.size.id[292,Intercept]",1.00037524477559,36157.3820297616,12410.9971855745
"r_effect.size.id[293,Intercept]",1.00134563327149,37608.8544666798,12481.3387921608
"r_effect.size.id[294,Intercept]",1.00010836749259,19450.5448369317,12340.8123803899
"r_effect.size.id[295,Intercept]",1.00009473106484,19385.8076020121,12450.1631827986
"r_effect.size.id[296,Intercept]",0.999927327766023,22764.6583087238,14790.1911072667
"r_effect.size.id[297,Intercept]",0.999863235610181,23650.706792245,14387.9319577018
"r_effect.size.id[298,Intercept]",1.00000279792751,24567.5658391437,12119.8488659382
"r_effect.size.id[299,Intercept]",1.00005227120013,25649.3037084134,13081.94283204
"r_effect.size.id[300,Intercept]",1.0003565591497,37823.3508042706,11206.5696992065
"r_effect.size.id[301,Intercept]",1.0001380036377,40567.4300251348,10938.5993842533
"r_effect.size.id[302,Intercept]",1.00035299226727,35810.8658622257,11186.2190024092
"r_effect.size.id[303,Intercept]",1.00046982885155,39170.1079006851,11373.8218249581
"r_effect.size.id[304,Intercept]",1.00050890087027,39071.6893526588,11034.4468395958
"r_effect.size.id[305,Intercept]",1.00005681323267,29335.1260625468,12853.1121344703
"r_effect.size.id[306,Intercept]",1.00038589078351,39264.46564527,11651.3169771633
"r_effect.size.id[307,Intercept]",1.00047414415394,35681.6505099668,12056.70126282
"r_effect.size.id[308,Intercept]",1.00003113907303,39405.4883699939,11404.9020367595
"r_effect.size.id[309,Intercept]",1.00055318967308,36651.0356845684,11345.3019158044
"r_effect.size.id[310,Intercept]",1.00038799348172,38360.0936802272,10607.0337712026
"r_effect.size.id[311,Intercept]",1.00037009003727,38696.4091232647,11556.250853959
"r_effect.size.id[312,Intercept]",0.999929921761039,34313.2599021814,11765.532397517
"r_effect.size.id[313,Intercept]",1.00020902703236,31957.8664365815,11543.8742048128
"r_effect.size.id[314,Intercept]",1.00027933162585,34948.1177355606,12519.2662911058
"r_effect.size.id[315,Intercept]",1.00090210713821,37638.5915555617,10687.0688718308
"r_effect.size.id[316,Intercept]",1.00004133689909,41463.1462936251,10696.0762846167
"r_effect.size.id[317,Intercept]",1.00037166597812,42902.2074139662,11310.5271145734
"r_effect.size.id[318,Intercept]",1.00000528378127,41203.295304579,11110.0170359509
"r_effect.size.id[319,Intercept]",1.00053381199412,41119.7195676097,11697.5890648065
"r_effect.size.id[320,Intercept]",1.00102913901135,45046.019742283,11143.4372408461
"r_effect.size.id[321,Intercept]",1.00068717648006,28262.4961578848,12195.2759075998
"r_effect.size.id[322,Intercept]",1.00051426166399,36908.309212965,11730.0925408136
"r_effect.size.id[323,Intercept]",1.00108549716654,30512.6379585754,11571.4638002592
"r_effect.size.id[324,Intercept]",1.00058481598708,35366.9787693755,11513.6249879584
"r_effect.size.id[325,Intercept]",1.00015038113053,36623.9737426382,11598.2408547083
"r_effect.size.id[326,Intercept]",0.999920714000898,35722.7397530927,11865.0695287964
"r_effect.size.id[327,Intercept]",1.00055101984972,39773.9344817158,10936.9840836298
"r_effect.size.id[328,Intercept]",0.999949869769852,36466.2503306447,11215.6696769124
"r_effect.size.id[329,Intercept]",1.00040541235783,32231.3967775057,12735.787393304
"r_effect.size.id[330,Intercept]",1.00056846846252,22746.3315923874,13388.391286053
"r_effect.size.id[331,Intercept]",1.00049991075577,28996.3706775342,13808.8228523969
"r_effect.size.id[332,Intercept]",1.00099772839105,31941.8579648224,12251.845576711
"r_effect.size.id[333,Intercept]",1.00004586660873,44003.8174981355,10841.4320033399
"r_effect.size.id[334,Intercept]",1.000309113323,36404.1204975137,11074.0922806315
"r_effect.size.id[335,Intercept]",1.00051404104219,36941.1566792764,12288.8367683159
"r_effect.size.id[336,Intercept]",0.999987169329636,37268.7437445851,11419.1759047673
"r_effect.size.id[337,Intercept]",1.00058431140287,40431.2160612554,11488.8804617533
"r_effect.size.id[338,Intercept]",1.00006291273209,32953.2340593691,12407.5275109932
"r_effect.size.id[339,Intercept]",1.00059731081944,37337.2049299056,11484.6615677149
"r_effect.size.id[340,Intercept]",1.00045349748808,37072.7666436554,11843.3763772305
"r_effect.size.id[341,Intercept]",0.999874667183225,21830.9295543327,12167.4768540949
"r_effect.size.id[342,Intercept]",1.00021619008972,25398.6175304635,13114.6830671672
"r_effect.size.id[343,Intercept]",1.00004426163043,25810.4588779051,12834.8366545242
"r_effect.size.id[344,Intercept]",0.999977155611353,28400.7178290466,13374.3227739105
"r_effect.size.id[345,Intercept]",1.00014895484126,22908.583811152,12866.5438912824
"r_effect.size.id[346,Intercept]",1.00039795264111,22414.0650109024,13399.9398917276
"r_effect.size.id[347,Intercept]",1.00023787414675,23690.1168554959,13219.7497857082
"r_effect.size.id[348,Intercept]",1.00005887309804,22155.4168533175,14299.5028033846
"r_effect.size.id[349,Intercept]",1.00015893035766,23705.3633099055,14901.1003736836
"r_effect.size.id[350,Intercept]",1.00064312537942,30618.175808201,13459.5845013058
"r_effect.size.id[351,Intercept]",0.999972973932942,31892.2097471672,13714.6849218378
"r_effect.size.id[352,Intercept]",1.0000970776906,32460.0498431097,12288.9578032023
"r_effect.size.id[353,Intercept]",1.0004816914555,33841.05752623,11317.8379051406
"r_effect.size.id[354,Intercept]",1.00068352415941,30103.0097514793,11852.145339233
"r_effect.size.id[355,Intercept]",1.00062876326823,40805.5160768209,10969.3914720962
"r_effect.size.id[356,Intercept]",1.00061766261625,41701.775209909,11385.8490708112
"r_effect.size.id[357,Intercept]",1.00035135845347,38843.0739957358,11330.6485462646
"r_effect.size.id[358,Intercept]",1.00005737303437,20411.0420794582,12675.4553930017
"r_effect.size.id[359,Intercept]",1.00002006367544,27516.7894481833,13612.3721506233
"r_effect.size.id[360,Intercept]",1.00030028675628,27853.854415331,14158.6422110247
"r_effect.size.id[361,Intercept]",1.00001510778475,29806.6127775662,11265.9872888186
"r_effect.size.id[362,Intercept]",0.999970608298739,36054.7428598301,11502.6505136833
"r_effect.size.id[363,Intercept]",1.00045099556671,35460.5626908501,11937.7685454179
"r_effect.size.id[364,Intercept]",1.0001756323099,36366.9813650285,12440.5081985643
"r_effect.size.id[365,Intercept]",1.00063921623911,35504.8231117519,11848.6034256044
"r_effect.size.id[366,Intercept]",1.00005285248589,39647.3548645411,12390.9387444631
"r_effect.size.id[367,Intercept]",1.00011661149578,35671.8783012177,12145.573980738
"r_effect.size.id[368,Intercept]",1.00039556637595,39977.348330777,12602.4295916158
"r_effect.size.id[369,Intercept]",1.00087267999775,37381.0955469138,12935.4180029657
"r_effect.size.id[370,Intercept]",1.00009767462171,38524.9651325443,11261.5535416094
"r_effect.size.id[371,Intercept]",1.00012440731104,42958.1852811387,10822.2175428342
"r_effect.size.id[372,Intercept]",1.00009563230744,38300.5970583687,11573.6513853057
"r_effect.size.id[373,Intercept]",0.999966198808876,41075.6237160273,10513.1568771847
"r_effect.size.id[374,Intercept]",0.999980065129211,26972.3791772711,12908.681016159
"r_effect.size.id[375,Intercept]",0.999954502957257,25661.3094657427,11750.243413425
"r_effect.size.id[376,Intercept]",1.00001907857055,37937.5523679212,12371.0681611958
"r_effect.size.id[377,Intercept]",1.00076251134654,42046.3945028125,10206.5504929856
"r_effect.size.id[378,Intercept]",1.00052521933225,40541.0120152027,11155.4295510532
"r_effect.size.id[379,Intercept]",1.00080721762694,41049.8558167968,11395.8955552848
"r_effect.size.id[380,Intercept]",1.0000136216163,36810.4788920993,11354.8142316942
"r_effect.size.id[381,Intercept]",1.0001043642987,39103.3753901427,12114.5839565864
"r_effect.size.id[382,Intercept]",1.00103976116168,39831.3818735818,11057.2533593631
"r_effect.size.id[383,Intercept]",1.00030581231614,37446.9876259595,10677.6507931483
"r_effect.size.id[384,Intercept]",1.000332099372,39783.3337649795,11454.9436608789
"r_effect.size.id[385,Intercept]",0.999847070318892,31861.4461984924,12063.9871342261
"r_effect.size.id[386,Intercept]",1.00017045236734,32986.4468312835,13194.9975042904
"r_effect.size.id[387,Intercept]",1.00021127072733,35506.5174203334,12153.6413769851
"r_effect.size.id[388,Intercept]",1.00066743591454,33973.6385593325,12686.2424059668
"r_effect.size.id[389,Intercept]",1.00078510284382,31250.0090220932,13548.0673662704
"r_effect.size.id[390,Intercept]",1.00000316024672,35227.6667539357,11282.5965110817
"r_effect.size.id[391,Intercept]",1.00013822941326,38511.0182531044,11919.0989857862
"r_effect.size.id[392,Intercept]",1.00008934082755,40066.7679856635,11617.4813466498
"r_effect.size.id[393,Intercept]",1.00035652411647,37573.8672985631,11256.2565929289
"r_effect.size.id[394,Intercept]",1.00068431011326,43185.3419435282,10935.2114449317
"r_effect.size.id[395,Intercept]",1.00015187195378,38214.7811568183,10603.3251410818
"r_effect.size.id[396,Intercept]",1.0000029007877,40079.7935731475,10604.6551837398
"r_effect.size.id[397,Intercept]",1.00006868082744,40872.436886192,11766.6363467508
"r_effect.size.id[398,Intercept]",1.00038026963694,41461.0583138197,10549.448214568
"r_effect.size.id[399,Intercept]",1.00045354251452,40634.1699480324,10960.5050452429
"r_effect.size.id[400,Intercept]",0.999984370407934,42498.2625359098,11223.7270447692
"r_effect.size.id[401,Intercept]",1.00040340041193,39394.1113075951,11147.1031451611
"r_effect.size.id[402,Intercept]",1.00078467329584,37569.6706592867,10705.8782898874
"r_effect.size.id[403,Intercept]",1.00127536292033,38956.5473084479,10924.9293435069
"r_effect.size.id[404,Intercept]",1.00056297856761,42820.3904195652,11726.8521081247
"r_effect.size.id[405,Intercept]",1.00049793396536,44123.4743284764,11344.2997960847
"r_effect.size.id[406,Intercept]",1.00043337264709,38791.2800023039,10657.8559889392
"r_effect.size.id[407,Intercept]",1.00030201885987,42828.1620712321,10899.2696305671
"r_effect.size.id[408,Intercept]",1.00026160339475,44696.030621599,10730.0849097715
"r_effect.size.id[409,Intercept]",1.00062524466379,41597.5820026445,11150.7856303564
"r_effect.size.id[410,Intercept]",1.00024054943164,42616.3643602064,11574.8596158635
"r_effect.size.id[411,Intercept]",1.00026267160373,42888.9852991361,10255.4894564875
"r_effect.size.id[412,Intercept]",1.0000159730492,39828.0506720485,11603.6272454863
"r_effect.size.id[413,Intercept]",1.0000882643986,42906.6214738983,11578.5582478297
"r_effect.size.id[414,Intercept]",0.999920471248479,39001.105039073,10347.8469394757
"r_effect.size.id[415,Intercept]",1.00023426899407,41637.0461692518,10785.7761899782
"r_effect.size.id[416,Intercept]",1.00030862392693,37625.0832461073,10189.6337941223
"r_effect.size.id[417,Intercept]",1.0002103191205,39967.5284081107,10181.1859896547
"r_effect.size.id[418,Intercept]",1.00021106667203,37321.0952273664,11143.3540129379
"r_effect.size.id[419,Intercept]",1.00061545405928,45996.2424900887,11309.7650672321
"r_effect.size.id[420,Intercept]",1.00014031969814,43796.5832883846,11156.5311206671
"r_effect.size.id[421,Intercept]",1.00039450411863,40611.3125995133,10773.2509521957
"r_effect.size.id[422,Intercept]",1.00046390628631,42128.7888945622,9930.119330402
"r_effect.size.id[423,Intercept]",1.00143982833196,44754.2157949089,11113.6851635796
"r_effect.size.id[424,Intercept]",1.00007973927663,41256.5902870523,11004.6334534992
"r_effect.size.id[425,Intercept]",1.00035176640232,38757.3393296127,10433.0157963052
"r_effect.size.id[426,Intercept]",1.00009415035634,40569.3220804925,10324.1185538411
"r_effect.size.id[427,Intercept]",1.0001141608022,40202.9861732333,9649.91695632258
"r_effect.size.id[428,Intercept]",1.00033922165655,41601.9322813344,10989.8636330428
"r_effect.size.id[429,Intercept]",1.00047894593189,42462.0263528413,10988.8177189582
"r_effect.size.id[430,Intercept]",1.00019413895984,37716.603390624,10250.2687169803
"r_effect.size.id[431,Intercept]",1.00114003982071,40020.3543456111,11281.5533378609
"r_effect.size.id[432,Intercept]",1.00011535336173,36288.8445100796,10754.2361367316
"r_effect.size.id[433,Intercept]",0.99988557023958,41334.0502510321,11444.2441773716
"r_effect.size.id[434,Intercept]",1.00034284751276,43173.3064162415,11244.8024168073
"r_effect.size.id[435,Intercept]",1.00035493786416,40301.3080710048,11772.8957912221
"r_effect.size.id[436,Intercept]",1.00070405013623,41227.5902283942,10240.0061965525
"r_effect.size.id[437,Intercept]",1.00030274727365,36985.0726475222,11534.2849045337
"r_effect.size.id[438,Intercept]",1.00007014506981,40187.7635962186,11781.6816777305
"r_effect.size.id[439,Intercept]",0.999954409489452,41412.6222199548,10393.8739859855
"r_effect.size.id[440,Intercept]",1.00024261133219,42592.693085365,10615.1920345504
"r_effect.size.id[441,Intercept]",1.00029936901383,38091.4153064496,10147.2204323724
"r_effect.size.id[442,Intercept]",1.00029731865244,40703.3780718359,10853.5490875914
"r_effect.size.id[443,Intercept]",0.999975134395121,45104.3305007103,11156.1516344251
"r_effect.size.id[444,Intercept]",1.00090624650616,39926.125056381,10565.7155346262
"r_effect.size.id[445,Intercept]",1.00009755102721,42007.2960791218,10481.574234499
"r_effect.size.id[446,Intercept]",1.00064376052367,36387.6487985312,11933.6356757139
"r_effect.size.id[447,Intercept]",1.00025268411832,35132.5063252864,12582.2208550328
"r_effect.size.id[448,Intercept]",1.00033146264667,37272.3371341103,12472.0804743094
"r_effect.size.id[449,Intercept]",1.00014429671258,36257.8751580087,12326.0956072939
"r_effect.size.id[450,Intercept]",0.999938864686162,40561.7222135383,10683.6015445942
"r_effect.size.id[451,Intercept]",1.00085502950208,39014.6673466318,10542.3971485433
"r_effect.size.id[452,Intercept]",1.00055788123072,40156.3499564591,11034.7526540882
"r_effect.size.id[453,Intercept]",1.00012722183679,41573.8079948624,11121.8533852798
"r_effect.size.id[454,Intercept]",1.00027287298658,42054.270729318,10549.4664872095
"r_effect.size.id[455,Intercept]",1.00022420991546,41925.2665446112,11613.3757685658
"r_effect.size.id[456,Intercept]",1.00055909336525,38299.4483531331,11405.726000239
"r_effect.size.id[457,Intercept]",1.00049999817065,37802.2801567338,11602.6571290882
"r_effect.size.id[458,Intercept]",1.00021853030461,37639.6985591368,10867.3932879894
"r_effect.size.id[459,Intercept]",1.00050493900757,43410.6273374614,10354.2672748301
"r_effect.size.id[460,Intercept]",1.00037784339507,42067.5687061799,10454.6655918046
"r_effect.size.id[461,Intercept]",1.00013054099177,39262.0757572348,9950.6549024558
"r_effect.size.id[462,Intercept]",1.00006742895328,37215.804557634,10996.7556214925
"r_effect.size.id[463,Intercept]",1.00084453454794,41617.4060818745,10536.596644458
"r_effect.size.id[464,Intercept]",1.00008202052642,35680.1776155669,11110.4660936652
"r_effect.size.id[465,Intercept]",1.00057474860713,29272.7762994547,11235.2372083628
"r_effect.size.id[466,Intercept]",1.00038823711403,13984.7990376054,12593.9252037994
"r_effect.size.id[467,Intercept]",1.00022424471373,13869.8955462227,12990.2990018276
"r_effect.size.id[468,Intercept]",1.00026031138885,14978.969482417,14055.5533854383
"r_effect.size.id[469,Intercept]",1.00000754750531,14097.3460943274,13047.9524079872
"r_effect.size.id[470,Intercept]",1.00007603144308,39973.8964591409,11489.8087596106
"r_effect.size.id[471,Intercept]",1.0002304945529,33198.2554342171,12322.4341286943
"r_effect.size.id[472,Intercept]",1.00024499725771,37179.8996914844,11828.030650109
"r_effect.size.id[473,Intercept]",1.0004122430895,33758.2732457047,12399.2812191301
"r_effect.size.id[474,Intercept]",1.0000837934109,37090.2103810021,11354.8494066557
"r_effect.size.id[475,Intercept]",0.999935077824039,39310.0299457539,11685.8797040291
"r_effect.size.id[476,Intercept]",1.0001401578466,18280.7405802101,11015.2633646702
"r_effect.size.id[477,Intercept]",1.00053252760239,40240.9608899464,11009.1705847588
"r_effect.size.id[478,Intercept]",1.00088853130162,40249.3654658353,10487.3668490263
"r_effect.size.id[479,Intercept]",1.0002211840184,42256.5776316634,11742.1620766546
"r_effect.size.id[480,Intercept]",1.00026473894643,45126.216665987,10921.5710972679
"r_effect.size.id[481,Intercept]",1.00068562903285,39967.1957897297,10967.4974326077
"r_effect.size.id[482,Intercept]",1.0005421775992,44776.4437206962,11001.4433325598
"r_effect.size.id[483,Intercept]",1.00043843821046,38105.6162062175,11086.4601549757
"r_effect.size.id[484,Intercept]",1.00020081481729,41847.8794793422,11093.8294729177
"r_effect.size.id[485,Intercept]",1.00041087528425,42127.0408783338,10809.608237241
"r_effect.size.id[486,Intercept]",1.00020674918159,38885.0205640581,10944.2177345174
"r_effect.size.id[487,Intercept]",1.00024183204735,43029.3047122576,10973.3964438428
"r_effect.size.id[488,Intercept]",0.999952040297223,38673.3838366246,10420.5201904939
"r_effect.size.id[489,Intercept]",1.00116094461165,41567.790984167,10837.1656731242
"r_effect.size.id[490,Intercept]",1.0003485504472,38895.1767883429,10623.3726433408
"r_effect.size.id[491,Intercept]",1.00099353542944,36712.9910652516,10705.9531380438
"r_effect.size.id[492,Intercept]",1.00123043002947,40125.1805549739,11085.5055259458
"r_effect.size.id[493,Intercept]",1.00009055056121,33022.6483945109,11634.5307329387
"r_effect.size.id[494,Intercept]",1.0005287484682,34057.1185501739,12106.8922173407
"r_effect.size.id[495,Intercept]",1.00036505874024,36681.3268991617,11785.6712559486
"r_effect.size.id[496,Intercept]",1.0000309195431,32965.3416402894,13247.8296725974
"r_effect.size.id[497,Intercept]",1.00022068912288,36970.5737689876,12261.3654916793
"r_effect.size.id[498,Intercept]",1.00032958382919,41102.2826337735,10753.7820518295
"r_effect.size.id[499,Intercept]",1.00004581231128,43184.6142781226,11461.4940251014
"r_effect.size.id[500,Intercept]",1.00026387224232,36888.5629076265,11021.4927073939
"r_effect.size.id[501,Intercept]",1.00020494689068,42275.7511907413,11415.7160670336
"r_effect.size.id[502,Intercept]",1.00001281040532,38187.4440072504,11242.1217268251
"r_effect.size.id[503,Intercept]",1.00045409020152,41259.8657105688,11664.5039938522
"r_effect.size.id[504,Intercept]",1.00052448050494,39140.4442498763,11105.7964965113
"r_effect.size.id[505,Intercept]",1.00046098915323,38425.0300534013,11826.7380154187
"r_effect.size.id[506,Intercept]",1.00033866743501,37784.4149429784,11096.468168699
"r_effect.size.id[507,Intercept]",0.999875881790692,25633.5155793115,13478.5947119648
"r_effect.size.id[508,Intercept]",1.00077214938343,27601.4127966049,11909.0015193467
"r_effect.size.id[509,Intercept]",1.00004326906095,35879.5220248368,11935.1407727301
"r_effect.size.id[510,Intercept]",1.00028646449446,25061.3034034418,12563.5413650048
"r_effect.size.id[511,Intercept]",1.00050588168763,32260.5828579355,12498.0488163644
"r_effect.size.id[512,Intercept]",1.00045205050115,35276.0743496915,12184.965159141
"r_effect.size.id[513,Intercept]",1.00016105406051,38485.8003151415,12007.2891321454
"r_effect.size.id[514,Intercept]",1.00007183862872,39160.6777485722,12474.5573832746
"r_effect.size.id[515,Intercept]",1.00032261290968,43238.014888373,10816.246308981
"r_effect.size.id[516,Intercept]",1.00020249246035,43819.3564414492,12624.4502296459
"r_effect.size.id[517,Intercept]",1.00070867761733,41054.4592606662,11178.1566640806
"r_effect.size.id[518,Intercept]",1.00011257618155,36011.496015483,12308.7550205832
"r_effect.size.id[519,Intercept]",1.0001878761943,31777.4334215184,12247.5762047548
"r_effect.size.id[520,Intercept]",1.00094149779318,33742.7379660854,13126.4229828138
"r_effect.size.id[521,Intercept]",1.00039338048443,34898.3683942645,12452.3131440669
"r_effect.size.id[522,Intercept]",1.00005772020092,31716.0967121523,13359.5373711491
"r_effect.size.id[523,Intercept]",0.999990793992289,34945.6897063633,11324.0990795564
"r_effect.size.id[524,Intercept]",1.0006082091836,33522.9187848627,11546.982348237
"r_effect.size.id[525,Intercept]",1.00023437836643,29971.7972814071,13373.0433547804
"r_effect.size.id[526,Intercept]",1.00010273105762,38979.8048953783,10885.4343424432
"r_effect.size.id[527,Intercept]",1.00031837959009,35676.6996465929,12798.56167376
"r_effect.size.id[528,Intercept]",0.999885918990223,33531.1940582336,12091.4846229129
"r_effect.size.id[529,Intercept]",1.00024292120857,42023.6664514945,10694.502312102
"r_effect.size.id[530,Intercept]",1.00033517695743,37956.9871666451,12167.5234723134
"r_effect.size.id[531,Intercept]",0.999936749240852,41653.6534867871,11844.3845416137
"r_effect.size.id[532,Intercept]",1.00000506953003,37896.9889415873,11303.0221282662
"r_effect.size.id[533,Intercept]",1.00036326495895,28467.3252239642,12391.3017889671
"r_effect.size.id[534,Intercept]",1.00062097882235,34987.3649321991,12053.4643642153
"r_effect.size.id[535,Intercept]",1.00013761594239,40080.3460487045,10637.8662877193
"r_effect.size.id[536,Intercept]",1.00015552047337,38236.7789078045,10551.1955912972
"r_effect.size.id[537,Intercept]",0.999923988988563,36267.0715812083,11658.4355842324
"r_effect.size.id[538,Intercept]",1.00101392562122,36082.4854421796,11000.7595171309
"r_effect.size.id[539,Intercept]",1.00005131139377,41570.9434273641,10757.4882992885
"r_effect.size.id[540,Intercept]",1.00041469300975,39017.7811969124,11608.3233437182
"r_effect.size.id[541,Intercept]",0.999830006890347,40886.209380297,10488.9415491946
"r_effect.size.id[542,Intercept]",1.00075792481874,37593.1287586192,11110.7800835904
"r_effect.size.id[543,Intercept]",1.0004106462193,37559.9315865718,11552.8374782917
"r_effect.size.id[544,Intercept]",1.00011538615461,35143.1371071226,10405.5540048197
"r_effect.size.id[545,Intercept]",1.0000832856661,40754.507489977,10463.8470491491
"r_effect.size.id[546,Intercept]",1.00029373758041,39331.7342724852,12224.5634738713
"r_effect.size.id[547,Intercept]",1.00075147036228,37781.6548165221,11071.1664752097
"r_effect.size.id[548,Intercept]",1.00089434997376,40128.8660675619,10897.9813594871
"r_effect.size.id[549,Intercept]",1.00013895154523,40245.6292825203,12196.8112032891
"r_effect.size.id[550,Intercept]",1.00018417002592,36149.3754956879,12243.9939254982
"r_effect.size.id[551,Intercept]",1.00063294493005,40932.6864471047,10610.1679173751
"r_effect.size.id[552,Intercept]",1.00064700462947,37225.1145885155,11534.4019087853
"r_effect.size.id[553,Intercept]",1.00025040845522,39704.1124735933,11307.5983940851
"r_effect.size.id[554,Intercept]",1.00018531718814,31669.3124725955,12141.1307210104
"r_effect.size.id[555,Intercept]",1.00037574349495,36882.5369405689,11200.2191581408
"r_effect.size.id[556,Intercept]",1.00040840942935,36912.223167233,10754.281144673
"r_effect.size.id[557,Intercept]",1.00044931388352,35175.6752006464,11253.985695705
"r_effect.size.id[558,Intercept]",0.999833513782376,37602.6181571197,11339.8598324777
"r_effect.size.id[559,Intercept]",1.00033340649942,29991.2990975995,13218.9402999722
"r_effect.size.id[560,Intercept]",1.00005145501339,31558.9880179584,13440.2724527947
"r_effect.size.id[561,Intercept]",0.999905732329277,25899.6144173058,13208.8164437362
"r_effect.size.id[562,Intercept]",1.00033004735936,19191.3069483278,12537.9232486391
"r_effect.size.id[563,Intercept]",1.00006029607885,19319.7800175041,12536.4259075199
"r_effect.size.id[564,Intercept]",1.00025835102697,41519.9110168604,11245.185617436
"r_effect.size.id[565,Intercept]",1.00061386692512,40397.2675313529,11626.855142779
"r_effect.size.id[566,Intercept]",1.00075999829629,41417.2992247117,12070.1499756708
"r_effect.size.id[567,Intercept]",1.00009499247108,27535.4680401145,12298.5507814869
"r_effect.size.id[568,Intercept]",1.00014199905705,31024.3098768784,12942.2431648323
"r_effect.size.id[569,Intercept]",1.00051837336489,33958.0800490333,12558.7941896348
"r_effect.size.id[570,Intercept]",1.00088625024304,34148.6261607239,12065.6246960691
"r_effect.size.id[571,Intercept]",1.00053379225876,38945.1282411658,11758.5338160248
"r_effect.size.id[572,Intercept]",1.00029735220778,42701.0104411187,10886.1096597546
"r_effect.size.id[573,Intercept]",1.00006448389971,36187.1793108006,13029.4282565712
"r_effect.size.id[574,Intercept]",1.00004820481525,32514.281499891,11997.8370153008
"r_effect.size.id[575,Intercept]",1.00008414288759,22931.5533535682,14226.6322162363
"r_effect.size.id[576,Intercept]",1.00006830275296,31282.7371997065,12112.9125973806
"r_effect.size.id[577,Intercept]",1.00000251416897,22814.4949853191,12971.4935126
"r_effect.size.id[578,Intercept]",1.00009149567676,31160.2864966796,11626.6375103498
"r_effect.size.id[579,Intercept]",1.00033067667259,30050.4118330037,11949.9091686486
"r_effect.size.id[580,Intercept]",1.00026158388324,30859.8269808961,12297.9543040685
"r_effect.size.id[581,Intercept]",1.00006650331307,23240.5499682091,14244.7281495718
"r_effect.size.id[582,Intercept]",1.00024895680128,31102.4909663956,10443.638499023
"r_effect.size.id[583,Intercept]",1.00016916836066,22830.85694425,12663.3389537756
"r_effect.size.id[584,Intercept]",1.00019186692283,29341.303521844,12331.4248165917
"r_effect.size.id[585,Intercept]",1.0002886451101,36807.0903055987,11278.9428646488
"r_effect.size.id[586,Intercept]",1.00059638852623,36341.5167046919,10880.186448066
"r_effect.size.id[587,Intercept]",1.00022006536005,37351.2515904942,12880.9575007437
"r_effect.size.id[588,Intercept]",1.00045337253243,34691.7726272356,11169.497342957
"r_effect.size.id[589,Intercept]",0.99999202011331,26175.1235075582,12825.3170368595
"r_effect.size.id[590,Intercept]",1.00028119576818,30085.3549392932,13129.299420016
"r_effect.size.id[591,Intercept]",0.999974897963229,31627.3742126063,12125.0681842886
"r_effect.size.id[592,Intercept]",1.00009671073198,36301.9860076553,10468.9831655637
"r_effect.size.id[593,Intercept]",1.00027919623766,34030.0962147559,12047.7705224541
"r_effect.size.id[594,Intercept]",1.00041506148383,41877.2962476031,10984.0977507452
"r_effect.size.id[595,Intercept]",1.00053904139809,40546.9162721694,11358.1177635959
"r_effect.size.id[596,Intercept]",1.00031395866899,38083.8430683993,10971.769429643
"r_effect.size.id[597,Intercept]",1.00055302436953,38503.6518877402,11225.1039489475
"r_effect.size.id[598,Intercept]",1.00000359901508,31618.4939627184,12118.6973225815
"r_effect.size.id[599,Intercept]",1.00012029756584,41667.3123788666,11288.0535334802
"r_effect.size.id[600,Intercept]",1.00105321974674,37771.8923368004,11611.9212668988
"r_effect.size.id[601,Intercept]",1.00089281102785,44449.2071615745,11575.7205853666
"r_effect.size.id[602,Intercept]",1.00014096867776,43868.5395606229,11007.920813676
"r_effect.size.id[603,Intercept]",0.999976928676124,40825.487655877,10568.0592279247
"r_effect.size.id[604,Intercept]",1.00001784739482,40817.732765662,10808.430314024
"r_effect.size.id[605,Intercept]",1.00029947881278,38031.7919194757,10737.0430462459
"r_effect.size.id[606,Intercept]",1.00012188689617,41179.711349349,12007.8005909694
"r_effect.size.id[607,Intercept]",1.0012621765252,38974.9018458509,12028.6124699428
"r_effect.size.id[608,Intercept]",1.00015721760939,37659.5611861653,12563.383884928
"r_effect.size.id[609,Intercept]",1.00013308883351,33876.9948663282,12119.5762750997
"r_effect.size.id[610,Intercept]",1.00010568520454,36362.9757640669,11457.1691343117
"r_effect.size.id[611,Intercept]",0.999960879610805,39283.8984175425,10970.7938325774
"r_effect.size.id[612,Intercept]",1.00036003098233,37921.5543074015,11422.4336445174
"r_effect.size.id[613,Intercept]",1.00016651562795,39018.2426776975,11363.2402445999
"r_effect.size.id[614,Intercept]",1.00069881364772,37820.0717278855,11636.7365245707
"r_effect.size.id[615,Intercept]",1.00024018986894,42629.0039953355,11019.0405799527
"r_effect.size.id[616,Intercept]",1.00011638844106,40069.8535366958,10234.5088386147
"r_effect.size.id[617,Intercept]",1.00042393392629,42393.8210897556,10723.9984033318
"r_effect.size.id[618,Intercept]",1.00008429689612,42371.0763413057,11022.0682124506
"r_effect.size.id[619,Intercept]",1.00035739573112,36126.4417250211,11458.9110196421
"r_effect.size.id[620,Intercept]",1.00001757977269,38730.436678934,13192.1630035014
"r_effect.size.id[621,Intercept]",1.00107008441913,41212.4490110049,10878.1793175682
"r_effect.size.id[622,Intercept]",1.00039406735652,39946.2711890794,9843.53411225702
"r_effect.size.id[623,Intercept]",1.00055413250127,40276.8027339941,11648.0569522741
"r_effect.size.id[624,Intercept]",1.00057532026153,36911.2397082567,10515.4501656791
"r_effect.size.id[625,Intercept]",1.000407824953,40841.4257405019,10458.6617380638
"r_effect.size.id[626,Intercept]",1.00040476642917,43334.5153822617,10973.8952090932
"r_effect.size.id[627,Intercept]",0.999945643169299,39774.085097707,10958.5629444366
"r_effect.size.id[628,Intercept]",0.999953330059191,28234.341211206,13270.075029094
"r_effect.size.id[629,Intercept]",1.00063481050184,26966.5679014508,13806.7454356202
"r_effect.size.id[630,Intercept]",1.00028674013834,27293.7898526471,13094.3075630145
"r_effect.size.id[631,Intercept]",1.00066375505546,32147.8152069192,13277.6610150818
"r_effect.size.id[632,Intercept]",0.999898221725446,32902.7831208062,12264.3907384529
"r_effect.size.id[633,Intercept]",1.00037380071757,36937.0126376072,12593.8450006634
"r_effect.size.id[634,Intercept]",1.00004892814454,33266.8411871996,12135.0497741604
"r_effect.size.id[635,Intercept]",1.00120341704493,37819.6826554035,12274.2149649157
"r_effect.size.id[636,Intercept]",1.00000395797259,35942.1789986001,12150.2185483835
"r_effect.size.id[637,Intercept]",1.00037322425498,39419.1956983723,11251.7903384866
"r_effect.size.id[638,Intercept]",1.00091093270428,41210.8812010828,11459.4310802094
"r_effect.size.id[639,Intercept]",1.00012202287922,28894.5336950862,13213.9088097115
"r_effect.size.id[640,Intercept]",1.00016216545269,22604.6355190561,12192.4524591141
"r_effect.size.id[641,Intercept]",1.00037510266414,29393.3939875955,12478.4211233636
"r_effect.size.id[642,Intercept]",1.00008534989482,29775.6159456786,13259.8287434118
"r_effect.size.id[643,Intercept]",0.999999836131542,26789.8862131432,12814.0941958895
"r_effect.size.id[644,Intercept]",1.00058436550709,26912.7296120171,12103.4553956626
"r_effect.size.id[645,Intercept]",1.00002203635551,28184.2176669056,12720.3740473975
"r_effect.size.id[646,Intercept]",1.00007480127331,27736.490708104,11844.9880598449
"r_effect.size.id[647,Intercept]",1.00094461728204,26407.1945749944,12216.9137670081
"r_effect.size.id[648,Intercept]",1.0002980938642,41944.499159733,10785.5730484073
"r_effect.size.id[649,Intercept]",1.00025411839141,39139.7350343068,11895.0637356039
"r_effect.size.id[650,Intercept]",1.00034462703399,39965.6121889719,11628.5634584369
"r_effect.size.id[651,Intercept]",1.00036349519991,37408.3606636172,12615.6011484095
"r_effect.size.id[652,Intercept]",1.00050783162944,36737.473072233,11644.5439716101
"r_effect.size.id[653,Intercept]",1.00060274516961,37210.8957372386,11916.0678675315
"r_effect.size.id[654,Intercept]",1.00008820373649,37194.2729269266,10444.1166958713
"r_effect.size.id[655,Intercept]",1.00010601831496,29103.3596447479,11484.9713063123
"r_effect.size.id[656,Intercept]",1.00089526390987,43153.4707213903,10991.0096046766
"r_effect.size.id[657,Intercept]",1.00079480874486,37443.3312665986,10803.2679373993
"r_effect.size.id[658,Intercept]",1.00037043955754,37644.1206304527,11642.0736382354
"r_effect.size.id[659,Intercept]",1.00032744204315,39851.7957398304,11233.6782423878
"r_effect.size.id[660,Intercept]",1.00023819198177,33403.9537290031,10797.8781678756
"r_effect.size.id[661,Intercept]",1.00003825819399,37214.6581642263,11375.3006383569
"r_effect.size.id[662,Intercept]",0.999906055127311,37829.6343366971,11389.3290653728
"r_effect.size.id[663,Intercept]",0.999951911540771,28708.4529750034,10767.1698398177
"r_effect.size.id[664,Intercept]",0.999933664623786,36743.564946374,11903.1919845044
"r_effect.size.id[665,Intercept]",1.00024247555443,39804.4721137791,11614.9455587889
"r_effect.size.id[666,Intercept]",1.00024809296302,38699.0929502078,11983.7278526582
"r_effect.size.id[667,Intercept]",1.0000951126763,38923.1749676785,11835.9726737437
"r_effect.size.id[668,Intercept]",1.00014726680212,26917.8761787143,12633.9335559498
"r_effect.size.id[669,Intercept]",1.00003657973444,30130.1239762208,12735.5565285794
"r_effect.size.id[670,Intercept]",1.00021780493061,31103.3841145538,13080.0952984942
"r_effect.size.id[671,Intercept]",1.00019665119457,29661.3446855054,12477.7564945903
"r_effect.size.id[672,Intercept]",1.00067508111181,29914.7846775392,11407.2379238199
"r_effect.size.id[673,Intercept]",1.0001365003407,27022.4535580272,12663.1610935648
"r_effect.size.id[674,Intercept]",1.00060648912058,28558.1646464063,12990.3060813197
"r_effect.size.id[675,Intercept]",1.00003399151906,30467.777439804,13802.98016321
"r_effect.size.id[676,Intercept]",1.00039661564524,28858.3538540498,13532.2477576774
"r_effect.size.id[677,Intercept]",1.00007456508455,29942.5212620676,12001.1153476009
"r_effect.size.id[678,Intercept]",1.00012516187549,30855.5169888974,12497.9531054369
"r_effect.size.id[679,Intercept]",1.00014836465318,26677.7003456047,11305.7984615013
"r_effect.size.id[680,Intercept]",1.00043309918748,33581.9323561455,11819.5557235463
"r_effect.size.id[681,Intercept]",1.00011055879519,37460.8408774009,11098.112319301
"r_effect.size.id[682,Intercept]",1.00064057886146,37608.2460438172,12085.4458467257
"r_effect.size.id[683,Intercept]",1.00004969031048,38623.342666953,12004.5235531734
"r_effect.size.id[684,Intercept]",1.00044984740207,34718.7728397499,11932.408489989
"r_effect.size.id[685,Intercept]",1.00049692321555,28772.6354370652,11064.7607448735
"r_effect.size.id[686,Intercept]",1.00021280514156,34782.5420829915,11420.2675456262
"r_effect.size.id[687,Intercept]",0.999957708419693,28460.2377697974,12709.0342959644
"r_effect.size.id[688,Intercept]",1.00017513350578,32367.4277036218,11751.4382481047
"r_effect.size.id[689,Intercept]",1.00023773992681,31512.5814152311,13321.5777336143
"r_effect.size.id[690,Intercept]",1.00043937501845,29609.0520737047,13046.1111457876
"r_effect.size.id[691,Intercept]",0.999931376608097,30679.9739287563,11420.3457608883
"r_effect.size.id[692,Intercept]",0.999910255888952,19291.8428983386,13668.6949014868
"r_effect.size.id[693,Intercept]",0.999964846959512,19355.3142127308,13370.7964065348
"r_effect.size.id[694,Intercept]",1.0000093818158,31344.8188199302,13350.6899902864
"r_effect.size.id[695,Intercept]",1.00005313275846,30010.5431138308,13144.4345838836
"r_effect.size.id[696,Intercept]",1.00004530104744,36796.1456893035,11440.5730947849
"r_effect.size.id[697,Intercept]",1.00009020895801,29709.7909532851,12502.6370299042
"r_effect.size.id[698,Intercept]",1.00011512647114,30511.0164387613,12830.7872981943
"r_effect.size.id[699,Intercept]",1.00095767689683,35460.0646944429,11522.3482632811
"r_effect.size.id[700,Intercept]",1.00047698329395,33055.3835735887,12515.2337413058
"r_effect.size.id[701,Intercept]",1.00012233814563,29672.993140523,12145.5497336688
"r_effect.size.id[702,Intercept]",1.00036719741682,41001.7599184544,11025.1825064029
"r_effect.size.id[703,Intercept]",1.00001963116516,31176.2226551369,11959.1166630999
"r_effect.size.id[704,Intercept]",1.0003997951443,28684.7605004749,12063.6600080923
"r_effect.size.id[705,Intercept]",1.00001326418407,27921.4859027086,11461.0546059816
"r_effect.size.id[706,Intercept]",1.00026369991754,29623.9211926815,12812.4993969917
"r_effect.size.id[707,Intercept]",1.00029433815921,30690.6578295814,12579.8192269331
"r_effect.size.id[708,Intercept]",1.00078808665306,41506.4642511143,11361.7763111942
"r_effect.size.id[709,Intercept]",1.00049992498997,35702.7849949001,10591.5321672058
"r_effect.size.id[710,Intercept]",1.00024016171343,41281.4237715979,11608.2445664823
"r_effect.size.id[711,Intercept]",1.00095443594795,34604.3653481629,10474.599369821
"r_effect.size.id[712,Intercept]",0.999872272036303,28593.753704677,12302.2083780636
"r_effect.size.id[713,Intercept]",1.00008470382632,30427.7332293,12458.6047785797
"r_effect.size.id[714,Intercept]",0.999832461182803,30161.3416804412,12252.34786865
"r_effect.size.id[715,Intercept]",1.00021252943642,28267.2769494502,13429.0810613903
"r_effect.size.id[716,Intercept]",1.00076645735545,29361.255593774,11789.5350999997
"r_effect.size.id[717,Intercept]",1.00031086292724,31671.7056769045,12329.9654077033
"r_effect.size.id[718,Intercept]",1.00010880020159,40768.4599064661,11268.2490616715
"r_effect.size.id[719,Intercept]",1.00011903845526,30422.0199429214,13209.5423474199
"r_effect.size.id[720,Intercept]",1.00031040775216,35619.6198231808,11493.3254166261
"r_effect.size.id[721,Intercept]",1.00046994917274,30712.2050385751,12719.5618957962
"r_effect.size.id[722,Intercept]",1.00030833813878,32984.657894895,12640.7623032232
"r_effect.size.id[723,Intercept]",1.00021387529469,37567.701156523,11944.5821639822
"r_effect.size.id[724,Intercept]",1.00024340711125,38740.9537843642,10553.030379717
"r_effect.size.id[725,Intercept]",1.00036817658258,35976.6303959378,9636.86439838785
"r_effect.size.id[726,Intercept]",1.00020846076074,39965.5252298981,10848.9522308343
"r_effect.size.id[727,Intercept]",1.00008914205316,39757.846635972,11623.1621671696
"r_effect.size.id[728,Intercept]",1.00081713458074,37819.9049934318,11328.1566960288
"r_effect.size.id[729,Intercept]",1.00018056851227,41922.0813467058,10422.0416189676
"r_effect.size.id[730,Intercept]",1.00016524386981,26778.4881290131,12869.9755454304
"r_effect.size.id[731,Intercept]",1.00024908388718,29703.3622279469,12135.7495859088
"r_effect.size.id[732,Intercept]",1.00018839245974,36468.586110987,11466.877363778
"r_effect.size.id[733,Intercept]",1.00010941717286,40988.7551418595,10791.5149667324
"r_effect.size.id[734,Intercept]",1.00032908257282,38732.9434349754,11263.1538811049
"r_effect.size.id[735,Intercept]",0.999997279537254,38759.4671260549,11729.6800323752
"r_effect.size.id[736,Intercept]",1.00021022698331,40840.3763571511,11149.5235058473
"r_effect.size.id[737,Intercept]",1.00021053121553,46222.8890715818,11353.5416112424
"r_effect.size.id[738,Intercept]",1.0007210915374,39369.4530307793,11544.2091218131
"r_effect.size.id[739,Intercept]",1.00019974414764,40389.0899135989,11631.2592297717
"r_effect.size.id[740,Intercept]",1.00038449237615,38215.4441845624,10744.4725858779
"r_effect.size.id[741,Intercept]",1.00045210075779,39064.0416574574,11962.6644207982
"r_effect.size.id[742,Intercept]",1.0014681613719,40006.7233110923,11260.2139291507
"r_effect.size.id[743,Intercept]",1.00008275165737,32774.1906145592,13040.3504933589
"r_effect.size.id[744,Intercept]",1.00027776486231,33060.4941998733,12063.6325760242
"r_effect.size.id[745,Intercept]",1.00021061550154,34850.4365086137,12139.0580086786
"r_effect.size.id[746,Intercept]",1.00094725701416,42537.4477958072,11808.1853995271
"r_effect.size.id[747,Intercept]",0.999963241063954,38784.9510336007,11388.9969882801
"r_effect.size.id[748,Intercept]",1.00074541516889,38378.843883547,11374.4755592225
"r_effect.size.id[749,Intercept]",1.00005396493244,40021.1646184362,10676.4142279978
"r_effect.size.id[750,Intercept]",0.999999584181141,40601.7896736281,11583.5980098059
"r_effect.size.id[751,Intercept]",1.00019380423603,37274.1391517243,10772.8234955719
"r_effect.size.id[752,Intercept]",1.00002917906705,39774.393712764,11611.4242361415
"r_effect.size.id[753,Intercept]",1.0000121938858,42026.6023039232,11682.2089057658
"r_effect.size.id[754,Intercept]",1.00043950923407,39511.783248374,11692.2950816485
"r_effect.size.id[755,Intercept]",1.0004684571633,27879.5922698186,11434.0800561726
"r_effect.size.id[756,Intercept]",1.00013420039585,36373.1327427626,11618.6435705059
"r_effect.size.id[757,Intercept]",1.0002263416683,44042.3400467676,11450.7852723124
"r_effect.size.id[758,Intercept]",1.00021491655647,36959.2374776816,11401.7007092938
"r_effect.size.id[759,Intercept]",1.00046998714632,35463.1841814802,12721.29775764
"r_effect.size.id[760,Intercept]",1.0002251966265,34900.7026909328,10712.0569590534
"r_effect.size.id[761,Intercept]",1.00062889475183,39469.1906221323,11362.4533776661
"r_effect.size.id[762,Intercept]",1.00055322317091,32139.3858814956,12351.7309533538
"r_effect.size.id[763,Intercept]",1.00050090114798,36016.8177888936,11605.6355183852
"r_effect.size.id[764,Intercept]",1.00024477913444,37251.5202561584,11809.6349352977
"r_effect.size.id[765,Intercept]",1.00007427720274,32974.5170459832,11887.6317242508
"r_effect.size.id[766,Intercept]",1.00015364305357,35559.7780422987,12142.9006934749
"r_effect.size.id[767,Intercept]",0.99993057834551,36956.4870774144,11804.7422909029
"r_effect.size.id[768,Intercept]",1.00006239229026,33687.5344030922,11224.9789712749
"r_effect.size.id[769,Intercept]",1.0003221989269,28788.4849473134,11686.8860620213
"r_effect.size.id[770,Intercept]",1.00021970974832,43407.1160864922,11071.5158148096
"r_effect.size.id[771,Intercept]",1.00095776364716,44743.2157054211,11290.0122201348
"r_effect.size.id[772,Intercept]",1.00038667929083,39761.6229294689,11107.8861800978
"r_effect.size.id[773,Intercept]",0.999990507829008,35980.5639685724,12146.4170234718
"r_effect.size.id[774,Intercept]",1.00021835733035,35955.9826887829,11641.3504083939
"r_effect.size.id[775,Intercept]",1.00018895680862,37709.2904370374,11748.3459029286
"r_effect.size.id[776,Intercept]",1.00004619724761,38020.9390999068,11985.862533073
"r_effect.size.id[777,Intercept]",1.00069486667359,36285.3480775613,11986.121970539
"r_effect.size.id[778,Intercept]",1.00093040732525,29658.6733970266,11953.5758926083
"r_effect.size.id[779,Intercept]",1.00013502418926,35254.6623213452,11991.0633932715
"r_effect.size.id[780,Intercept]",1.00007303796273,30242.9860810181,11654.9216436278
"r_effect.size.id[781,Intercept]",1.00007818556579,27777.7545076694,11385.1028079287
"r_effect.size.id[782,Intercept]",1.00038182354689,37255.2427618565,10534.7475650199
"r_effect.size.id[783,Intercept]",1.00068922439535,31678.8944515398,12173.3581529048
"r_effect.size.id[784,Intercept]",1.00053296869709,41198.1968194057,11447.8286407997
"r_effect.size.id[785,Intercept]",0.999887169376067,36747.4455478445,10975.3768543049
"r_effect.size.id[786,Intercept]",1.00027714093864,36435.9600098337,10947.149266479
"r_effect.size.id[787,Intercept]",1.00014077154363,30915.8630602955,12882.7635974424
"r_effect.size.id[788,Intercept]",1.00024937942298,31873.9631762198,12787.1173373775
"r_effect.size.id[789,Intercept]",1.00064748570492,31833.8004447521,12433.5549681871
"r_effect.size.id[790,Intercept]",0.999948985070048,37348.6726143695,12472.2165260486
"r_effect.size.id[791,Intercept]",1.00036734054409,39049.7076665359,12858.9600731449
"r_effect.size.id[792,Intercept]",1.0001964599339,26464.1470972399,11700.2218286676
"r_effect.size.id[793,Intercept]",1.0001094572091,36531.252105494,11852.0946895276
"r_effect.size.id[794,Intercept]",1.00008335055627,36963.8898296473,11194.1736288216
"r_effect.size.id[795,Intercept]",1.00056977180523,38092.0512717359,11772.9343957915
"r_effect.size.id[796,Intercept]",1.00066679496863,37159.0162869649,11686.951041566
"r_effect.size.id[797,Intercept]",1.00035661193152,32936.3073478254,11945.558585438
"r_effect.size.id[798,Intercept]",1.00017481351411,36414.9556367994,11775.434328055
"r_effect.size.id[799,Intercept]",1.00009072537335,35074.3416643425,11970.0970166684
"r_effect.size.id[800,Intercept]",1.00057278216715,38234.5950707962,11324.2709617686
"r_effect.size.id[801,Intercept]",1.00016560714035,35569.9922455073,12850.3087830704
"r_effect.size.id[802,Intercept]",1.00044600330065,45794.7739874858,11373.0326404604
"r_effect.size.id[803,Intercept]",1.00015464350305,37425.9439373684,11410.2053495832
"r_effect.size.id[804,Intercept]",1.00021271416709,40545.4000754336,12388.0520435984
"r_effect.size.id[805,Intercept]",1.00015543073891,40810.1154339316,11404.7944239689
"r_effect.size.id[806,Intercept]",1.00026617548603,38606.1722992088,11273.6094930082
"r_effect.size.id[807,Intercept]",1.00038123806341,40106.0061491864,11798.5823694229
"r_effect.size.id[808,Intercept]",1.00097245404939,38813.4188429349,13067.8179829447
"r_effect.size.id[809,Intercept]",0.999978394090505,37993.8561625582,12912.2560589332
"r_effect.size.id[810,Intercept]",1.00025944445216,39366.0593186394,10560.2408934318
"r_effect.size.id[811,Intercept]",1.00044223494945,43758.2993158868,10170.490475828
"r_effect.size.id[812,Intercept]",1.00024891435376,40587.6157123926,12098.3451394355
"r_effect.size.id[813,Intercept]",1.00014921474428,38354.1715466661,10677.6385436463
"r_effect.size.id[814,Intercept]",1.00061653030305,40411.9412538582,11199.9654058422
"r_effect.size.id[815,Intercept]",1.0003386061981,35592.0138328536,9619.78361522728
"r_effect.size.id[816,Intercept]",1.00029651850668,32606.4647988637,11805.8097625905
"r_effect.size.id[817,Intercept]",1.00028428601966,39497.6405784819,10934.0103877104
"r_effect.size.id[818,Intercept]",1.00089321231127,39190.9136840303,11593.2344176939
"r_effect.size.id[819,Intercept]",1.00001749510458,34951.6852127139,11181.6213748373
"r_effect.size.id[820,Intercept]",1.00062859053742,29206.7550940664,12138.932237896
"r_effect.size.id[821,Intercept]",1.0004055854911,28994.5545032578,11477.0129946917
"r_effect.size.id[822,Intercept]",1.0004887463053,36097.481824099,11932.2754566847
"r_effect.size.id[823,Intercept]",0.999950309026211,35125.2320032139,12621.7754788172
"r_effect.size.id[824,Intercept]",1.00025118613568,36741.7717060911,12470.0685429226
"r_effect.size.id[825,Intercept]",0.999883076519266,38631.4597633914,12060.0221344286
"r_effect.size.id[826,Intercept]",1.00009080649301,34219.6779839568,11322.583107544
"r_effect.size.id[827,Intercept]",1.00109422833611,36734.147765319,11707.5773519846
"r_effect.size.id[828,Intercept]",1.00058810511939,36354.2381692937,11407.4871784356
"r_effect.size.id[829,Intercept]",0.999884940397797,38192.5638460116,10404.5866596315
"r_effect.size.id[830,Intercept]",0.999886360444917,34962.8435370513,10078.0642871286
"r_effect.size.id[831,Intercept]",1.0000288861548,43592.1546080274,11409.7895250629
"r_effect.size.id[832,Intercept]",1.00037032459474,38860.9325409489,10862.8976572394
"r_effect.size.id[833,Intercept]",1.00060850943828,39841.2668633753,11097.9372553876
"r_effect.size.id[834,Intercept]",1.0001377539858,36726.1833560872,11477.0728192107
"r_effect.size.id[835,Intercept]",1.0001406642751,37007.2174339156,11043.6990953075
"r_effect.size.id[836,Intercept]",1.00063259756921,46294.6226542105,10882.3254678974
"r_effect.size.id[837,Intercept]",1.00082941637526,33941.349618082,10881.9595401005
"r_effect.size.id[838,Intercept]",1.00078809138332,34027.1893598298,12281.2689814161
"r_effect.size.id[839,Intercept]",1.00046528054229,38524.1190378179,11604.127890897
"r_effect.size.id[840,Intercept]",1.00079893149872,36241.556764869,10986.3465978233
"r_effect.size.id[841,Intercept]",1.00040536308009,39348.8937507533,10815.1485855282
"r_effect.size.id[842,Intercept]",0.999988457050838,38163.9382119136,12815.3895943927
"r_effect.size.id[843,Intercept]",1.00119771207566,40792.297609047,10741.8064216203
"r_effect.size.id[844,Intercept]",1.000690242638,40009.5683794145,10552.1010004212
"r_effect.size.id[845,Intercept]",1.00004675176508,41385.4180860873,11092.1150679914
"r_effect.size.id[846,Intercept]",1.0003083085952,34039.7562875819,12208.4985304064
"r_effect.size.id[847,Intercept]",0.999950135648525,41637.4328892817,10947.5614522683
"r_effect.size.id[848,Intercept]",1.00008981087496,38117.6751718188,12182.5694988675
"r_effect.size.id[849,Intercept]",1.00011401593613,35517.5615417832,12059.5187518086
"r_effect.size.id[850,Intercept]",1.00041144324771,23832.0714148636,12301.0801402915
"r_effect.size.id[851,Intercept]",1.00051367078545,35456.0403610212,11999.9482450642
"r_effect.size.id[852,Intercept]",1.00033586537492,42704.8171742668,10648.6607690001
"r_effect.size.id[853,Intercept]",1.00055842771071,38563.5364925544,10560.0620517747
"r_effect.size.id[854,Intercept]",1.00039825369583,40808.8725146233,11087.1319466653
"r_effect.size.id[855,Intercept]",1.00066143845777,42376.3720799303,11779.4029451645
"r_effect.size.id[856,Intercept]",1.00054578216061,37588.2244522875,11566.6313771461
"r_effect.size.id[857,Intercept]",1.0004584550154,46945.9218454781,11112.8122889679
"r_effect.size.id[858,Intercept]",1.00035031709893,35863.30494198,10722.6701778481
"r_effect.size.id[859,Intercept]",1.00092761767348,41263.8700676643,11897.5506076262
"r_effect.size.id[860,Intercept]",1.00009874921244,39163.614417711,11683.9682239459
"r_effect.size.id[861,Intercept]",1.00023921575985,40837.2296869026,11521.6540710506
"r_effect.size.id[862,Intercept]",1.00030822287741,38590.4696557574,12058.7898707419
"r_effect.size.id[863,Intercept]",1.00009934555945,40522.6505307544,10652.6214389883
"r_effect.size.id[864,Intercept]",0.999876094188766,39763.6683956607,11873.2422468258
"r_effect.size.id[865,Intercept]",1.00014517348364,37968.4719231241,11374.7448297615
"r_effect.size.id[866,Intercept]",1.00060335856412,36068.870940113,12054.1533817972
"r_effect.size.id[867,Intercept]",1.00064700116695,40207.7795683004,11459.4613704722
"r_effect.size.id[868,Intercept]",1.000630133591,33880.5974784434,12016.6190443083
"r_effect.size.id[869,Intercept]",0.999918784875046,36481.9532646151,12545.6606941324
"r_effect.size.id[870,Intercept]",1.00010597040514,35687.2771040221,11568.9343734951
"r_effect.size.id[871,Intercept]",1.00138493272839,34863.591370393,11753.470265973
"r_effect.size.id[872,Intercept]",1.00008956682111,27816.5791316805,13290.9827666586
"r_effect.size.id[873,Intercept]",1.00029054164005,29997.7864118741,14410.2606913628
"r_effect.size.id[874,Intercept]",1.00009597402924,35047.918743584,13024.1435182333
"r_effect.size.id[875,Intercept]",1.00020097867967,36864.3050251929,12475.9881709186
"r_effect.size.id[876,Intercept]",1.00044680253525,32616.3257306876,11458.5384436053
"r_effect.size.id[877,Intercept]",1.00016601818257,27841.9294407591,11455.9466641051
"r_effect.size.id[878,Intercept]",1.00035895553976,28156.5781098937,12178.322340834
"r_effect.size.id[879,Intercept]",1.00016236107555,28449.3223624535,10604.9982217546
"r_effect.size.id[880,Intercept]",1.00076695327377,14725.7655838986,11194.2360748384
"r_effect.size.id[881,Intercept]",1.00019191832912,38991.6155478741,11512.6899728195
"r_effect.size.id[882,Intercept]",0.999979704003701,45047.8417954268,11642.2302420212
"r_effect.size.id[883,Intercept]",1.00020072225618,41548.1521045854,11226.5681041878
"r_effect.size.id[884,Intercept]",1.00002806083255,41492.3527918489,12286.7337920045
"r_effect.size.id[885,Intercept]",1.00043798510046,37676.3249821519,12002.8051500255
"r_effect.size.id[886,Intercept]",1.000090211554,39316.9149499118,11278.9349578077
"r_effect.size.id[887,Intercept]",0.999933255392467,42388.3199494616,11901.0970416488
"r_effect.size.id[888,Intercept]",1.00033892247857,34385.9925502247,11758.3164302786
"r_effect.size.id[889,Intercept]",0.999934271982713,31238.984296523,13469.8507130826
"r_effect.size.id[890,Intercept]",0.999993053287027,29966.6702015631,12633.4987889085
"r_effect.size.id[891,Intercept]",1.00002038708588,35341.166208681,12108.9858173391
"r_effect.size.id[892,Intercept]",0.999943374944896,39491.6347852855,12815.8579960282
"r_effect.size.id[893,Intercept]",1.00005016390048,40997.6977433814,10457.7657523879
"r_effect.size.id[894,Intercept]",1.00016195002076,38794.2113078921,10834.4473281321
"r_effect.size.id[895,Intercept]",1.00038363469733,38335.9077124279,11218.8731051524
"r_effect.size.id[896,Intercept]",1.00010541144191,40755.6487883111,11322.9856806827
"r_effect.size.id[897,Intercept]",1.00038512454802,40814.0931517776,10874.6936605484
"r_effect.size.id[898,Intercept]",1.00043174792045,37767.0624195479,10425.0289892713
"r_effect.size.id[899,Intercept]",1.00050761117113,37632.6824492269,11230.3636428504
"r_effect.size.id[900,Intercept]",1.00030683938391,35186.9132965424,12248.2668215951
"r_effect.size.id[901,Intercept]",1.0002345556658,35774.8790502517,12115.8149803423
"r_effect.size.id[902,Intercept]",1.00050522273918,19180.891923899,12128.9923184712
"r_effect.size.id[903,Intercept]",1.00090181325479,19347.6493894248,12380.1991650615
"r_effect.size.id[904,Intercept]",1.00019491538432,40543.1131962625,11889.1635729244
"r_effect.size.id[905,Intercept]",1.00076098587286,41025.2868926795,10886.1743392265
"r_effect.size.id[906,Intercept]",0.999991522698801,46453.2975793024,11242.3318415943
"r_effect.size.id[907,Intercept]",1.00036349237137,40547.8799390694,11969.5773223238
"r_effect.size.id[908,Intercept]",1.000970200048,44470.9209076765,10082.954537615
"r_effect.size.id[909,Intercept]",1.00050629517183,42029.2228566844,11957.8790028009
"r_effect.size.id[910,Intercept]",1.00025317033052,44161.5318731518,11237.5786515983
"r_effect.size.id[911,Intercept]",1.00041329708988,38792.7179731851,10830.0420293003
"r_effect.size.id[912,Intercept]",1.00071936729703,42359.270537833,11066.6361782295
"r_effect.size.id[913,Intercept]",1.00043066915923,41384.2016523341,10829.6690724926
"r_effect.size.id[914,Intercept]",1.00012012999496,42924.6448641277,10634.9423078055
"r_effect.size.id[915,Intercept]",1.00063222421335,39088.3500888877,11904.3629929099
"r_effect.size.id[916,Intercept]",1.00035845895401,37768.9660063058,10792.122918508
"r_effect.size.id[917,Intercept]",1.00034701220257,29411.7330461539,11881.4478530074
"r_effect.size.id[918,Intercept]",1.00002272872364,28072.9756861809,12332.7397982398
"r_effect.size.id[919,Intercept]",0.999956106397273,40266.727530139,10643.5276122756
"r_effect.size.id[920,Intercept]",1.00007259523354,44477.1842050035,11104.154622991
"r_effect.size.id[921,Intercept]",1.00013432199854,37474.2967496577,12152.1279163009
"r_effect.size.id[922,Intercept]",1.00040529084531,35923.6628517667,10876.0671591655
"r_effect.size.id[923,Intercept]",1.00034141631107,37350.4707343421,11157.8564491967
"r_effect.size.id[924,Intercept]",1.00008457758995,34678.9172044409,11456.4170740906
"r_effect.size.id[925,Intercept]",1.00027587043581,35977.276565985,13008.6684682504
"r_effect.size.id[926,Intercept]",1.00032128637194,39245.1634151366,11382.8954339837
"r_effect.size.id[927,Intercept]",1.00044969045079,37399.5300720609,11362.2927172149
"r_effect.size.id[928,Intercept]",1.00001202485061,40802.7071323797,11614.0506749786
"r_effect.size.id[929,Intercept]",1.00041084966096,42559.6405027703,11474.4129511798
"r_effect.size.id[930,Intercept]",1.00003120037449,41621.0631459891,10320.5290890944
"r_effect.size.id[931,Intercept]",1.00086190668757,36374.5230054139,11231.2890679913
"r_effect.size.id[932,Intercept]",1.00071809493517,37957.9627933604,10900.9458971981
"r_effect.size.id[933,Intercept]",1.00016569664902,39413.2449342708,10559.8960585604
"r_effect.size.id[934,Intercept]",1.00019386903106,38574.9613001808,11334.8090684757
"r_effect.size.id[935,Intercept]",1.00080986035021,40129.1517564154,11003.9632865847
"r_effect.size.id[936,Intercept]",1.00042616649905,40580.5834469109,11050.0036277286
"r_effect.size.id[937,Intercept]",1.0006241472476,40312.6516569173,11387.1125815848
"r_effect.size.id[938,Intercept]",1.00066941152945,39001.234527106,11877.0259115149
"r_effect.size.id[939,Intercept]",1.00103743287946,38649.6738136985,10910.7945947462
"r_effect.size.id[940,Intercept]",1.00157743426925,39000.6851019723,11260.1911138715
"r_effect.size.id[941,Intercept]",1.00054570687741,35800.2547985457,11407.3598928868
"r_effect.size.id[942,Intercept]",1.00040620980585,39004.3949051492,10179.2782276447
"r_effect.size.id[943,Intercept]",0.999840830887899,40180.7477406981,11208.5449545747
"r_effect.size.id[944,Intercept]",1.00018956464018,37083.5447815866,11001.3434001927
"r_effect.size.id[945,Intercept]",1.00046290793744,37877.1292803627,10176.9162010914
"r_effect.size.id[946,Intercept]",1.00045314663282,40925.9549523775,10573.4328917717
"r_effect.size.id[947,Intercept]",1.00050419840064,41870.598397015,11378.1525976095
"r_effect.size.id[948,Intercept]",1.00017269405918,41799.8800727561,11506.6758049365
"r_effect.size.id[949,Intercept]",1.00069187580444,37552.7700372474,11274.1182988705
"r_effect.size.id[950,Intercept]",0.999985479810004,46800.419267561,10528.6089973086
"r_effect.size.id[951,Intercept]",1.0001207566763,38331.1753804166,11627.3004313799
"r_effect.size.id[952,Intercept]",1.00048191727857,42362.4262318505,11399.7091651041
"r_effect.size.id[953,Intercept]",1.00192967167094,39493.3157453313,11468.4831196342
"r_effect.size.id[954,Intercept]",1.00031776046132,19638.4505263414,14132.1672138169
"r_effect.size.id[955,Intercept]",1.00058939556054,18954.0588746412,14363.7703312319
"r_effect.size.id[956,Intercept]",1.00090077723296,18619.8199921662,12700.3689655768
"r_effect.size.id[957,Intercept]",1.0001680671684,40212.009500899,10774.07941746
"r_effect.size.id[958,Intercept]",1.00068877522023,36379.5852412039,11261.4272791435
"r_effect.size.id[959,Intercept]",1.00010665278419,37352.8668941678,11023.9190383601
"r_effect.size.id[960,Intercept]",1.00083068565387,40586.683480066,10902.3696848433
"r_effect.size.id[961,Intercept]",1.00024697208352,40505.5036139755,10778.3803504658
"r_effect.size.id[962,Intercept]",1.00008428626183,35839.1311173066,10151.4057282565
"r_effect.size.id[963,Intercept]",1.00053495377279,44112.1129699057,10771.830579957
"r_effect.size.id[964,Intercept]",1.00098050195359,38936.2468948588,10956.4722803239
"r_effect.size.id[965,Intercept]",0.999980716529251,37594.4798082876,11086.5121631348
"r_effect.size.id[966,Intercept]",1.00043943967903,40912.4728160296,10286.2253438963
"r_effect.size.id[967,Intercept]",1.00039306522735,41174.1699992133,11241.8865435139
"r_effect.size.id[968,Intercept]",1.00074901737144,40121.2813767969,11750.6531637114
"r_effect.size.id[969,Intercept]",1.00027931625486,46550.9533869812,11466.4549932538
"r_effect.size.id[970,Intercept]",1.00054074476755,45760.9023075765,11453.7374675054
"r_effect.size.id[971,Intercept]",1.00030191445245,40697.4270566401,10124.2518372329
"r_effect.size.id[972,Intercept]",1.00001464112438,38269.2028539686,11566.5153669932
"r_effect.size.id[973,Intercept]",1.00032912797384,43615.9913758389,11449.3132075786
"r_effect.size.id[974,Intercept]",1.0003884722908,39769.4357148297,10420.022223538
"r_effect.size.id[975,Intercept]",1.00050413875093,40275.7531262532,11346.2270932978
"r_effect.size.id[976,Intercept]",1.00002480227446,42717.2079255912,11408.0700708744
"r_effect.size.id[977,Intercept]",1.00080803019246,37640.6679322919,10882.0931157865
"r_effect.size.id[978,Intercept]",0.999906214736084,46514.1427685236,11469.4334270615
"r_effect.size.id[979,Intercept]",1.00033030804369,36656.3629798924,10286.6709584659
"r_effect.size.id[980,Intercept]",1.00121258339877,40771.6542667622,10914.9903354943
"r_effect.size.id[981,Intercept]",1.0000661337386,40069.4318172371,10393.4439608543
"r_effect.size.id[982,Intercept]",1.00038398093379,43888.5468190953,10773.172972513
"r_effect.size.id[983,Intercept]",0.99994798521992,43992.3655899858,10844.3803457656
"r_effect.size.id[984,Intercept]",1.00036598801372,36250.9525242984,11146.6557522842
"r_effect.size.id[985,Intercept]",1.00006708940797,36350.7178044804,11041.809278787
"r_effect.size.id[986,Intercept]",1.00085983353939,36454.5325799842,11500.5979479043
"r_effect.size.id[987,Intercept]",1.0007079408149,39614.6546099513,10387.5156931515
"r_effect.size.id[988,Intercept]",1.00001911528231,42905.2373649972,11114.7142730746
"r_effect.size.id[989,Intercept]",1.00015551737764,43059.8424932915,11488.2802607148
"r_effect.size.id[990,Intercept]",1.00059940814886,42375.583834891,10218.7312116853
"r_effect.size.id[991,Intercept]",1.00040882414894,38344.2074096198,10403.7065925194
"r_effect.size.id[992,Intercept]",1.00036613833765,38246.6365073113,10194.0863191664
"r_effect.size.id[993,Intercept]",1.00025501176082,40972.8737816452,11745.2506629776
"r_effect.size.id[994,Intercept]",1.00060507143124,42491.7179190068,10835.8423166474
"r_effect.size.id[995,Intercept]",1.00012494916306,41919.7054130126,10149.5101270317
"r_effect.size.id[996,Intercept]",1.00038666002225,42205.1722552975,10834.3360048207
"r_effect.size.id[997,Intercept]",1.00066254743452,10558.4102912061,10903.3402392824
"r_effect.size.id[998,Intercept]",1.00074311394254,29243.3819892235,12765.2623065824
"r_effect.size.id[999,Intercept]",1.00072454569316,37219.3270800688,11377.1767026173
"r_effect.size.id[1000,Intercept]",1.00075510774304,36981.538858073,12438.8749829688
"r_effect.size.id[1001,Intercept]",1.00016569909513,35311.9496917488,12449.6786301049
"r_effect.size.id[1002,Intercept]",0.999986441003668,13855.3665196699,12573.0541613047
"r_effect.size.id[1003,Intercept]",1.0000871337135,13416.061787038,12478.2268741061
"r_effect.size.id[1004,Intercept]",1.00011991362426,13446.7190664641,13037.9189196917
"r_effect.size.id[1005,Intercept]",1.00006408741451,16965.8342512991,12636.9148735838
"r_effect.size.id[1006,Intercept]",1.00013613218821,13545.5187009906,13003.5417696556
"r_effect.size.id[1007,Intercept]",1.00022109294049,13608.1536816312,13515.9286606076
"r_effect.size.id[1008,Intercept]",1.00039040474971,18185.1439256171,13457.5183853679
"r_effect.size.id[1009,Intercept]",1.00025735700648,8517.12233391363,10775.6517129976
"r_effect.size.id[1010,Intercept]",1.0001632909339,8633.02238481252,10892.7430328128
"r_effect.size.id[1011,Intercept]",1.00053005434991,8062.09694212243,10519.796919593
"r_effect.size.id[1012,Intercept]",1.00027429243392,8728.22834855694,10893.709793478
"r_effect.size.id[1013,Intercept]",1.00019033205316,8745.83560151469,11010.465652434
"r_effect.size.id[1014,Intercept]",1.00029795449341,8450.63894744695,11109.0936184685
"r_effect.size.id[1015,Intercept]",1.00031199859607,8541.18895767474,10459.6625726773
"r_effect.size.id[1016,Intercept]",1.00049453524618,41674.6578770516,11378.1457589296
"r_effect.size.id[1017,Intercept]",0.999964323209234,33809.6463177869,12811.5504418333
"r_effect.size.id[1018,Intercept]",1.00044281010345,34009.4117252616,12747.4509410727
"r_effect.size.id[1019,Intercept]",0.999871226849483,37770.6847458588,11947.3470501797
"r_effect.size.id[1020,Intercept]",1.00018840269072,41958.0239419424,10425.0101070742
"r_effect.size.id[1021,Intercept]",1.00135955045529,44463.7242375551,10835.6191123077
"r_effect.size.id[1022,Intercept]",1.00023451877584,43016.7226606516,10734.52128486
"r_effect.size.id[1023,Intercept]",1.00024009306979,41305.4312508396,11148.2081336886
"r_effect.size.id[1024,Intercept]",1.00017030811941,41956.1941063437,11355.4908467009
"r_effect.size.id[1025,Intercept]",1.00019726744107,42936.9002372391,10812.3785806204
"r_effect.size.id[1026,Intercept]",1.00014539366836,44356.763838592,10371.8425330143
"r_effect.size.id[1027,Intercept]",1.00048064871361,40341.2983626586,11261.2365669279
"r_effect.size.id[1028,Intercept]",1.00033016206953,37292.6837745904,11443.8881751418
"r_effect.size.id[1029,Intercept]",1.0002404950002,38436.4944532748,12233.6461593429
"r_effect.size.id[1030,Intercept]",1.00005748209259,41397.1387419539,11523.4244228638
"r_effect.size.id[1031,Intercept]",1.00008381038992,38248.069538445,11986.7326777544
"r_effect.size.id[1032,Intercept]",1.00085712204415,38351.5314940202,10746.7733473662
"r_effect.size.id[1033,Intercept]",1.00171779217053,38555.0588427996,10526.0643643862
"r_effect.size.id[1034,Intercept]",1.00003845020822,42601.759202083,11567.5255935747
"r_effect.size.id[1035,Intercept]",1.00052435522268,43442.6270902557,11389.1240960477
"r_effect.size.id[1036,Intercept]",1.00040828514354,40473.4985965849,10473.1189779623
"r_effect.size.id[1037,Intercept]",0.999912986637372,32141.8474442536,11922.3834872422
"r_effect.size.id[1038,Intercept]",1.00036222259959,36066.0452288621,11815.4283024704
"r_effect.size.id[1039,Intercept]",1.00016948531944,38533.8144498295,11767.911215034
"r_effect.size.id[1040,Intercept]",1.0014598267985,37714.8283256139,10924.2236066361
"r_effect.size.id[1041,Intercept]",1.00037469680533,36299.2511650191,12180.9602813409
"r_effect.size.id[1042,Intercept]",1.00028498797241,39202.7518829855,12103.0304032178
"r_effect.size.id[1043,Intercept]",1.00013789246877,40028.505305549,11393.9546012071
"r_effect.size.id[1044,Intercept]",1.00012715629066,16639.8040015836,13664.1706020164
"r_effect.size.id[1045,Intercept]",1.00015618398092,16172.8752676853,14171.7142886142
"r_effect.size.id[1046,Intercept]",1.00003369735202,16447.1819815334,13886.4647512001
"r_effect.size.id[1047,Intercept]",1.00041500205194,16142.3611515923,13065.9775985541
"r_effect.size.id[1048,Intercept]",1.00007396295072,16063.9955776975,12623.7912041691
"r_effect.size.id[1049,Intercept]",0.999862189958317,16907.1367019966,12919.5979063614
"r_effect.size.id[1050,Intercept]",1.00004074710934,24430.8127100971,11638.7579706705
"r_effect.size.id[1051,Intercept]",1.00047147981739,37212.009940283,12196.9758626838
"r_effect.size.id[1052,Intercept]",1.00040611598742,39802.6458323275,12414.5657319534
"r_effect.size.id[1053,Intercept]",1.00005237351363,44663.6620655463,11439.0316590273
"r_effect.size.id[1054,Intercept]",1.00139143181677,39615.5154975411,10559.014260525
"r_effect.size.id[1055,Intercept]",1.00086229501482,39331.4249557729,11040.1885813189
"r_effect.size.id[1056,Intercept]",1.00016864675202,40372.8516671743,10957.6900831408
"r_effect.size.id[1057,Intercept]",1.00007827812372,49023.0273335649,12000.4377090387
"r_effect.size.id[1058,Intercept]",1.00044036680271,21282.2291161703,12300.6930050188
"r_effect.size.id[1059,Intercept]",1.00011270236917,19969.408215955,12430.7530066453
"r_effect.size.id[1060,Intercept]",1.0004611182966,36598.1259134101,12051.4522042073
"r_effect.size.id[1061,Intercept]",1.00013449621793,34282.8989299361,12516.9041842131
"r_effect.size.id[1062,Intercept]",1.00045421327721,26414.2756026403,12714.040433035
"r_effect.size.id[1063,Intercept]",1.00005103057517,40019.3991025191,12039.2320546425
"r_effect.size.id[1064,Intercept]",1.00078740697012,39720.8862155601,11671.6120224826
"r_effect.size.id[1065,Intercept]",1.00073090133008,36711.6046891085,11494.7675278789
"r_effect.size.id[1066,Intercept]",1.00115609572584,39377.4064208221,11211.737030625
"r_effect.size.id[1067,Intercept]",1.00033959647049,40083.1247863912,11396.6823995553
"r_effect.size.id[1068,Intercept]",1.0002902664603,35617.0564769904,11340.0390740469
"r_effect.size.id[1069,Intercept]",1.00035570287263,36800.6679845033,12617.69401564
"r_effect.size.id[1070,Intercept]",0.99999601475877,38330.6281280874,12194.820414656
"r_effect.size.id[1071,Intercept]",1.00030575100316,38940.7692370044,11317.6588642579
"r_effect.size.id[1072,Intercept]",1.00023343482387,41713.7749130256,11957.5866613992
"r_effect.size.id[1073,Intercept]",1.00017743792767,38896.1673428565,11269.1798219459
"r_effect.size.id[1074,Intercept]",1.00117449291094,32963.3559919346,11593.5379291276
"r_effect.size.id[1075,Intercept]",1.00019158254001,31723.024188086,11982.1149707309
"r_effect.size.id[1076,Intercept]",1.00005434816201,37407.0531063367,11725.7642689219
"r_effect.size.id[1077,Intercept]",1.00242205873883,41714.46856717,11709.9266750671
"r_effect.size.id[1078,Intercept]",1.0002095901233,33107.779868992,12589.0948560676
"r_effect.size.id[1079,Intercept]",1.0005728143265,30292.0862090914,12533.7600046118
"r_effect.size.id[1080,Intercept]",1.00014297692977,30953.4064761628,12237.2367276537
"r_effect.size.id[1081,Intercept]",1.0001787806301,35523.7940504098,12033.7028051957
"r_effect.size.id[1082,Intercept]",0.999883135361623,36277.222242075,11921.4807634145
"r_effect.size.id[1083,Intercept]",1.00039757814138,35797.2803537386,11315.7511399401
"r_effect.size.id[1084,Intercept]",1.00074553708648,31958.5377999503,12649.1020762363
"r_effect.size.id[1085,Intercept]",1.00041375289651,37446.1810411303,10768.7354952058
"r_effect.size.id[1086,Intercept]",1.00015867443579,37818.4889648594,11176.7683172647
"r_effect.size.id[1087,Intercept]",1.00004024272073,38952.5536322584,11043.9520876619
"r_effect.size.id[1088,Intercept]",1.00007043002145,36399.3997339652,10920.7947174422
"r_effect.size.id[1089,Intercept]",1.00037737897165,30673.9210810723,11741.1630477658
"r_effect.size.id[1090,Intercept]",1.00048112709491,35425.5127017217,11784.6264399572
"r_effect.size.id[1091,Intercept]",0.999918051174898,31626.1942649916,12263.4305681722
"r_effect.size.id[1092,Intercept]",1.00096177421467,36433.8055281641,12055.0671186548
"r_effect.size.id[1093,Intercept]",1.0008410041374,39526.7083717627,11445.1055953437
"r_effect.size.id[1094,Intercept]",1.00009999497779,33766.5677037673,11511.6558874079
"r_effect.size.id[1095,Intercept]",1.0000372921877,36942.9858084209,11075.3795724026
"r_effect.size.id[1096,Intercept]",1.0003468330843,36108.6456998908,12018.1512356736
"r_effect.size.id[1097,Intercept]",1.00060030989835,42239.4146570048,11840.3996065759
"r_effect.size.id[1098,Intercept]",1.00023829949866,34504.4378077177,12582.7202184253
"r_effect.size.id[1099,Intercept]",1.00023680018317,33946.019026036,11336.9606291035
"r_effect.size.id[1100,Intercept]",1.0001820871517,34640.4305056875,12208.7530668467
"r_effect.size.id[1101,Intercept]",1.00003895330366,34610.7017160137,12737.7513497351
"r_effect.size.id[1102,Intercept]",1.00014703335549,33184.0224918341,12528.5076353971
"r_effect.size.id[1103,Intercept]",1.00142314364093,34908.6372431563,12160.8125456803
"r_effect.size.id[1104,Intercept]",0.999968169401374,43744.5864940765,12120.116307971
"r_effect.size.id[1105,Intercept]",0.99993819975487,37977.3085738293,11653.2489446917
"r_effect.size.id[1106,Intercept]",1.00051575319475,41531.3251138957,10672.4937276417
"r_effect.size.id[1107,Intercept]",1.00040476667851,39263.4488424777,11365.9012035747
"r_effect.size.id[1108,Intercept]",0.999931062825235,38290.2470420989,10997.7463304262
"r_effect.size.id[1109,Intercept]",1.00016402655696,45082.6343162829,11747.4636966217
"r_effect.size.id[1110,Intercept]",1.00073797847808,40221.8166488757,11537.2424490676
"r_effect.size.id[1111,Intercept]",1.00051248888715,37781.2970795233,10695.7927122977
"r_effect.size.id[1112,Intercept]",1.00034931451537,38274.4584912689,11626.9812077165
"r_effect.size.id[1113,Intercept]",1.00022701715226,37237.165772807,10579.6926256944
"r_effect.size.id[1114,Intercept]",1.00016733850916,40768.6874301079,12007.5885169495
"r_effect.size.id[1115,Intercept]",1.00005723301039,43917.9417104317,11686.7794926688
"r_effect.size.id[1116,Intercept]",1.00002163493009,38495.705120531,10968.3083441259
"r_effect.size.id[1117,Intercept]",1.00030379483076,42386.8854262573,11330.8775170239
"r_effect.size.id[1118,Intercept]",1.00055508847824,43128.8140809882,10588.6284779868
"r_effect.size.id[1119,Intercept]",1.00070147207939,38480.916879079,10181.7896367391
"r_effect.size.id[1120,Intercept]",1.00057030600994,36750.6064038381,11919.8535952175
"r_effect.size.id[1121,Intercept]",1.00083452208553,38854.8718441261,11886.6950636539
"r_effect.size.id[1122,Intercept]",1.00061736747848,37342.3784184173,11869.6574335516
"r_effect.size.id[1123,Intercept]",1.00010585195672,36002.605756759,11720.7929220956
"r_effect.size.id[1124,Intercept]",1.00016553735942,37748.8686139989,11873.5166979822
"r_effect.size.id[1125,Intercept]",1.00044886619547,34484.1549718582,11795.412548497
"r_effect.size.id[1126,Intercept]",1.00011460699249,41452.8767091412,11824.5061217529
"r_effect.size.id[1127,Intercept]",1.00007535316437,39286.5702788095,10869.1950194372
"r_effect.size.id[1128,Intercept]",1.00038851076765,40408.5610199003,11063.4221275983
"r_effect.size.id[1129,Intercept]",1.00019080096521,44694.2693910289,11577.11863705
"r_effect.size.id[1130,Intercept]",1.00021637248998,42535.4794268165,11130.5824266326
"r_effect.size.id[1131,Intercept]",1.00087328693036,42399.8197975566,10703.7655510402
"r_effect.size.id[1132,Intercept]",1.00032826330254,42049.579888753,11144.1116507211
"r_effect.size.id[1133,Intercept]",1.00028412387101,38978.0814491566,11898.0606215406
"r_effect.size.id[1134,Intercept]",1.00013091683421,40630.4716507031,10996.3355817974
"r_effect.size.id[1135,Intercept]",1.00039296320235,43034.9216791859,10960.948970431
"r_effect.size.id[1136,Intercept]",1.00016022860118,40073.9745871963,10796.3812636073
"r_effect.size.id[1137,Intercept]",1.00014959533102,41463.7038993033,10580.5283983829
"r_effect.size.id[1138,Intercept]",1.00006607368453,40012.1732346633,10612.360296204
"r_effect.size.id[1139,Intercept]",0.999920668472183,42015.4041556834,11050.1177700056
"r_effect.size.id[1140,Intercept]",1.00080750884056,44151.6583701259,11664.4777555575
"r_effect.size.id[1141,Intercept]",1.00008088508436,38211.5358152211,12048.6611233864
"r_effect.size.id[1142,Intercept]",1.00025637693945,27355.8553413314,13695.9236511088
"r_effect.size.id[1143,Intercept]",0.999999660806833,27018.4670023493,14163.0772828938
"r_effect.size.id[1144,Intercept]",1.00004511060937,28353.5960295887,14552.6312232038
"r_effect.size.id[1145,Intercept]",1.00001305763172,29746.7217308772,12992.8904559255
"r_effect.size.id[1146,Intercept]",1.00036625485476,36066.2752849619,10551.6411936546
"r_effect.size.id[1147,Intercept]",1.00061682560695,35356.6544237325,10973.3105054078
"r_effect.size.id[1148,Intercept]",1.00043240326409,40826.9512151931,11271.7611799719
"r_effect.size.id[1149,Intercept]",1.00047603450595,42927.1157133153,12246.5909990755
"r_effect.size.id[1150,Intercept]",0.999965702026591,36215.6490320695,12079.0471709554
"r_effect.size.id[1151,Intercept]",1.000083223356,37086.8692202326,12932.9640348258
"r_effect.size.id[1152,Intercept]",1.00008827507454,39161.4509871859,11415.4802677034
"r_effect.size.id[1153,Intercept]",1.0003181720509,42836.2398379946,11494.8456301315
"r_effect.size.id[1154,Intercept]",1.00063508835271,42302.2824297748,11501.542843659
"r_effect.size.id[1155,Intercept]",1.00014056737415,39929.8361390553,12105.045343961
"r_effect.size.id[1156,Intercept]",1.00068853883972,36466.6429467603,11157.7302811212
"r_effect.size.id[1157,Intercept]",1.00014829855561,34162.8775812638,12658.7912067828
"r_effect.size.id[1158,Intercept]",1.00022695617141,33744.9653266795,11167.4783016131
"r_effect.size.id[1159,Intercept]",1.00029173664961,42235.0580294135,11086.4487357462
"r_effect.size.id[1160,Intercept]",1.00011499921314,43574.1766759151,10743.1799451991
"r_effect.size.id[1161,Intercept]",1.00036977256923,39520.2034114507,12138.0286510798
"r_effect.size.id[1162,Intercept]",1.00103041456909,39018.1739790418,10650.5168468668
"r_effect.size.id[1163,Intercept]",1.00047660736682,37453.9301088513,12340.6289469148
"r_effect.size.id[1164,Intercept]",1.0005910407605,39408.4737158628,11484.5718811351
"r_effect.size.id[1165,Intercept]",1.00028425356868,40344.5189440747,11075.159753727
"r_effect.size.id[1166,Intercept]",1.00075578648369,41114.8027429651,11164.4132137081
"r_effect.size.id[1167,Intercept]",0.999897191428279,41193.413344897,11942.2011719272
"r_effect.size.id[1168,Intercept]",1.000299708039,43203.8890882657,10789.7448643093
"r_effect.size.id[1169,Intercept]",1.00005957223214,38910.0323741175,11314.9327336807
"r_effect.size.id[1170,Intercept]",1.00034313745174,32708.2570237623,12359.7880501326
"r_effect.size.id[1171,Intercept]",1.00045982525985,36522.5949397278,11996.3968790347
"r_effect.size.id[1172,Intercept]",1.00027563647347,33349.5466159284,12413.5614475483
"r_effect.size.id[1173,Intercept]",1.00024774665755,35968.0130228288,12366.1870368741
"r_effect.size.id[1174,Intercept]",1.00015067362386,42316.2765789826,11392.431098949
"r_effect.size.id[1175,Intercept]",0.999887313538044,29419.2076626478,11974.2851517176
"r_effect.size.id[1176,Intercept]",1.00008491934225,27698.4004451571,11753.034847235
"r_effect.size.id[1177,Intercept]",1.00006723415257,15520.8050492833,13272.0358399074
"r_effect.size.id[1178,Intercept]",0.999961547086306,15370.3375388033,12175.0846222108
"r_effect.size.id[1179,Intercept]",1.0001990531765,15624.0699320606,12057.589726222
"r_effect.size.id[1180,Intercept]",0.99989853311925,38164.0156516353,11892.307806649
"r_effect.size.id[1181,Intercept]",0.999988234994853,35574.9973829319,12616.7955529223
"r_effect.size.id[1182,Intercept]",1.00012234541876,25909.3690967595,12816.6894422176
"r_effect.size.id[1183,Intercept]",1.00024747617948,25013.9811393683,13279.6319573671
"r_effect.size.id[1184,Intercept]",0.999921600050001,27376.1314294596,12977.8254710787
"r_effect.size.id[1185,Intercept]",1.00015909034594,25479.7653819421,13140.9398536247
"r_effect.size.id[1186,Intercept]",0.999970647423909,25060.3197384328,13401.9503663889
"r_effect.size.id[1187,Intercept]",1.00008790677072,25863.9147563127,12789.0866739119
"r_effect.size.id[1188,Intercept]",1.00099933626216,35038.4685096243,11926.8560422156
"r_effect.size.id[1189,Intercept]",1.00010767093365,40755.1118677986,11608.3921383468
"r_effect.size.id[1190,Intercept]",1.00017757325068,40389.7230866511,11899.2174476454
"r_effect.size.id[1191,Intercept]",1.0005277364908,43214.3060930274,11253.921329706
"r_effect.size.id[1192,Intercept]",1.00080768172592,36775.7895165313,11456.3325100756
"r_effect.size.id[1193,Intercept]",1.00003947076208,37772.1973163923,10891.39495186
"r_effect.size.id[1194,Intercept]",1.00046867277581,39985.3615959052,11805.0172482657
"r_effect.size.id[1195,Intercept]",1.00016955959727,37627.8304290775,11871.2032672764
"r_effect.size.id[1196,Intercept]",0.999988100752608,37991.0200981326,12700.782973442
"r_effect.size.id[1197,Intercept]",1.00028736515018,39041.4681037774,12167.420069536
"r_effect.size.id[1198,Intercept]",1.00008400073797,32348.479507111,13175.6990595978
"r_effect.size.id[1199,Intercept]",1.00029810862251,31213.7701475347,13276.653704149
"r_effect.size.id[1200,Intercept]",1.0003033010168,30064.546522111,13345.5573909513
"r_effect.size.id[1201,Intercept]",1.00016560998872,31656.5783346831,12067.847444283
"r_effect.size.id[1202,Intercept]",1.00012329686662,18052.7804123286,11720.3360770314
"r_effect.size.id[1203,Intercept]",1.00012665037019,15706.2065814363,11684.3264922187
"r_effect.size.id[1204,Intercept]",1.00009785596017,17828.0555666567,12339.4060642943
"r_effect.size.id[1205,Intercept]",1.00057960105302,16708.7979752934,12170.5385095564
"r_effect.size.id[1206,Intercept]",1.00039017642962,16328.5962397944,11611.520733037
"r_effect.size.id[1207,Intercept]",1.00031477383543,17006.4279666252,12091.0532217797
"r_effect.size.id[1208,Intercept]",0.999986683073169,17344.2930357976,11828.7804698754
"r_effect.size.id[1209,Intercept]",1.00008900949032,18252.9973815706,11729.6263822547
"r_effect.size.id[1210,Intercept]",1.00010343654404,17498.2153020645,12268.0796140475
"r_effect.size.id[1211,Intercept]",1.0008819856646,16499.1655059734,11432.8307491075
"r_effect.size.id[1212,Intercept]",0.999941969716035,16479.8416009009,11584.0978124678
"r_effect.size.id[1213,Intercept]",1.00060245447681,17019.3282933333,11517.4525751586
"r_effect.size.id[1214,Intercept]",1.00047127335452,17387.3681431032,12383.0021000174
"r_effect.size.id[1215,Intercept]",0.999972503167235,17538.8866995048,11268.8946634151
"r_effect.size.id[1216,Intercept]",1.0006919356835,17494.8883646823,12282.256617968
"r_effect.size.id[1217,Intercept]",1.00033655336442,17071.620302949,11333.2590709583
"r_effect.size.id[1218,Intercept]",1.00047458225363,16688.5712430039,12304.5296630912
"r_effect.size.id[1219,Intercept]",1.00054315390892,17262.8043367755,11860.9612612271
"r_effect.size.id[1220,Intercept]",1.00003439095196,17214.6435634138,11823.9499836531
"r_effect.size.id[1221,Intercept]",1.00015426965986,16974.7190934934,11744.8486802571
"r_effect.size.id[1222,Intercept]",1.00012791638969,17457.5659883693,11443.5364822607
"r_effect.size.id[1223,Intercept]",1.00007535270564,16581.6452155224,12260.0426574668
"r_effect.size.id[1224,Intercept]",1.00015058097035,17732.7673772921,11671.1011345371
"r_effect.size.id[1225,Intercept]",1.00003828925919,17728.4151351302,12148.1559879994
"r_effect.size.id[1226,Intercept]",1.0001571431817,17236.1631392263,11559.9720928541
"r_effect.size.id[1227,Intercept]",1.00022047144207,16465.9769303661,12866.3963137541
"r_effect.size.id[1228,Intercept]",1.00046622127137,16616.0465925677,11591.2882186398
"r_effect.size.id[1229,Intercept]",1.00008832188338,17232.5587433028,11968.0365271877
"r_effect.size.id[1230,Intercept]",1.00039992342715,36131.0176083676,12084.0894647817
"r_effect.size.id[1231,Intercept]",1.00034609885232,36356.2029785287,12602.62081378
"r_effect.size.id[1232,Intercept]",1.00057043631869,36119.4992091251,11792.7706842421
"r_effect.size.id[1233,Intercept]",1.00009362345754,33841.9673522246,11337.9613967519
"r_effect.size.id[1234,Intercept]",1.000022988073,33735.1775211669,12006.8058066943
"r_effect.size.id[1235,Intercept]",1.0003293557268,35896.1367803774,12627.7551930437
"r_effect.size.id[1236,Intercept]",1.00011083878237,45408.0039695033,10917.904695301
"r_effect.size.id[1237,Intercept]",1.00011416175912,39119.6289435019,11757.7778172623
"r_effect.size.id[1238,Intercept]",1.00019188604273,42974.6898825611,11446.597040156
"r_effect.size.id[1239,Intercept]",1.00030655984324,40215.2607151095,11233.8108553069
"r_effect.size.id[1240,Intercept]",1.00030856419976,40860.1380073468,10983.9711676541
"r_effect.size.id[1241,Intercept]",0.99995869649066,40872.3534483955,11378.5642521446
"r_effect.size.id[1242,Intercept]",1.00019384558084,41818.3631330546,11161.572004505
"r_effect.size.id[1243,Intercept]",1.00118434861985,39610.4871754141,11191.4695760826
"r_effect.size.id[1244,Intercept]",1.00041263009685,37329.3933676501,11279.4894394399
"r_effect.size.id[1245,Intercept]",1.00004783882367,41063.7663600923,10890.7639650475
"r_effect.size.id[1246,Intercept]",1.00038293260381,41875.8495776858,9869.12403759963
"r_effect.size.id[1247,Intercept]",1.00032406063164,41479.1084852318,10493.6887908593
"r_effect.size.id[1248,Intercept]",1.00121623254034,29406.5485166982,12599.9027995685
"r_effect.size.id[1249,Intercept]",1.00047291664044,33610.4315238252,12878.1402691959
"r_effect.size.id[1250,Intercept]",1.00020666061092,28494.6729862774,13520.5930351742
"r_effect.size.id[1251,Intercept]",1.00020783100163,28636.5135755478,13134.3725089636
"r_effect.size.id[1252,Intercept]",0.999954426343212,31182.0419079189,12570.394822219
"r_effect.size.id[1253,Intercept]",1.00037863436641,30086.4494843063,11287.4445426339
"r_effect.size.id[1254,Intercept]",1.00029421038334,30292.1274831136,13519.0456872921
"r_effect.size.id[1255,Intercept]",1.00030743408415,30298.2587067667,12562.1811918202
"r_effect.size.id[1256,Intercept]",1.00020281810858,18062.3503576354,12232.57261383
"r_effect.size.id[1257,Intercept]",1.00023871408494,18000.8740994814,12499.274047296
"r_effect.size.id[1258,Intercept]",0.999982292792507,22142.2307301914,14110.3543599062
"r_effect.size.id[1259,Intercept]",1.00006494256968,23059.1422936479,13697.8926316492
"r_effect.size.id[1260,Intercept]",1.00001843676082,22998.2084109217,13753.7420613142
"r_effect.size.id[1261,Intercept]",0.999981578619216,40730.404133748,11044.1298997094
"r_effect.size.id[1262,Intercept]",1.00008440058762,32923.074005408,12463.5344627039
"r_effect.size.id[1263,Intercept]",1.00040555933212,34646.3329895457,11841.5761286932
"r_effect.size.id[1264,Intercept]",1.00033638801606,39591.1292930439,11846.377065951
"r_effect.size.id[1265,Intercept]",1.00055080587657,35680.8567813868,10648.3983251492
"r_effect.size.id[1266,Intercept]",1.00028937953665,43769.4661493034,12263.0854119036
"r_effect.size.id[1267,Intercept]",1.00030843274196,20357.9556058769,12941.6926436236
"r_effect.size.id[1268,Intercept]",1.0002034121412,19034.1430402195,13488.5928327547
"r_effect.size.id[1269,Intercept]",1.00049161426577,19226.6469963598,14066.1995316655
"r_effect.size.id[1270,Intercept]",1.000063601433,23854.1948373684,13355.5579188669
"r_effect.size.id[1271,Intercept]",1.00014654702549,25018.560179165,12260.5267440239
"r_effect.size.id[1272,Intercept]",1.00069236218634,25356.6298574632,13174.9516082409
"r_effect.size.id[1273,Intercept]",1.00007628779511,14557.2534295786,13244.1135352107
"r_effect.size.id[1274,Intercept]",0.999981156537501,14071.0515058768,13236.1057088473
"r_effect.size.id[1275,Intercept]",1.00003432682159,10282.4717414703,11453.6413873919
"r_effect.size.id[1276,Intercept]",1.0000477776122,14358.3912678746,11868.5013753124
"r_effect.size.id[1277,Intercept]",0.999930865606764,14895.5116803146,12574.8028636929
"r_effect.size.id[1278,Intercept]",0.999943751867934,10320.0267657776,12105.8208526801
"r_effect.size.id[1279,Intercept]",1.00007333643822,10304.2680212052,12517.3598762604
"r_effect.size.id[1280,Intercept]",1.00005175410692,9736.3649789422,11995.6277687415
"r_effect.size.id[1281,Intercept]",1.00028680216662,36316.5012913222,10835.0580835252
"r_effect.size.id[1282,Intercept]",1.00099463418579,36919.8723104227,10959.3203900568
"r_effect.size.id[1283,Intercept]",0.999983756898105,15643.9242614123,13612.6792394
"r_effect.size.id[1284,Intercept]",1.0001017966815,15037.3330141645,14148.3139457044
"r_effect.size.id[1285,Intercept]",1.000062082882,14856.573040727,13663.0100273036
"r_effect.size.id[1286,Intercept]",1.0001767739322,35870.1665161849,11505.1757332022
"r_effect.size.id[1287,Intercept]",1.00036177845773,20088.5468292881,12521.0524140877
"r_effect.size.id[1288,Intercept]",1.00035412639841,20043.884143911,13103.7049399932
"r_effect.size.id[1289,Intercept]",0.99985674956419,33674.4650892976,12107.3191613007
"r_effect.size.id[1290,Intercept]",1.00011150321617,34852.4561677496,12760.0034354226
"r_effect.size.id[1291,Intercept]",1.00014714749561,40772.7673554368,10970.8971643691
"r_effect.size.id[1292,Intercept]",1.00007590850837,33391.0462132138,12580.5035891837
"r_effect.size.id[1293,Intercept]",1.00028238965212,34476.5701769426,12781.5026144288
"r_effect.size.id[1294,Intercept]",1.00130313192019,37821.309770056,11851.7672139963
"r_effect.size.id[1295,Intercept]",0.999947296929583,36652.2823191636,13255.6204511253
"r_effect.size.id[1296,Intercept]",1.00010101141818,25555.1828557906,13729.0805331816
"r_effect.size.id[1297,Intercept]",1.00007876815043,27068.8480740364,13565.288789756
"r_effect.size.id[1298,Intercept]",1.00033886604997,37119.3923808029,11417.269930849
"r_effect.size.id[1299,Intercept]",1.00010155914432,33251.4880710952,11681.8176118659
"r_effect.size.id[1300,Intercept]",1.00015266973045,37804.6614302966,11652.7707704411
"r_effect.size.id[1301,Intercept]",1.00066019867448,41017.0914616172,11876.3365685741
"r_effect.size.id[1302,Intercept]",1.00018172867497,35331.0638066189,12412.9258892182
"r_effect.size.id[1303,Intercept]",1.00093169218306,35450.5781827391,12225.3276235141
"r_effect.size.id[1304,Intercept]",1.00014487821517,31302.7301768354,12698.7617615343
"r_effect.size.id[1305,Intercept]",0.999997361435075,40509.084720677,11763.1287504664
"r_effect.size.id[1306,Intercept]",0.999886123120117,36878.0295519059,10779.0299535173
"r_effect.size.id[1307,Intercept]",1.00047070709699,38500.3274258754,12057.321611478
"r_effect.size.id[1308,Intercept]",1.0001408161999,39477.3709728835,11128.7559925783
"r_effect.size.id[1309,Intercept]",1.00084037402155,39189.4522702126,10286.8572039302
"r_effect.size.id[1310,Intercept]",1.00006453900158,40122.4996356835,10804.7492221281
"r_effect.size.id[1311,Intercept]",1.00059796896924,38746.2993057889,11123.0998785651
"r_effect.size.id[1312,Intercept]",1.00040534051657,42972.9948030745,11097.510488226
"r_effect.size.id[1313,Intercept]",1.0000467742125,34285.769468437,12049.2217269972
"r_effect.size.id[1314,Intercept]",0.999870738558064,37272.8691684938,12557.6099855091
"r_effect.size.id[1315,Intercept]",1.00015010171779,26640.1100333517,11911.6797351336
"r_effect.size.id[1316,Intercept]",1.00027839504369,41768.6774710836,11659.4743340755
"r_effect.size.id[1317,Intercept]",1.00010511803438,35397.3147820653,10947.3011226886
"r_effect.size.id[1318,Intercept]",0.999993832088382,39437.6053002209,11996.7104695349
"r_effect.size.id[1319,Intercept]",1.00020059476634,40011.7854505041,11099.3481594792
"r_effect.size.id[1320,Intercept]",1.00009812765789,38610.2306484002,10237.6618703946
"r_effect.size.id[1321,Intercept]",1.00105293417757,34389.2047183794,12166.3694509172
"r_effect.size.id[1322,Intercept]",1.00085760649101,36033.7043882119,11221.0944680763
"r_effect.size.id[1323,Intercept]",1.00051554871713,38122.8659674837,11274.6903147258
"r_effect.size.id[1324,Intercept]",1.00070094639566,42814.852013855,11258.53324323
"r_effect.size.id[1325,Intercept]",1.00018862069133,36755.7463299504,12253.9586844068
"r_effect.size.id[1326,Intercept]",0.999924696517679,37965.7369997195,11938.1888399204
"r_effect.size.id[1327,Intercept]",1.00080303559936,35559.7309752192,12189.8787767252
"r_effect.size.id[1328,Intercept]",1.00006157343407,26897.3688876628,12511.3732795708
"r_effect.size.id[1329,Intercept]",1.00006010095115,29865.8647425083,11354.3946688244
"r_effect.size.id[1330,Intercept]",0.999858063224134,42412.0608891058,10983.7672800958
"r_effect.size.id[1331,Intercept]",1.00067676500074,43746.10900024,11370.9952770259
"r_effect.size.id[1332,Intercept]",1.00025725505666,41309.4298189735,10833.0655536072
"r_effect.size.id[1333,Intercept]",0.999877937524294,42403.5731521515,12165.4446637012
"r_effect.size.id[1334,Intercept]",1.00047429519791,42283.8218898454,10790.8963688311
"r_effect.size.id[1335,Intercept]",1.00040972730923,40689.8990643786,11135.8725265049
"r_effect.size.id[1336,Intercept]",1.00061536567908,36513.0812730869,12577.1220997117
"r_effect.size.id[1337,Intercept]",1.00055980252587,39156.3411045845,11552.986081126
"r_effect.size.id[1338,Intercept]",1.00057128308788,37232.6317924031,9971.73247291244
"r_effect.size.id[1339,Intercept]",1.00039267681872,44012.9281090059,11590.3667855678
"r_effect.size.id[1340,Intercept]",1.00030586915828,33182.6541410968,13033.6797600912
"r_effect.size.id[1341,Intercept]",1.00030911835847,40630.7675865784,12096.6766496679
"r_effect.size.id[1342,Intercept]",1.00000232640376,17120.8046488707,10707.1769669616
"r_effect.size.id[1343,Intercept]",1.00061225158125,33945.1246486648,12392.3133808404
"r_effect.size.id[1344,Intercept]",1.00027460537304,34590.6516519746,11297.1260371029
"r_effect.size.id[1345,Intercept]",1.00048168352493,36756.7090146315,10098.9065171726
"r_effect.size.id[1346,Intercept]",1.00087854913769,34072.1201511647,11557.6574774437
"r_effect.size.id[1347,Intercept]",1.00064138904154,33835.401012687,11829.1085688601
"r_effect.size.id[1348,Intercept]",1.0003843147935,33268.7463966719,12145.2292546457
"r_effect.size.id[1349,Intercept]",1.0003122108602,33924.5991284152,11187.1152674487
"r_effect.size.id[1350,Intercept]",1.00008156111093,32957.3191077148,11888.4766944136
"r_effect.size.id[1351,Intercept]",0.999999403776237,34160.2500779947,11822.4011609956
"r_effect.size.id[1352,Intercept]",1.00020014680825,32435.741505079,11116.8690553881
"r_effect.size.id[1353,Intercept]",1.00041282487626,36412.7864435443,12093.1750406857
"r_effect.size.id[1354,Intercept]",1.00000870170551,34457.9589429853,12341.8428917399
"r_effect.size.id[1355,Intercept]",1.00077475480849,31349.2472394205,10514.3305196474
"r_effect.size.id[1356,Intercept]",1.00031658646565,32686.758201532,12153.8403937755
"r_effect.size.id[1357,Intercept]",1.00020909041164,26278.0657148191,12574.3511825455
"r_effect.size.id[1358,Intercept]",0.999936009499404,29609.1184350451,13526.0220909109
"r_effect.size.id[1359,Intercept]",0.999917890836879,29261.5751496516,14229.2536191002
"r_effect.size.id[1360,Intercept]",1.00018103154735,29955.3674523207,13943.6279338179
"r_effect.size.id[1361,Intercept]",1.00049803426534,32066.5280306031,13493.5682700588
"r_effect.size.id[1362,Intercept]",1.00038637788887,30779.5522708628,12627.2475291977
"r_effect.size.id[1363,Intercept]",1.00029967046266,30573.6517956054,12371.8903244037
"r_effect.size.id[1364,Intercept]",0.999933607130966,22514.4095552677,14796.8319647377
"r_effect.size.id[1365,Intercept]",1.00004030455013,23240.2669555067,14179.4939525204
"r_effect.size.id[1366,Intercept]",1.00042368791124,21132.6844103841,13958.6094144425
"r_effect.size.id[1367,Intercept]",1.00009109842926,31107.2237924624,12941.698416618
"r_effect.size.id[1368,Intercept]",0.999962386161796,38144.3149529031,11939.4982866898
"r_effect.size.id[1369,Intercept]",1.00050115953929,38763.7863611118,12067.2060679489
"r_effect.size.id[1370,Intercept]",1.00067752429002,40728.0445314155,10773.3829424919
"r_effect.size.id[1371,Intercept]",1.00030690875657,37457.1180612173,11529.4894933019
"r_effect.size.id[1372,Intercept]",1.00008806230897,27399.5362649377,13364.5196274165
"r_effect.size.id[1373,Intercept]",1.00022248862767,30810.7585857984,12039.8813807436
"r_effect.size.id[1374,Intercept]",1.0008575082601,36427.283653678,12887.9146283537
"r_effect.size.id[1375,Intercept]",1.00095522020865,37585.2402675215,11548.0880290436
"r_effect.size.id[1376,Intercept]",1.00036439481344,36916.8622828974,12542.7520555489
"r_effect.size.id[1377,Intercept]",1.00042707725568,29765.9638795937,11326.5587022841
"r_effect.size.id[1378,Intercept]",0.99992886883631,22070.8252347315,14112.2118022125
"r_effect.size.id[1379,Intercept]",1.00004836695498,21145.1294391907,14015.5038951152
"r_effect.size.id[1380,Intercept]",1.00016326668145,20770.2914966072,14256.0114825809
"r_effect.size.id[1381,Intercept]",1.0000548103924,21987.0329746593,13519.7225638314
"r_effect.size.id[1382,Intercept]",1.00012562139017,29304.6837095157,10817.7933507872
"r_effect.size.id[1383,Intercept]",1.00002575964592,41182.8619564586,12073.7248650397
"r_effect.size.id[1384,Intercept]",1.00038683055834,29640.2042841199,13288.9553016832
"r_effect.size.id[1385,Intercept]",0.999916828555921,30787.2030128325,13015.2070650625
"r_effect.size.id[1386,Intercept]",1.00028997691063,28369.750576152,12832.6877433353
"r_effect.size.id[1387,Intercept]",1.00008596269189,28421.7432333397,12905.8400144419
"r_effect.size.id[1388,Intercept]",1.00035986461096,28496.3465066408,12356.5590306991
"r_effect.size.id[1389,Intercept]",1.00045312627277,33512.7791755206,12579.0999667846
"r_effect.size.id[1390,Intercept]",1.0000543187078,40413.502236173,11499.5568816608
"r_effect.size.id[1391,Intercept]",1.00089932293975,33145.0743959929,12316.2400051043
"r_effect.size.id[1392,Intercept]",1.00124631949527,38737.9617611113,11167.4666802145
"r_effect.size.id[1393,Intercept]",1.00128332185048,40653.9395846967,11318.1256280523
"r_effect.size.id[1394,Intercept]",1.00015979655709,35159.3289746469,11183.3283319724
"r_effect.size.id[1395,Intercept]",1.00046928267016,39087.6766369578,11816.8843438955
"r_effect.size.id[1396,Intercept]",1.00018780199569,38792.8342715251,11655.7230115944
"r_effect.size.id[1397,Intercept]",1.00077209856483,39332.4782476328,11079.7554566527
"r_effect.size.id[1398,Intercept]",1.0006513593725,38706.2948824509,10888.0021536968
"r_effect.size.id[1399,Intercept]",1.0003695584393,26520.974857478,11825.7299744751
"r_effect.size.id[1400,Intercept]",1.00019943365098,27651.5138183203,13319.6817643092
"r_effect.size.id[1401,Intercept]",0.999919167248308,29553.0147242334,12260.9380328301
"r_effect.size.id[1402,Intercept]",1.00046877761003,28424.0570693641,13655.7638618751
"r_effect.size.id[1403,Intercept]",1.00047171711658,26423.0485311629,12631.6236888339
"r_effect.size.id[1404,Intercept]",1.00059240247009,25096.0573545248,12476.0917434591
"r_effect.size.id[1405,Intercept]",1.00047940947089,38397.6947212917,11673.060739426
"r_effect.size.id[1406,Intercept]",1.0003881478125,31133.5838324464,13272.0824997287
"r_effect.size.id[1407,Intercept]",1.00038511508936,33136.6029806135,13034.9432152885
"r_effect.size.id[1408,Intercept]",1.0001546613122,38176.8755151788,10506.775008193
"r_effect.size.id[1409,Intercept]",1.00005457589191,42748.0498239156,11528.2147981321
"r_effect.size.id[1410,Intercept]",1.00046002386451,28838.5494427374,12602.4702855906
"r_effect.size.id[1411,Intercept]",0.999928085027041,30014.2143785777,14029.7290475078
"r_effect.size.id[1412,Intercept]",0.999878728309848,34596.5911820471,12790.3240732338
"r_effect.size.id[1413,Intercept]",0.999932827403114,38893.6460694119,11217.7982691905
"r_effect.size.id[1414,Intercept]",1.00046696283008,29272.832743704,12497.9937659803
"r_effect.size.id[1415,Intercept]",1.00085964610612,29679.1087494355,11468.7019961976
"r_effect.size.id[1416,Intercept]",1.00057934931427,28959.7682893113,11623.1614496024
"r_effect.size.id[1417,Intercept]",1.00020518418124,33308.6178324797,11897.2639752414
"r_effect.size.id[1418,Intercept]",1.00042766315039,31522.2822229997,10695.4617942476
"r_effect.size.id[1419,Intercept]",1.00083627559008,33881.5277654372,11293.0994213815
"r_effect.size.id[1420,Intercept]",1.00058546540103,31315.4936618476,11220.3656459986
"r_effect.size.id[1421,Intercept]",0.999992119035944,31001.5977575368,11057.6302241764
"r_effect.size.id[1422,Intercept]",1.0000091491327,34899.3857789681,11357.5854503917
"r_effect.size.id[1423,Intercept]",1.00069542925921,34206.9548979948,11845.0838238503
"r_effect.size.id[1424,Intercept]",1.00027080633532,34930.9729690722,11688.7957962149
"r_effect.size.id[1425,Intercept]",1.00037190627406,32606.5605128066,11850.3450505721
"r_effect.size.id[1426,Intercept]",1.0001947601757,32527.6387419059,11372.7030386959
"r_effect.size.id[1427,Intercept]",1.00058728341323,32792.2785468155,9937.94481507235
"r_effect.size.id[1428,Intercept]",1.0001439045248,31789.8805319502,11393.2857163122
"r_effect.size.id[1429,Intercept]",1.00016807514049,33896.4362670974,11114.7763608778
"r_effect.size.id[1430,Intercept]",1.00044120372867,32267.5124287164,12087.1992292896
"r_effect.size.id[1431,Intercept]",1.00018339755405,33289.3777096731,12043.0407818029
"r_effect.size.id[1432,Intercept]",1.00013088830897,36163.6681558092,12462.6627697145
"r_effect.size.id[1433,Intercept]",1.00069536485172,33234.3462713743,11317.7018981553
"r_effect.size.id[1434,Intercept]",1.00055529832082,33265.5009783343,11765.8263047588
"r_effect.size.id[1435,Intercept]",0.999938371697178,31474.0256028284,12054.9422120601
"r_effect.size.id[1436,Intercept]",0.99988302025572,33493.1798868479,12319.5848270267
"r_effect.size.id[1437,Intercept]",1.00196702661198,30841.3473976356,10740.7861763724
"r_effect.size.id[1438,Intercept]",1.00030623153228,32789.088497136,11360.3748609421
"r_effect.size.id[1439,Intercept]",0.999989447438799,30800.2677116498,11790.4960109284
"r_effect.size.id[1440,Intercept]",1.0002727600784,30396.0893463226,12059.2519877856
"r_effect.size.id[1441,Intercept]",1.00010315191833,30594.8956745012,11715.6657670117
"r_effect.size.id[1442,Intercept]",1.0004508193812,30154.7440480015,11892.5849047063
"r_effect.size.id[1443,Intercept]",0.99985806306323,30978.8782290463,11426.997096138
"r_effect.size.id[1444,Intercept]",1.00057298228675,33204.6538872577,12425.0038325627
"r_effect.size.id[1445,Intercept]",1.00036177319846,31968.3990929863,11873.2976157605
"r_effect.size.id[1446,Intercept]",1.00012840281893,31095.6333824929,11401.5421204616
"r_effect.size.id[1447,Intercept]",1.00010861965367,31982.7694080801,11297.6242085037
"r_effect.size.id[1448,Intercept]",0.999835964973146,30708.2400720765,11642.1663770605
"r_effect.size.id[1449,Intercept]",0.999987199982146,32386.3937701843,12174.602973577
"r_effect.size.id[1450,Intercept]",1.00008495915182,30054.8046224985,10612.0484687301
"r_effect.size.id[1451,Intercept]",1.0006241070227,30285.5607213012,12818.0253117728
"r_effect.size.id[1452,Intercept]",1.000064966785,28604.6610548303,13199.8974527302
"r_effect.size.id[1453,Intercept]",0.999872210823232,25851.8231133942,12590.7571338993
"r_effect.size.id[1454,Intercept]",1.00011052369365,28186.3593861538,13537.0532953446
"r_effect.size.id[1455,Intercept]",1.0008088356142,37473.2635593372,10788.5893008056
"r_effect.size.id[1456,Intercept]",0.999937013663957,37750.7855960757,11492.8644995831
"r_effect.size.id[1457,Intercept]",1.00011978256675,36530.6687871191,11296.5068187763
"r_effect.size.id[1458,Intercept]",1.00025276035825,40139.072597688,10660.0143925109
"r_effect.size.id[1459,Intercept]",1.00109915188094,40729.0405585431,11726.9605113764
"r_effect.size.id[1460,Intercept]",1.00045032075721,37205.5476242361,11231.0048104907
"r_effect.size.id[1461,Intercept]",1.00040575302829,38687.2036546561,11711.7127576773
"r_effect.size.id[1462,Intercept]",1.00068857275271,39661.7699012539,11116.3108244133
"r_effect.size.id[1463,Intercept]",1.00085226113437,39813.1714184271,11273.9713297565
"r_effect.size.id[1464,Intercept]",1.00000886119845,37902.0302696417,11888.8999304768
"r_effect.size.id[1465,Intercept]",1.00016396743863,39002.7516076678,11732.5022117737
"r_effect.size.id[1466,Intercept]",1.00038595554205,39206.824361156,12837.3989381241
"r_effect.size.id[1467,Intercept]",1.00044516338528,37902.4805702442,11110.7878310905
"r_effect.size.id[1468,Intercept]",1.00034113485255,35378.3219237325,11470.9695454422
"r_effect.size.id[1469,Intercept]",1.00070227689241,42803.3411791507,11070.0187906259
"r_effect.size.id[1470,Intercept]",1.00035675952588,37340.8839207348,11561.8666612864
"r_effect.size.id[1471,Intercept]",1.00022424365942,37179.007796352,11820.9044059553
"r_effect.size.id[1472,Intercept]",1.00041930267479,39150.3775415685,10545.1283175149
"r_effect.size.id[1473,Intercept]",1.00023969875356,37551.5657307619,12206.9971326198
"r_effect.size.id[1474,Intercept]",1.0000545231526,38534.5488110644,11181.5497040261
"r_effect.size.id[1475,Intercept]",1.00055952712378,35980.2045232947,11992.2558344131
"r_effect.size.id[1476,Intercept]",0.999958699668374,37449.469075602,11710.1745016266
"r_effect.size.id[1477,Intercept]",1.00013726519137,33394.7930253746,12332.8489443192
"r_effect.size.id[1478,Intercept]",1.00002914541869,24798.9389948763,14513.1185913071
"r_effect.size.id[1479,Intercept]",1.00011439833807,24377.8297552788,13976.6019660557
"r_effect.size.id[1480,Intercept]",1.00072695254874,37361.7903535468,11149.197177595
"r_effect.size.id[1481,Intercept]",1.00074326566429,38588.1503933996,10767.2810834157
"r_effect.size.id[1482,Intercept]",1.00058710192586,41797.6607762997,11287.1446293375
"r_effect.size.id[1483,Intercept]",0.99989926205272,42071.6083128108,11313.5068053663
"r_effect.size.id[1484,Intercept]",1.00013174110839,39045.2420331785,10425.7256671715
"r_effect.size.id[1485,Intercept]",1.00029882143459,41503.2403619145,11284.2309228166
"r_effect.size.id[1486,Intercept]",1.00084030620643,41435.0123724615,11306.339560606
"r_effect.size.id[1487,Intercept]",1.00075303317381,35371.8598997081,11488.4766103084
"r_effect.size.id[1488,Intercept]",1.00004733370567,39157.5017879043,11768.5710720033
"r_effect.size.id[1489,Intercept]",0.999874815254846,37925.9055090284,10492.6789687703
"r_effect.size.id[1490,Intercept]",0.999888819761472,39537.1010012469,11148.0084003242
"r_effect.size.id[1491,Intercept]",1.0007273478191,39473.3047692824,10921.8570545679
"r_effect.size.id[1492,Intercept]",1.00075970607619,38403.2538168767,11760.4659160862
"r_effect.size.id[1493,Intercept]",1.00075400989936,36370.043250329,10374.7975990179
"r_effect.size.id[1494,Intercept]",0.999989364964216,34916.707887307,10882.9893676553
"r_effect.size.id[1495,Intercept]",1.00017755535236,33769.6564670443,11999.5689484428
"r_effect.size.id[1496,Intercept]",1.00026913298826,32300.8601027063,12177.88993399
"r_effect.size.id[1497,Intercept]",1.00006132996139,30751.0864238819,11252.5600660653
"r_effect.size.id[1498,Intercept]",1.00066495289726,34358.7183394952,11433.9383973112
"r_effect.size.id[1499,Intercept]",1.00010183026975,33778.3004607792,11746.7430229521
"r_effect.size.id[1500,Intercept]",1.00013377912108,34041.1992349932,11781.5532774324
"r_effect.size.id[1501,Intercept]",1.00043658519798,38995.6808434246,10440.031252924
"r_effect.size.id[1502,Intercept]",1.00017222257335,34653.3433460342,11319.4400741613
"r_effect.size.id[1503,Intercept]",0.99996150718023,34492.0848445197,10873.3798063664
"r_effect.size.id[1504,Intercept]",0.999955412055735,35510.7397418231,11846.0374191175
"r_effect.size.id[1505,Intercept]",1.00040628057532,35205.653398186,11361.8724320012
"r_effect.size.id[1506,Intercept]",1.0006656625461,40130.0911622721,10982.7345129611
"r_effect.size.id[1507,Intercept]",1.00099537926685,34267.1718697203,11060.0735961064
"r_effect.size.id[1508,Intercept]",1.00011277865753,33418.2111665486,11454.2507660272
"r_effect.size.id[1509,Intercept]",1.00078314318512,35063.9118450514,10518.162302984
"r_effect.size.id[1510,Intercept]",1.00004221474216,34364.6294633135,12685.8462267118
"r_effect.size.id[1511,Intercept]",1.0003440074161,34697.8978663782,12439.8386401821
"r_effect.size.id[1512,Intercept]",1.0006236293322,37889.735231512,10876.8965825684
"r_effect.size.id[1513,Intercept]",1.00029598324783,40152.6755750263,10878.6572504114
"r_effect.size.id[1514,Intercept]",1.00064293810287,37403.3886957865,11211.8225710347
"r_effect.size.id[1515,Intercept]",1.00058799991004,36127.6027060388,10310.377535932
"r_effect.size.id[1516,Intercept]",1.00032159610899,37563.5682607566,10596.3990743264
"r_effect.size.id[1517,Intercept]",1.00066899177309,38806.7373380686,10635.96608756
"r_effect.size.id[1518,Intercept]",0.999968958759974,37763.3131575406,11895.50871523
"r_effect.size.id[1519,Intercept]",1.00019931053851,34598.2404370023,11500.7951206841
"r_effect.size.id[1520,Intercept]",1.00008635999619,42573.9472302273,11380.0618611571
"r_effect.size.id[1521,Intercept]",1.00066895029555,37797.2480520208,10740.4351880442
"r_effect.size.id[1522,Intercept]",0.999963483973554,35480.034329473,11373.7452191397
"r_effect.size.id[1523,Intercept]",1.00010149301299,33417.2755986375,12028.3801017701
"r_effect.size.id[1524,Intercept]",1.00063436704677,34907.3666318435,10893.7502949237
"r_effect.size.id[1525,Intercept]",0.999894480762102,30978.2821583554,13396.1759488743
"r_effect.size.id[1526,Intercept]",1.00009555016119,32329.9271826144,12884.5664770007
"r_effect.size.id[1527,Intercept]",1.00001045634794,24489.4445307484,13854.2028581427
"r_effect.size.id[1528,Intercept]",1.00007788932949,29010.4995741476,13623.2335472532
"r_effect.size.id[1529,Intercept]",1.00024143256168,30204.9958548005,10982.9938875841
"r_effect.size.id[1530,Intercept]",1.00009934327219,31020.0709229596,11516.7515210095
"r_effect.size.id[1531,Intercept]",0.999942051666269,40064.7726538773,11751.2822622118
"r_effect.size.id[1532,Intercept]",0.999983834985648,37808.2367422223,11681.5779075272
"r_effect.size.id[1533,Intercept]",1.00000897611357,33225.1138422705,12049.3364598193
"r_effect.size.id[1534,Intercept]",1.00011467435717,38180.2383820933,11442.3913972106
"r_effect.size.id[1535,Intercept]",1.00001836606651,28008.9720263096,11654.351248732
"r_effect.size.id[1536,Intercept]",1.00026474043843,35679.8298551198,11114.0003932049
"r_effect.size.id[1537,Intercept]",1.00013884034248,37503.5637768968,10642.9272627626
"r_effect.size.id[1538,Intercept]",1.00070958477509,35112.752144241,11743.3518266434
"r_effect.size.id[1539,Intercept]",1.00007389196061,36473.7137648627,11984.8876667103
"r_effect.size.id[1540,Intercept]",1.000336972652,36823.9083550163,11993.3211444054
"r_effect.size.id[1541,Intercept]",1.00019385432823,38208.3719899033,11608.2713147115
"r_effect.size.id[1542,Intercept]",1.00027959128019,36290.7629134594,11394.3289423746
"r_effect.size.id[1543,Intercept]",1.00064518488797,34907.5660029662,11934.0657203142
"r_effect.size.id[1544,Intercept]",1.00041526773815,38542.7354915251,11978.0342885638
"r_effect.size.id[1545,Intercept]",1.00065963431414,38469.9920261416,11372.3262641979
"r_effect.size.id[1546,Intercept]",0.999946095908519,37022.2348070003,11504.6821897593
"r_effect.size.id[1547,Intercept]",1.00050651629838,39058.7773013274,9729.40071614568
"r_effect.size.id[1548,Intercept]",1.00039336025354,36851.9493761979,10675.1089235103
"r_effect.size.id[1549,Intercept]",1.00014918476048,34975.6734843186,11410.6203175651
"r_effect.size.id[1550,Intercept]",1.00073455427654,38370.6530978752,11455.3063110883
"r_effect.size.id[1551,Intercept]",1.00044144017755,36338.0642775187,11917.004542003
"r_effect.size.id[1552,Intercept]",0.99999828907264,38222.3324004005,11163.279399224
"r_effect.size.id[1553,Intercept]",0.999943457537722,38526.4743022888,12080.1457079572
"r_effect.size.id[1554,Intercept]",1.00002447538108,35673.3190775336,11238.4019344036
"r_effect.size.id[1555,Intercept]",1.00067543599917,40516.011837115,12193.3756798201
"r_effect.size.id[1556,Intercept]",0.999915145200737,36002.2304096158,10274.2075719285
"r_effect.size.id[1557,Intercept]",1.00054559780464,34195.0438655897,10482.7450942036
"r_effect.size.id[1558,Intercept]",1.00048217692022,35536.5384645311,11516.7903013472
"r_effect.size.id[1559,Intercept]",1.00007535887191,36500.9560032648,11913.8529872126
"r_effect.size.id[1560,Intercept]",1.00016647683871,35464.5570241392,11303.483139558
"r_effect.size.id[1561,Intercept]",1.00092826716268,35181.1398365478,11978.3395974634
"r_effect.size.id[1562,Intercept]",1.00029345888243,37383.9774286046,11823.2161068027
"r_effect.size.id[1563,Intercept]",0.999966486652011,39129.9026608442,10702.8644753028
"r_effect.size.id[1564,Intercept]",1.00008409319016,33768.5456515313,11707.19629078
"r_effect.size.id[1565,Intercept]",1.00046852879672,38110.3124399195,10634.5941777164
"r_effect.size.id[1566,Intercept]",1.00012164998108,38705.9957123034,11158.554871502
"r_effect.size.id[1567,Intercept]",1.00010743342107,35813.8575377258,11315.0541268592
"r_effect.size.id[1568,Intercept]",1.0002462200722,37301.7446326341,11670.737268443
"r_effect.size.id[1569,Intercept]",1.00028169492983,34088.2159212618,11665.7575534478
"r_effect.size.id[1570,Intercept]",0.999826760137246,32632.4647298286,11445.8464090822
"r_effect.size.id[1571,Intercept]",1.00062884574607,44048.5920171413,10676.6809873687
"r_effect.size.id[1572,Intercept]",1.00008270046041,41559.2326216718,11404.597405084
"r_effect.size.id[1573,Intercept]",1.00030255212616,26009.1987485408,12549.2810628534
"r_effect.size.id[1574,Intercept]",1.0001932795554,38604.5863454808,11971.210684556
"r_effect.size.id[1575,Intercept]",1.00018031311343,33705.4434635473,12177.7466991815
"r_effect.size.id[1576,Intercept]",1.00018596725166,35812.2562029097,12899.7547877176
"r_effect.size.id[1577,Intercept]",1.00049140449639,31371.4628324959,12221.1546272245
"r_effect.size.id[1578,Intercept]",1.00018537193916,34996.2136080502,11153.2560212998
"r_effect.size.id[1579,Intercept]",1.00030412120277,37044.564666362,11886.1480170895
"r_effect.size.id[1580,Intercept]",1.00022281331002,29342.1115634994,12641.5748133971
"r_effect.size.id[1581,Intercept]",1.00001001577977,32198.1105103948,11830.4505808226
"r_effect.size.id[1582,Intercept]",1.00025084100089,28386.4801265298,12590.9029736325
"r_effect.size.id[1583,Intercept]",1.0006296583636,27846.748114845,12503.565608383
"r_effect.size.id[1584,Intercept]",1.00078195935725,28456.695563316,13781.7882271212
"r_effect.size.id[1585,Intercept]",0.999959901943573,37456.2774175634,11436.0148914005
"r_effect.size.id[1586,Intercept]",1.00063473778204,39300.9094647896,11162.1523967698
"r_effect.size.id[1587,Intercept]",1.00049092236749,37249.4430702369,11581.0552237932
"r_effect.size.id[1588,Intercept]",0.999957152077863,22461.8649364267,12932.7666383657
"r_effect.size.id[1589,Intercept]",1.00074293619249,23455.6286318915,12671.0824996913
"r_effect.size.id[1590,Intercept]",1.00013939619669,24253.2417448326,12759.0523411048
"r_effect.size.id[1591,Intercept]",1.00006025390311,26051.8182113721,13563.3174634836
"r_effect.size.id[1592,Intercept]",0.999860960202894,23907.736322321,12969.9345826365
"r_effect.size.id[1593,Intercept]",0.99993520400117,22005.3459261764,12699.3656269059
"r_effect.size.id[1594,Intercept]",0.999937497284274,24562.0361922762,13382.7123981266
"r_effect.size.id[1595,Intercept]",1.00015472470834,24407.0353584449,14536.1982416388
"r_effect.size.id[1596,Intercept]",0.999903645692461,39021.1626506176,11184.2910468434
"r_effect.size.id[1597,Intercept]",1.00004935574071,40402.2436240116,11310.5426792906
"r_effect.size.id[1598,Intercept]",1.00039329111806,36653.821764032,11976.8143579544
"r_effect.size.id[1599,Intercept]",1.00004946212277,41743.7090426318,11826.0995238146
"r_effect.size.id[1600,Intercept]",1.00021095934789,37562.9058111025,12379.5052005907
"r_effect.size.id[1601,Intercept]",1.00017592001634,38772.783287999,10907.1265404371
"r_effect.size.id[1602,Intercept]",0.999867562899128,37952.3835439389,11783.5196432623
"r_effect.size.id[1603,Intercept]",0.999931640283831,37444.3178587852,10910.6387046689
"r_effect.size.id[1604,Intercept]",0.999978597747202,36454.5909887309,12064.6246787263
"r_effect.size.id[1605,Intercept]",1.00042606402411,36526.8164135464,11700.4577125375
"r_effect.size.id[1606,Intercept]",1.00093146507325,36710.8885681153,12209.1362565873
"r_effect.size.id[1607,Intercept]",1.00043958382934,40293.915016745,10905.6705063685
"r_effect.size.id[1608,Intercept]",1.00044857500175,32695.4305927059,11127.0495264889
"r_effect.size.id[1609,Intercept]",1.00001968820848,38552.5363466061,11631.2028345025
"r_effect.size.id[1610,Intercept]",1.00060573941335,31306.5291619008,12029.508582694
"r_effect.size.id[1611,Intercept]",1.00011967915435,39544.1235028658,10983.7867245282
"r_effect.size.id[1612,Intercept]",1.00096769144877,40080.1408157297,10446.9761342486
"r_effect.size.id[1613,Intercept]",1.00014218417605,35442.2399568367,11624.5306424293
"r_effect.size.id[1614,Intercept]",1.0003899486777,28605.5190902391,11716.9361409972
"r_effect.size.id[1615,Intercept]",1.00034069177968,29384.6445557253,12143.4938122704
"r_effect.size.id[1616,Intercept]",1.00010221929104,38859.0056112592,11618.0955738548
"r_effect.size.id[1617,Intercept]",1.0003256756922,40635.0771882383,11617.7802596125
"r_effect.size.id[1618,Intercept]",1.00058443324697,30133.6800994744,12648.0846068622
"r_effect.size.id[1619,Intercept]",1.00006317253812,35704.6042107437,13123.798259154
"r_effect.size.id[1620,Intercept]",1.00042131910589,33686.1172305748,12577.0321680201
"r_effect.size.id[1621,Intercept]",1.00023075224548,41101.3783449749,10974.8831263949
"r_effect.size.id[1622,Intercept]",0.999964622498518,29635.5183518384,11812.252013185
"r_effect.size.id[1623,Intercept]",1.00035835470885,36592.3426983103,12225.3352576582
"r_effect.size.id[1624,Intercept]",0.99988130056739,31956.008381289,13592.542570841
"r_effect.size.id[1625,Intercept]",1.00036567356971,41313.2029769249,11329.3351901608
"r_effect.size.id[1626,Intercept]",1.00108513696009,38531.0283488661,10949.4005532707
"r_effect.size.id[1627,Intercept]",1.00028525376915,31538.7890003778,11088.5111526551
"r_effect.size.id[1628,Intercept]",1.00048925618955,12223.8734485479,12016.8948492912
"r_effect.size.id[1629,Intercept]",1.0001018252136,11936.6423171523,11403.5847001705
"r_effect.size.id[1630,Intercept]",1.00048635684836,12867.0491572371,11542.8350184748
"r_effect.size.id[1631,Intercept]",1.00048861755874,12827.6107159418,12288.2687735084
"r_effect.size.id[1632,Intercept]",1.00034877804952,12463.2536786938,11667.1872890612
"r_effect.size.id[1633,Intercept]",1.00007831890637,11949.7539793262,12281.3989380815
"r_effect.size.id[1634,Intercept]",1.00010840954683,11790.0009588365,8945.0109162836
"r_effect.size.id[1635,Intercept]",1.00023489046873,12501.6440658004,11032.2781005673
"r_effect.size.id[1636,Intercept]",0.999870843989349,13238.7621538451,11472.143782517
"r_effect.size.id[1637,Intercept]",1.0000498722643,12671.7404757351,11962.6976817622
"r_effect.size.id[1638,Intercept]",1.00007453471229,13188.3943519272,11062.0074833557
"r_effect.size.id[1639,Intercept]",1.00006088862916,13130.4207140196,11843.7751790384
"r_effect.size.id[1640,Intercept]",1.00017418039925,12830.4483409785,10941.7403011748
"r_effect.size.id[1641,Intercept]",0.999959502019273,12981.8161386087,12342.5069553177
"r_effect.size.id[1642,Intercept]",1.00011430210096,13435.8796945842,12093.9320259963
"r_effect.size.id[1643,Intercept]",1.00046339925318,12895.1957506877,12159.8308444822
"r_effect.size.id[1644,Intercept]",1.00030159332896,12562.6590950831,10753.0418228256
"r_effect.size.id[1645,Intercept]",1.00013389712733,12331.7823097223,11064.2484886156
"r_effect.size.id[1646,Intercept]",1.00026958700782,13258.846545769,11573.6474848896
"r_effect.size.id[1647,Intercept]",1.00067825351602,12843.9508969171,12252.9401138444
"r_effect.size.id[1648,Intercept]",0.999944552164323,13608.3818931998,11646.5528291157
"r_effect.size.id[1649,Intercept]",1.00008766407138,13222.2782280401,11388.9263922887
"r_effect.size.id[1650,Intercept]",1.00021522422804,13352.9404586722,11822.3586884358
"r_effect.size.id[1651,Intercept]",1.0001243451157,13352.8972144839,12011.2150457099
"r_effect.size.id[1652,Intercept]",0.99999200798535,12034.3153001938,12129.3709041261
"r_effect.size.id[1653,Intercept]",1.00053981094977,34865.2493100815,12387.9589781683
"r_effect.size.id[1654,Intercept]",1.00018226758426,38100.361600006,11328.5762045151
"r_effect.size.id[1655,Intercept]",1.00016988615274,36317.9365725153,11263.2672233433
"r_effect.size.id[1656,Intercept]",1.00144417904909,39819.9423743251,11504.5954333559
"r_effect.size.id[1657,Intercept]",0.999946169988745,41756.3995633652,11732.0605688661
"r_effect.size.id[1658,Intercept]",1.00014844111681,36821.0431921357,11790.3661155652
"r_effect.size.id[1659,Intercept]",0.999960520183007,35568.6793632154,13606.5214628959
"r_effect.size.id[1660,Intercept]",1.00038175422184,36925.9372389994,10841.4384189163
"r_effect.size.id[1661,Intercept]",0.99999574492308,36564.3855954508,12060.8591202814
"r_effect.size.id[1662,Intercept]",1.00009104154155,37360.7082807854,12564.8378253613
"r_effect.size.id[1663,Intercept]",1.00007597502813,38183.067190221,12161.7158235298
"r_effect.size.id[1664,Intercept]",0.999851141791384,37255.637840448,12867.8513200047
"r_effect.size.id[1665,Intercept]",1.0001317235194,37234.3323580918,11366.0024432054
"r_effect.size.id[1666,Intercept]",1.00037481858182,44285.1395242536,11192.1331084726
"r_effect.size.id[1667,Intercept]",1.00036983316393,38901.7776114967,11387.2622020011
"r_effect.size.id[1668,Intercept]",1.00003771393674,40568.1712839271,10999.3157152987
"r_effect.size.id[1669,Intercept]",1.00051312328666,41016.6387780348,10345.959045937
"r_effect.size.id[1670,Intercept]",0.99996466222384,41313.6780273543,11087.7836177041
"r_effect.size.id[1671,Intercept]",1.00042315084853,37266.7278124194,12895.0117170083
"r_effect.size.id[1672,Intercept]",1.00001486927523,35769.7981690658,11995.1332894482
"r_effect.size.id[1673,Intercept]",1.00023244946759,29278.4392542021,12294.8065791238
"r_effect.size.id[1674,Intercept]",1.00046952457873,32224.251435488,12529.0751836519
"r_effect.size.id[1675,Intercept]",1.00041195733579,32752.0114221841,13049.9850394756
"r_effect.size.id[1676,Intercept]",1.00048145156343,35970.3703575199,11364.725027626
"r_effect.size.id[1677,Intercept]",1.00014264308873,37994.097218996,12345.4706701916
"r_effect.size.id[1678,Intercept]",1.00069638131721,35617.8791886029,11318.5387091154
"r_effect.size.id[1679,Intercept]",1.00011378422458,34456.1129978336,12151.7608727549
"r_effect.size.id[1680,Intercept]",1.00013557184044,39050.2816584595,13284.8648864339
"r_effect.size.id[1681,Intercept]",1.00018992391576,38518.9364237139,11692.0182157198
"r_effect.size.id[1682,Intercept]",1.00011051916403,37516.2751495825,11758.8515159604
"r_effect.size.id[1683,Intercept]",1.00062126061384,42367.4878269969,11384.3891482194
"r_effect.size.id[1684,Intercept]",0.999958259892496,39482.1496788672,10906.0690296463
"r_effect.size.id[1685,Intercept]",0.999957071380462,37409.6105061459,11653.6796946673
"r_effect.size.id[1686,Intercept]",1.00005588881848,41334.9196151718,10811.1019770441
"r_effect.size.id[1687,Intercept]",1.00056130695166,41872.691092751,10427.2658866541
"r_effect.size.id[1688,Intercept]",1.00025284715253,32578.998475789,12109.5843209239
"r_effect.size.id[1689,Intercept]",1.00053536239832,38276.9877101707,12372.1708431909
"r_effect.size.id[1690,Intercept]",1.00027523677681,34293.1112458714,11271.9250517854
"r_effect.size.id[1691,Intercept]",1.00051470700717,34710.1498717966,11209.6091909528
"r_effect.size.id[1692,Intercept]",1.00010867419537,37029.9615451471,12210.0445377002
"r_effect.size.id[1693,Intercept]",1.00004888021673,35055.9712928807,12829.3049220291
"r_effect.size.id[1694,Intercept]",1.0000197636114,38266.3109595619,12125.0337545074
"r_effect.size.id[1695,Intercept]",1.00062286954934,42311.2092960409,10091.80468732
"r_effect.size.id[1696,Intercept]",1.00019660393825,36573.1024527663,12917.9835307386
"r_effect.size.id[1697,Intercept]",1.00007609819807,37611.7193574264,11956.1294126045
"r_effect.size.id[1698,Intercept]",1.00080352638738,35795.4523519347,11506.5134751022
"r_effect.size.id[1699,Intercept]",1.00017750772847,34436.076129928,12707.5594781229
"r_effect.size.id[1700,Intercept]",1.00018173174773,40305.3389445056,11948.5123582695
"r_effect.size.id[1701,Intercept]",1.00020916718165,40738.275651323,11648.9910302019
"r_effect.size.id[1702,Intercept]",0.999974814472283,42415.9021443088,11278.9593315972
"r_effect.size.id[1703,Intercept]",1.00039819519422,38629.5731361994,11446.5540803274
"r_effect.size.id[1704,Intercept]",1.00034732380593,39861.312134389,11606.2072728982
"r_effect.size.id[1705,Intercept]",1.00006527382283,33991.6177534188,12158.0242602661
"r_effect.size.id[1706,Intercept]",1.0000346619751,37675.0251238793,10945.7004965168
"r_effect.size.id[1707,Intercept]",1.00019347600551,42583.1632249646,10663.1230345228
"r_effect.size.id[1708,Intercept]",1.00019958080134,38376.4497987013,10656.6631797979
"r_effect.size.id[1709,Intercept]",1.00042280423139,40170.0720286366,10835.9468223072
"r_effect.size.id[1710,Intercept]",1.00053771740191,39182.7341869477,10893.7129970454
"r_effect.size.id[1711,Intercept]",1.00036603441696,40349.3282058169,11372.7838223134
"r_effect.size.id[1712,Intercept]",1.00055088031127,41881.9238489997,11275.8118088977
"r_effect.size.id[1713,Intercept]",1.00013848981517,42282.7282778919,10728.9338667182
"r_effect.size.id[1714,Intercept]",1.0002583180533,39165.6494059853,11118.3603922214
"r_effect.size.id[1715,Intercept]",1.00066700735324,38301.3434227378,11599.116373968
"r_effect.size.id[1716,Intercept]",1.00003819598342,43038.2540254634,10901.1555557467
"r_effect.size.id[1717,Intercept]",1.00066207523494,40243.9531158005,12364.3927283089
"r_effect.size.id[1718,Intercept]",0.999840268945671,40379.0858566461,10630.0949681518
"r_effect.size.id[1719,Intercept]",1.00132456587695,37068.3629500238,12649.387495975
"r_effect.size.id[1720,Intercept]",1.00018827603528,27435.5339200879,12445.3072010168
"r_effect.size.id[1721,Intercept]",1.00031186355465,29051.3659160294,12990.3008584088
"r_effect.size.id[1722,Intercept]",1.00056335752814,33090.2354149961,11826.8646877537
"r_effect.size.id[1723,Intercept]",1.00011080473511,38353.6147331309,11580.5738472389
"r_effect.size.id[1724,Intercept]",1.00008669031978,23956.3540865544,12474.6241545961
"r_effect.size.id[1725,Intercept]",1.00050719736394,23438.636033457,13145.4073537104
"r_effect.size.id[1726,Intercept]",0.999959202755103,31647.6883014292,12270.9655186336
"r_effect.size.id[1727,Intercept]",1.00061124309711,32294.276881289,12268.5981728117
"r_effect.size.id[1728,Intercept]",1.00016632502675,37434.9828364303,13137.619384584
"r_effect.size.id[1729,Intercept]",1.00000737685402,32555.7925483366,12703.9708489684
"r_effect.size.id[1730,Intercept]",1.00094620229263,33606.5111136064,11942.0905703546
"r_effect.size.id[1731,Intercept]",1.00048370255372,37617.123099451,11394.50040682
"r_effect.size.id[1732,Intercept]",1.00033165264013,34571.8511570928,12002.9790972141
"r_effect.size.id[1733,Intercept]",1.00027614196884,34007.3551987309,12110.4338519963
"r_effect.size.id[1734,Intercept]",1.0002320026013,38833.6987952867,12019.796327772
"r_effect.size.id[1735,Intercept]",1.00141375686761,39953.7387224925,11202.5464538912
"r_effect.size.id[1736,Intercept]",0.999997489056494,41792.3204720907,12186.737509475
"r_effect.size.id[1737,Intercept]",1.00017498380195,42220.6817074699,12360.3711162636
"r_effect.size.id[1738,Intercept]",1.00034651218721,39080.0625320231,10715.4462783247
"r_effect.size.id[1739,Intercept]",1.00018397031273,41492.3859626917,10857.3772046254
"r_effect.size.id[1740,Intercept]",1.00027660604133,42208.6432479467,11154.986691017
"r_effect.size.id[1741,Intercept]",1.00026646501868,44520.8727528967,11633.4750331023
"r_effect.size.id[1742,Intercept]",1.00000810602187,36090.8647278716,11738.3408501566
"r_effect.size.id[1743,Intercept]",1.00043311230859,33644.2993614957,13142.7799915644
"r_effect.size.id[1744,Intercept]",1.00026025562899,35515.4472914058,13118.7272019051
"r_effect.size.id[1745,Intercept]",1.00032898634116,37982.4705053422,10764.0598459417
"r_effect.size.id[1746,Intercept]",1.00019685082733,19878.9182608043,12228.8091135124
"r_effect.size.id[1747,Intercept]",1.0002595325163,35624.946055843,11367.318694857
"r_effect.size.id[1748,Intercept]",1.00029171021167,24768.0074125287,11786.1630261289
"r_effect.size.id[1749,Intercept]",1.00010480384268,23710.2886652638,11627.0689943393
"r_effect.size.id[1750,Intercept]",1.00067940028847,23317.1754769951,11794.4668170734
"r_effect.size.id[1751,Intercept]",1.00002482433709,22940.9047340684,12249.6308365636
"r_effect.size.id[1752,Intercept]",1.00006004138116,22293.6579890714,12531.6166691838
"r_effect.size.id[1753,Intercept]",1.00008047868773,17891.7250184072,13254.1726404277
"r_effect.size.id[1754,Intercept]",1.00014330750865,26400.4698822005,11857.3292494199
"r_effect.size.id[1755,Intercept]",1.00130884604491,23115.1947214231,12551.4976510149
"r_effect.size.id[1756,Intercept]",1.00020594008914,22566.8453604004,12123.5346066627
"r_effect.size.id[1757,Intercept]",1.0003365429333,24831.1893991719,12807.5880287438
"r_effect.size.id[1758,Intercept]",1.00058463696538,26055.6167210507,11857.8836316589
"r_effect.size.id[1759,Intercept]",1.00024974797914,16994.0796514782,13286.2360888388
"r_effect.size.id[1760,Intercept]",1.00024987217659,38982.6139047441,11084.1170295026
"r_effect.size.id[1761,Intercept]",1.00051022701444,35998.5119071458,10960.5500386305
"r_effect.size.id[1762,Intercept]",1.00107008650427,22362.5350322501,12160.8465748714
"r_effect.size.id[1763,Intercept]",1.00045143833341,23367.0900190836,11934.3731553363
"r_effect.size.id[1764,Intercept]",1.0002450529678,37064.0022406989,11072.9051742333
"r_effect.size.id[1765,Intercept]",1.00014432106699,43396.2604038602,11293.6489041549
"r_effect.size.id[1766,Intercept]",1.0003538522944,36715.0266682738,11345.0496568615
"r_effect.size.id[1767,Intercept]",1.00028684311542,24642.5818788464,11969.3822607772
"r_effect.size.id[1768,Intercept]",1.00069361218004,40901.6951103753,11765.7547493852
"r_effect.size.id[1769,Intercept]",1.00019319013887,23280.7047510321,11213.5120660013
"r_effect.size.id[1770,Intercept]",1.00052125160715,34273.6174100464,13054.6531617639
"r_effect.size.id[1771,Intercept]",1.00041558508709,38673.4218260711,11703.2372679846
"r_effect.size.id[1772,Intercept]",0.999919501766318,38522.5890662662,13640.5504810932
"r_effect.size.id[1773,Intercept]",1.00012177421499,38285.984265638,12667.541602496
"r_effect.size.id[1774,Intercept]",1.00039956442747,38388.0488919684,11513.0909994286
"r_effect.size.id[1775,Intercept]",1.00021416588653,38217.5779040694,11068.6836381096
"r_effect.size.id[1776,Intercept]",1.00030307071007,35287.4600007605,11355.6107696399
"r_effect.size.id[1777,Intercept]",1.00010521059263,15837.6673898012,13099.139431892
"r_effect.size.id[1778,Intercept]",0.999972619048913,14864.5084332608,12274.1358983337
"r_effect.size.id[1779,Intercept]",1.00022045661691,13547.8591549789,12869.5029751636
"r_effect.size.id[1780,Intercept]",1.00005513219954,13253.6219244078,12672.9928730839
"r_effect.size.id[1781,Intercept]",1.00020756846044,22905.3499789612,12749.3385841504
"r_effect.size.id[1782,Intercept]",1.00032651965692,15414.7561141177,12960.9324934082
"r_effect.size.id[1783,Intercept]",1.00019642350933,10115.2199540144,12540.7857022798
"r_effect.size.id[1784,Intercept]",0.999991177664227,11748.1418941978,12902.6117025199
"r_effect.size.id[1785,Intercept]",1.00016034453456,9862.32940723266,12399.5362297169
"r_effect.size.id[1786,Intercept]",1.00014319366979,39008.7734951206,11660.9085113976
"r_effect.size.id[1787,Intercept]",1.00034659433423,41395.2664220725,11009.7088791777
"r_effect.size.id[1788,Intercept]",1.00058861405583,36804.2673776455,10679.6767346377
"r_effect.size.id[1789,Intercept]",1.00026674825011,38335.1118648277,12301.3344205694
"r_effect.size.id[1790,Intercept]",0.999968921498075,38842.1880789595,12386.5616794327
"r_effect.size.id[1791,Intercept]",1.00017792822661,41929.2068145777,11351.5380461543
"r_effect.size.id[1792,Intercept]",1.00014470948761,43795.5247141335,10520.1575269683
"r_effect.size.id[1793,Intercept]",1.00022824046149,41280.6407969826,11480.0653094363
"r_effect.size.id[1794,Intercept]",1.0000132262348,23201.7811563327,12034.1760898026
"r_effect.size.id[1795,Intercept]",1.00029163885253,33477.940350965,13173.2977548866
"r_effect.size.id[1796,Intercept]",1.00071367175725,34884.1494207206,12732.920166763
"r_effect.size.id[1797,Intercept]",1.00009553471726,34933.9702397626,12707.5106207611
"r_effect.size.id[1798,Intercept]",1.00077649380431,30527.0533477978,12627.0582719843
"r_effect.size.id[1799,Intercept]",1.00001613081915,30129.5742806293,11668.0921631769
"r_effect.size.id[1800,Intercept]",1.00014695701114,30475.3131618724,13130.5414283837
"r_effect.size.id[1801,Intercept]",1.00003278230728,34646.2771181788,12006.3677944916
"r_effect.size.id[1802,Intercept]",1.00028155656347,39370.9968834263,11910.380853695
"r_effect.size.id[1803,Intercept]",1.00082031695342,33370.6701691587,12193.6250612703
"r_effect.size.id[1804,Intercept]",1.0008373120778,33511.9063112017,12074.1508064592
"r_effect.size.id[1805,Intercept]",1.00014731705597,30491.1545092476,13156.9181282068
"r_effect.size.id[1806,Intercept]",1.00053772614046,31526.4318142578,12473.2424782657
"r_effect.size.id[1807,Intercept]",0.999950567808566,34518.3078639702,12484.1436475784
"r_effect.size.id[1808,Intercept]",1.0000577396714,35281.5806613513,12112.3671778931
"r_effect.size.id[1809,Intercept]",1.00006820467637,24462.0511930132,12332.9698618766
"r_effect.size.id[1810,Intercept]",0.999938495931761,33520.8381767525,12431.4272246318
"r_effect.size.id[1811,Intercept]",1.00005449727232,26366.4014749589,14203.360041792
"r_effect.size.id[1812,Intercept]",0.999949260710156,36575.3501352946,11861.1220818883
"r_effect.size.id[1813,Intercept]",1.00048657510314,36521.8859494135,11213.4638149861
"r_effect.size.id[1814,Intercept]",1.00000053515035,32518.2973089799,13198.824253405
"r_effect.size.id[1815,Intercept]",1.00030517937064,33061.6972362109,12887.9654295509
"r_effect.size.id[1816,Intercept]",1.00002230404518,31392.1504835842,13238.9757814289
"r_effect.size.id[1817,Intercept]",1.0005704921703,37080.0887967505,10704.5621055802
"r_effect.size.id[1818,Intercept]",1.00006756263758,30803.7982946712,12639.25795201
"r_effect.size.id[1819,Intercept]",1.00074001276843,42991.3835231557,10819.3494460987
"r_effect.size.id[1820,Intercept]",1.00027627182726,41742.3135481735,11998.9430721601
"r_effect.size.id[1821,Intercept]",1.00062809117234,40457.6114118464,10768.3697835607
"r_effect.size.id[1822,Intercept]",1.00042854605997,39532.0062630105,11487.6839815539
"r_effect.size.id[1823,Intercept]",1.00048520568198,39898.0023293755,10567.7178802436
"r_effect.size.id[1824,Intercept]",1.00001371108469,36417.9310507494,11748.6693673324
"r_effect.size.id[1825,Intercept]",0.999943604337049,19981.7543208125,12908.0031001574
"r_effect.size.id[1826,Intercept]",0.999995428804256,19911.8246174574,12666.4629152353
"r_effect.size.id[1827,Intercept]",1.00028603062445,37142.1103329198,12106.8156365817
"r_effect.size.id[1828,Intercept]",1.00087234014662,39710.8267803828,12061.999766273
"r_species.id[Acanthurus_leucosternon_ott388125,Intercept]",0.999854486394575,38104.6944878825,12243.8453661423
"r_species.id[Acanthurus_nigricans_ott467313,Intercept]",1.00052119258968,28217.5292971249,12288.8333679587
"r_species.id[Acanthurus_nigrofuscus_ott605289,Intercept]",1.00007168798055,34518.0108346524,12195.3376442419
"r_species.id[Achatina_fulica_ott997087,Intercept]",1.00025757840381,26790.4754873854,11595.7963653633
"r_species.id[Aegithalos_glaucogularis_vinaceus_ott5560982,Intercept]",1.00007490960909,28822.196218751,11500.0355018767
"r_species.id[Aethia_pusilla_ott855484,Intercept]",0.999920461259417,31680.8737006602,11734.0311628141
"r_species.id[Agalychnis_callidryas_ott9483,Intercept]",1.00048201574692,25834.4413052134,12628.9029559693
"r_species.id[Agalychnis_moreletii_ott375954,Intercept]",0.99991172104895,28109.8245213018,11986.4511501139
"r_species.id[Agelena_limbata_ott980314,Intercept]",1.00003181163309,21649.1557308084,12146.8759855265
"r_species.id[Alca_torda_ott855485,Intercept]",1.00002393139919,31211.8246182329,11507.2579287287
"r_species.id[Alpheus_brasileiro_ott1028047,Intercept]",1.00030638775034,16466.2258384463,12537.1444828813
"r_species.id[Alpheus_heterochaelis_ott307247,Intercept]",1.00019205788549,10383.356750637,10309.1473635882
"r_species.id[Alytes_cisternasii_ott385874,Intercept]",1.00055602985783,34507.0974945788,12266.8002637295
"r_species.id[Alytes_obstetricans_obstetricans_ott233453,Intercept]",1.00063017908402,30312.6432480609,13120.9384664435
"r_species.id[Amatitlania_nigrofasciata_ott170115,Intercept]",1.00020749303107,19766.6100022913,12705.006239806
"r_species.id[Amatitlania_siquia_ott4135111,Intercept]",1.00029291856739,21030.5467116503,11384.2609438953
"r_species.id[Amphilophus_citrinellus_ott358037,Intercept]",1.00013455975862,18213.5305642363,12423.4832669087
"r_species.id[Amphiprion_clarkii_ott674637,Intercept]",1.00017812835733,19505.9006956459,12362.6714205704
"r_species.id[Amphiprion_frenatus_ott674634,Intercept]",0.999943425273232,18867.8542610315,12929.0836481595
"r_species.id[Amphiprion_perideraion_ott674640,Intercept]",1.00010253554303,23267.4203661594,12851.9735366451
"r_species.id[Anas_platyrhynchos_platyrhynchos_ott190881,Intercept]",1.00057991792863,31007.2239731068,11971.5385449653
"r_species.id[Anaxyrus_americanus_charlesmithi_ott738656,Intercept]",1.00049646364225,14914.7035524851,11216.5843292746
"r_species.id[Anaxyrus_boreas_boreas_ott205884,Intercept]",0.99990618252387,30882.3430035222,11851.9348390023
"r_species.id[Anaxyrus_cognatus_ott436344,Intercept]",1.00006042722971,31194.4636502797,12586.7113470129
"r_species.id[Anaxyrus_fowleri_ott635213,Intercept]",1.00082125839841,27820.7745638323,13382.9906410714
"r_species.id[Anaxyrus_quercicus_ott931345,Intercept]",1.00025322234319,26958.2368791595,13107.0447657612
"r_species.id[Anaxyrus_terrestris_ott931329,Intercept]",1.00049212893823,38998.8047667334,10276.0643640821
"r_species.id[Anaxyrus_woodhousii_ott355919,Intercept]",0.999975421397203,24588.200698026,12292.8708726017
"r_species.id[Anolis_limifrons_ott245842,Intercept]",1.00002581794498,29503.3692676787,12681.499354888
"r_species.id[Anopheles_gambiae_S_ott553555,Intercept]",1.00043354015048,32245.9179654434,12148.8229561373
"r_species.id[Anous_stolidus_ott915882,Intercept]",1.00033994626285,31204.0011057254,11338.8690096464
"r_species.id[Aplysia_californica_ott51009,Intercept]",1.00030358309231,18876.9264203947,12224.4421656706
"r_species.id[Aplysia_kurodai_ott925102,Intercept]",0.999984340679158,28412.3335296191,11707.5730054687
"r_species.id[Aplysia_vaccaria_ott640603,Intercept]",1.00047315733353,23615.735993947,11301.8843429
"r_species.id[Aptenodytes_patagonicus_ott494361,Intercept]",1.0001547717577,29206.9522526642,12465.6126434214
"r_species.id[Aquarius_remigis_ott436657,Intercept]",0.999814033172657,17278.9047062787,12655.367642528
"r_species.id[Argiope_bruennichi_ott1043550,Intercept]",1.00017260600259,22990.4504793855,10787.8892701731
"r_species.id[Arianta_arbustorum_styriaca_ott69183,Intercept]",1.00012699602056,23592.6327828383,12517.9376220001
"r_species.id[Artemia_franciscana_ott59094,Intercept]",1.00017373481122,32060.3597125134,11290.5471476031
"r_species.id[Artemia_salina_ott558087,Intercept]",0.999988917802382,30974.4806773592,12098.3650754171
"r_species.id[Ascidonia_flavomaculata_ott4665759,Intercept]",1.00035591077216,25227.8132294115,12274.9995675244
"r_species.id[Asellus_aquaticus_ott335971,Intercept]",0.999884256501433,24920.4014489205,12917.7886312626
"r_species.id[Athene_cunicularia_cunicularia_ott649947,Intercept]",1.00029916108729,28846.7963472043,12239.7149863045
"r_species.id[Athripsodes_cinereus_ott190993,Intercept]",1.00005782832531,29323.8045655268,11899.5380071244
"r_species.id[Brachinus_lateralis_ott3422831,Intercept]",1.00095280697439,31437.5374802538,11970.4569652026
"r_species.id[Bradybaena_pellucida_ott5517787,Intercept]",1.00002736780769,30228.1406332071,12096.960838847
"r_species.id[Branta_bernicla_nigricans_ott799107,Intercept]",1.00018922008286,28936.0606477522,12893.0477297053
"r_species.id[Buccinanops_globulosus_ott440289,Intercept]",0.999916451899219,30778.7098130771,12680.7970959748
"r_species.id[Bufo_bufo_ott889350,Intercept]",1.00067899651842,21363.467206168,12553.4104422788
"r_species.id[Bufo_gargarizans_andrewsi_ott138156,Intercept]",1.00011706943016,21136.9808286288,12594.9868876282
"r_species.id[Bufo_gargarizans_miyakonis_ott857965,Intercept]",1.00001697691396,16315.60451803,12130.9088235844
"r_species.id[Bufo_japonicus_japonicus_ott4133422,Intercept]",1.00028534200761,25710.6699843582,11861.9012230339
"r_species.id[Bufo_minshanicus_ott3619694,Intercept]",1.00020021537397,23489.9105202369,12567.1846936055
"r_species.id[Bufo_stejnegeri_ott563550,Intercept]",1.0001290412833,30423.2379752422,11163.8842657666
"r_species.id[Bulla_gouldiana_ott848010,Intercept]",1.00033496595342,24432.4964277074,12033.4717725781
"r_species.id[Caecidotea_intermedia_ott3000549,Intercept]",1.0001672167332,30615.8020566262,11739.4982524028
"r_species.id[Calidris_mauri_ott234671,Intercept]",1.00057613351134,22219.8963493248,11833.1466442709
"r_species.id[Calidris_pusilla_ott1092981,Intercept]",0.999922044910389,19434.5567906033,11876.4466003644
"r_species.id[Calodromus_ito_ott4606589,Intercept]",1.00005760439918,33011.6411562146,12968.4159497027
"r_species.id[Calonectris_borealis_ott3595600,Intercept]",0.999897066407218,22854.4388231977,11334.4878070988
"r_species.id[Calopteryx_splendens_ancilla_ott841780,Intercept]",1.00061590146626,22834.6313265489,11975.625170553
"r_species.id[Calopteryx_virgo_meridionalis_ott48548,Intercept]",1.00108352916775,22336.9337475002,12154.9683640421
"r_species.id[Camarhynchus_parvulus_ott419367,Intercept]",0.999890187945312,29779.8639621635,12376.7995644951
"r_species.id[Caprella_penantis_ott1062,Intercept]",1.00063048808814,32223.4394635808,12305.3419006231
"r_species.id[Cepphus_grylle_grylle_ott544140,Intercept]",1.00011772289991,27255.2230362894,12920.4678950661
"r_species.id[Ceratophrys_stolzmanni_ott3620341,Intercept]",1.00013595697572,23404.9226318043,12403.8333576495
"r_species.id[Chaetodon_lunulatus_ott1044083,Intercept]",1.00053659735003,34604.0420866523,11601.3385510387
"r_species.id[Chaetodon_melannotus_ott955781,Intercept]",1.00047080057538,31557.1569674635,12619.7747550849
"r_species.id[Chamaeleo_chamaeleon_recticrista_ott113623,Intercept]",0.99995855662448,26760.5813855711,12029.4889991536
"r_species.id[Charadrius_dubius_ott274628,Intercept]",0.999921419810576,24766.5209984628,11963.2643555765
"r_species.id[Chauliognathus_arizonensis_ott3413984,Intercept]",0.999980968196915,18713.9546328148,14465.5780812554
"r_species.id[Chauliognathus_basalis_ott3413950,Intercept]",0.999981820995393,16763.4084604291,12189.0058705799
"r_species.id[Chauliognathus_deceptus_ott3413977,Intercept]",0.999865336276691,20983.8398831996,13096.6119834366
"r_species.id[Chauliognathus_lewisi_ott3413978,Intercept]",1.0002163678161,23217.3991371375,12634.8632074509
"r_species.id[Chauliognathus_limbicollis_ott3413962,Intercept]",0.999915479003595,25230.7483075599,13652.2970852808
"r_species.id[Chauliognathus_obscurus_ott3413960,Intercept]",1.00021192795203,30174.3761443813,13179.4875033552
"r_species.id[Chauliognathus_pennsylvanicus_ott536547,Intercept]",1.00034228036932,21121.560328042,12522.3179867555
"r_species.id[Chauliognathus_scutellaris_ott3413954,Intercept]",1.0001835306953,20620.8885758272,14187.1249514428
"r_species.id[Chauliognathus_werneri_ott3413957,Intercept]",1.00089707210746,34158.8179471402,11965.602043407
"r_species.id[Chionoecetes_opilio_ott604254,Intercept]",0.999961873655637,16369.7956809257,10917.1229786403
"r_species.id[Chlidonias_hybridus_ott915886,Intercept]",1.00009760166934,28888.9533403858,11814.0169582691
"r_species.id[Chlidonias_niger_ott234666,Intercept]",0.999933484568506,29371.3224269358,11244.0667259894
"r_species.id[Chroicocephalus_ridibundus_ridibundus_ott4947414,Intercept]",1.00020003585269,27185.5757671038,11881.2789590846
"r_species.id[Chrysolina_aurichalcea_ott368836,Intercept]",1.00007122507466,15934.6312107974,11161.6995375039
"r_species.id[Cicindela_marutha_ott766400,Intercept]",1.00019330788893,33014.8206621139,11484.4866959726
"r_species.id[Colias_eurytheme_ott940001,Intercept]",1.00016536896238,30679.1315003409,12149.4687767059
"r_species.id[Columba_livia_ott938416,Intercept]",1.00030891002533,30689.8300009374,11814.7264497653
"r_species.id[Copidosoma_bakeri_ott3314851,Intercept]",1.00042293372385,31517.4545502909,12247.4645778793
"r_species.id[Coracias_garrulus_ott372551,Intercept]",1.0000126470785,31820.0295057364,11655.1365961287
"r_species.id[Cyanistes_caeruleus_caeruleus_ott744585,Intercept]",1.00027848615799,21728.208636408,11953.8956033877
"r_species.id[Cyclargus_thomasi_bethunebakeri_ott349949,Intercept]",1.00028087013703,29095.7822869079,11686.6604220743
"r_species.id[Cygnus_olor_ott140314,Intercept]",1.00019031218938,28753.2161576154,11645.7515977058
"r_species.id[Danaus_plexippus_plexippus_ott532411,Intercept]",0.999966577341646,30030.2332277386,12185.0158997335
"r_species.id[Deinacrida_rugosa_ott3493058,Intercept]",1.00022183538242,25038.5595832694,11403.9073471984
"r_species.id[Dendroctonus_ponderosae_ott1017374,Intercept]",1.0001162618606,22326.5196605761,11086.8158280439
"r_species.id[Dendropsophus_elegans_ott108403,Intercept]",1.00020204324458,30941.4748572735,12475.241756952
"r_species.id[Dendropsophus_marmoratus_ott108390,Intercept]",1.00016520685169,37527.2589940166,11591.1271600051
"r_species.id[Diabrotica_virgifera_virgifera_ott670133,Intercept]",1.00023979191605,33414.0447534239,12224.3713037935
"r_species.id[Diaprepes_abbreviatus_ott713695,Intercept]",1.00000160344662,15344.0473912203,11072.8597401206
"r_species.id[Dikerogammarus_villosus_ott735765,Intercept]",1.00062926777034,28754.3044087474,11942.7076972682
"r_species.id[Diogenes_nitidimanus_ott5089777,Intercept]",0.999974274047592,31013.8491549763,12310.4594130861
"r_species.id[Drosophila_buzzatii_ott607957,Intercept]",1.00021995518959,20903.0616739131,12261.3738250229
"r_species.id[Drosophila_malerkotliana_malerkotliana_ott848708,Intercept]",1.00033538823475,19747.0257558588,11498.089375516
"r_species.id[Drosophila_melanogaster_ott505714,Intercept]",0.99998052556231,21174.9360501137,11928.7344869026
"r_species.id[Drosophila_pseudoobscura_pseudoobscura_ott820906,Intercept]",1.00000698459771,20779.1622083513,11485.4972395406
"r_species.id[Dryomyza_anilis_ott130145,Intercept]",1.00014252872752,29211.6025065874,12465.7460377965
"r_species.id[Dugesia_gonocephala_ott807701,Intercept]",1.00011131161477,25748.1164127978,12806.7517940126
"r_species.id[Dugesia_sp_06_MR-2009_ott859610,Intercept]",1.00044861063136,27756.4198018761,11101.8286693516
"r_species.id[Duttaphrynus_melanostictus_ott962265,Intercept]",1.00051458293415,22502.858541575,13088.5056547729
"r_species.id[Echinogammarus_margalefi_ott2982674,Intercept]",1.00019952858868,30565.7967322015,12198.3229234118
"r_species.id[Echinolittorina_radiata_ott480056,Intercept]",1.00038295732393,30233.0692276871,11371.6558000636
"r_species.id[Eisenia_fetida_ott316451,Intercept]",1.00038553868424,25138.544106453,11487.4027349622
"r_species.id[Elaphrothrips_tuberculatus_ott788825,Intercept]",1.00003390890211,27054.1328396508,11855.9092224941
"r_species.id[Engystomops_pustulatus_ott262685,Intercept]",1.00054684270102,27697.1325083196,12419.3854138724
"r_species.id[Eogammarus_oclairi_ott38845,Intercept]",1.00006999440384,32488.2766142542,11651.6648478014
"r_species.id[Epicauta_ochrea_ott3356895,Intercept]",1.00051954211287,29352.1048128528,12791.9256229656
"r_species.id[Epicauta_pensylvanica_ott926635,Intercept]",1.00020483353404,20755.9449634861,11922.4098764767
"r_species.id[Epidalea_calamita_ott436364,Intercept]",1.00004051528127,28659.9384465707,11541.8948144876
"r_species.id[Eretmodus_cyanostictus_ott102583,Intercept]",1.00033775056087,24930.7763314351,12416.6445193938
"r_species.id[Espadarana_prosoblepon_ott226407,Intercept]",1.00016546537086,36618.448195096,11127.3611276527
"r_species.id[Eumomota_superciliosa_ott1079770,Intercept]",1.00017434140246,31770.963885813,12230.7475771889
"r_species.id[Eurema_hecabe_hecabe_ott5266867,Intercept]",1.0001618128418,32420.3770937847,11654.5646489787
"r_species.id[Falco_berigora_ott877343,Intercept]",1.0000431599926,25556.5248847971,11215.7679346154
"r_species.id[Falco_cenchroides_cenchroides_ott432111,Intercept]",1.00027572763398,26274.9027359033,11988.2747677702
"r_species.id[Falco_columbarius_columbarius_ott928167,Intercept]",1.00050580066306,30136.5895417111,12174.5362979387
"r_species.id[Falco_peregrinus_japonensis_ott773044,Intercept]",1.00071573826214,31530.508013743,11865.0738351357
"r_species.id[Falco_sparverius_sparverius_ott775460,Intercept]",1.00025802761115,24831.080270348,11699.3248891578
"r_species.id[Felimare_zebra_ott2875381,Intercept]",1.00147827134832,27957.4936160843,11590.3380675743
"r_species.id[Ficedula_albicollis_ott107840,Intercept]",1.00004052259596,20924.1858840492,12407.6514123637
"r_species.id[Ficedula_hypoleuca_ott22300,Intercept]",1.00047781338068,25228.2201271365,12254.1935806687
"r_species.id[Fratercula_arctica_grabae_ott5560393,Intercept]",1.00024842563227,26381.4875852355,11727.0547066442
"r_species.id[Furnarius_rufus_ott799151,Intercept]",1.00035879114889,28068.7095699999,12481.601151555
"r_species.id[Gammarus_aequicauda_ott604840,Intercept]",1.0002425553975,33821.274726808,12215.127069254
"r_species.id[Gammarus_duebeni_duebeni_ott184777,Intercept]",1.00040285322803,29921.9165473207,11420.7357847802
"r_species.id[Gammarus_fasciatus_ott585520,Intercept]",1.00043184794255,17335.1255936822,11539.6282188923
"r_species.id[Gammarus_fossarum_ott596815,Intercept]",1.00020779122517,29016.6781664349,12146.067247642
"r_species.id[Gammarus_insensibilis_ott2982554,Intercept]",1.00026820727326,19083.0820573437,11744.6458907452
"r_species.id[Gammarus_lacustris_ott596813,Intercept]",1.00097632106542,27658.2114022082,12243.0683017691
"r_species.id[Gammarus_leopoliensis_ott944476,Intercept]",1.00030980504924,13418.3939545218,11374.8822600071
"r_species.id[Gammarus_locusta_ott846200,Intercept]",1.00012013477747,8428.34685517893,9510.93067456667
"r_species.id[Gammarus_pulex_gallicus_ott1024016,Intercept]",0.999977179199152,17713.8826467085,12310.585101203
"r_species.id[Gammarus_zaddachi_ott232763,Intercept]",1.00015085978823,26356.6554103707,12227.5318095269
"r_species.id[Garrulax_davidi_davidi_ott632992,Intercept]",1.00079364979987,27429.8848487872,11616.457259316
"r_species.id[Garrulax_elliotii_elliotii_ott632991,Intercept]",1.00106870576786,27066.6749115292,12038.9073179291
"r_species.id[Gasterosteus_aculeatus_aculeatus_ott111122,Intercept]",1.00127605012249,26699.7476231662,12271.6715267849
"r_species.id[Geospiza_fortis_ott589951,Intercept]",1.00016007442933,17854.194816993,13325.2287869024
"r_species.id[Geospiza_fuliginosa_ott589956,Intercept]",1.00001938490287,25498.2992832491,11615.3001159708
"r_species.id[Geospiza_scandens_ott589959,Intercept]",1.00036161462681,17990.0046578565,14210.079121225
"r_species.id[Gerris_buenoi_ott706417,Intercept]",1.00001885860354,20021.4219955708,13700.7928890682
"r_species.id[Gerris_comatus_ott859177,Intercept]",0.999995957428201,25000.6342943361,12451.0575669147
"r_species.id[Gerris_gracilicornis_ott890302,Intercept]",1.00008537383095,28199.5136108079,12739.4607247402
"r_species.id[Gerris_lacustris_ott543700,Intercept]",1.00084006000179,25420.3793553382,11668.5018120563
"r_species.id[Gerris_lateralis_ott782398,Intercept]",0.999930261534779,21337.9008619182,13164.8637602982
"r_species.id[Gerris_odontogaster_ott494591,Intercept]",1.00087630960267,17437.6323637882,13354.5983708858
"r_species.id[Gymnorhinus_cyanocephalus_ott979211,Intercept]",1.00000123891652,25710.5234309862,11877.1212959976
"r_species.id[Halobates_robustus_ott219408,Intercept]",1.00012670108771,32488.9566942405,12411.8477043146
"r_species.id[Heliconius_charithonia_ott259142,Intercept]",1.00038749364576,30503.0338987495,12992.59619994
"r_species.id[Heliconius_melpomene_melpomene_ott372028,Intercept]",1.00006878115341,29495.3286418632,11864.8564809325
"r_species.id[Helix_pomatia_ott349693,Intercept]",1.00024757328743,23261.335290202,12853.4330674233
"r_species.id[Hippocampus_subelongatus_ott57117,Intercept]",1.0000581152146,30358.0240627013,11939.589235281
"r_species.id[Hippocampus_whitei_ott57111,Intercept]",1.00098461719043,31749.3623161825,11773.697880869
"r_species.id[Hirundo_rustica_rustica_ott628817,Intercept]",1.00064645574503,29807.7743600692,11862.9595894204
"r_species.id[Homarus_gammarus_ott28244,Intercept]",1.00024866394772,30598.161498274,11682.5608780596
"r_species.id[Homo_sapiens_ott770315,Intercept]",0.999937165808205,20109.9120483585,11947.9084109123
"r_species.id[Hyalella_azteca_ott648347,Intercept]",1.00021725830025,12093.2449054716,10445.4686395751
"r_species.id[Hyalella_castroi_ott2983743,Intercept]",1.00034516748121,30413.6618065585,12179.4774317112
"r_species.id[Hyalella_longistilus_ott2983719,Intercept]",1.00010795700967,4409.7605688183,6186.33085490137
"r_species.id[Hyalella_pleoacuta_ott2983724,Intercept]",1.00063476283882,29437.1961185972,11381.584375235
"r_species.id[Hydrobates_melitensis_ott3595637,Intercept]",1.00064808450427,30813.8092195858,12150.0105524937
"r_species.id[Hyla_arborea_ott677266,Intercept]",1.00051297744065,17628.0047798292,11889.5045462749
"r_species.id[Hyla_chrysoscelis_ott1050749,Intercept]",1.00009349815006,22826.5538303387,11938.461988981
"r_species.id[Hyla_cinerea_ott1062211,Intercept]",1.00029996083191,26515.3416852224,12973.66645442
"r_species.id[Hyla_versicolor_ott386095,Intercept]",1.00023595406589,37600.8217393873,11690.9570599322
"r_species.id[Hyperolius_marmoratus_ott441372,Intercept]",1.00022685849918,28823.1913563371,10968.5741937085
"r_species.id[Hypsophrys_nematopus_ott416862,Intercept]",0.99999292559972,15689.3470697388,11472.7502180503
"r_species.id[Hypsophrys_nicaraguensis_ott221911,Intercept]",1.00005204294161,20842.1649057014,13460.2218578135
"r_species.id[Idotea_baltica_ott788883,Intercept]",1.00006951220362,19720.7590524429,11281.0205203805
"r_species.id[Ilyograpsus_nodulosus_ott4666517,Intercept]",1.00016639355699,21728.9353611961,11148.2544496068
"r_species.id[Inachus_phalangium_ott2979756,Intercept]",1.00032181294666,25523.8878305991,11700.455201967
"r_species.id[Incilius_periglenes_ott4133413,Intercept]",1.00013487990213,30013.7222767657,11852.7026230627
"r_species.id[Incilius_valliceps_ott937819,Intercept]",1.0000945795976,23438.1586983335,11976.4725657377
"r_species.id[Ips_pini_ott1084161,Intercept]",0.999980459367666,29252.5001633289,12178.1167398426
"r_species.id[Jaera_albifrons_ott907479,Intercept]",1.0003116895552,24775.6064340179,13995.9305659906
"r_species.id[Jaera_ischiosetosa_ott2999326,Intercept]",1.00043158798579,29222.0496192926,11905.276927785
"r_species.id[Jaera_istri_ott2999332,Intercept]",1.00012421400958,19844.6695852106,11986.5468529927
"r_species.id[Jaera_italica_ott2999323,Intercept]",1.00052333557117,19659.1717233606,12627.8706418045
"r_species.id[Jaera_nordmanni_ott619333,Intercept]",1.00014530645357,27949.715313975,12444.7162642328
"r_species.id[Jesogammarus_suwaensis_ott716982,Intercept]",1.00094703920927,28348.4298811848,12207.8135101626
"r_species.id[Julidochromis_ornatus_ott97293,Intercept]",1.00002698930412,25610.5404648443,12099.8903757242
"r_species.id[Krobia_sp_Smith2008_ott684090,Intercept]",1.00060355722926,19390.6824446145,12633.3342637909
"r_species.id[Krobia_sp_Xingu_ott687201,Intercept]",0.999870983938362,15536.0748831177,12657.7036128676
"r_species.id[Lacerta_agilis_agilis_ott188787,Intercept]",1.0001556995198,30129.4462224279,11005.2962598044
"r_species.id[Lanius_collurio_collurio_ott11462,Intercept]",1.00028400733137,27990.6965423134,11551.6534157919
"r_species.id[Lanius_collurioides_ott105682,Intercept]",1.0005948199998,31786.2373699203,12033.858266053
"r_species.id[Larus_michahellis_michahellis_ott425206,Intercept]",1.00082898538296,29713.5575477955,12403.5769837012
"r_species.id[Limnadia_badia_ott746551,Intercept]",1.00017580431774,29684.2189380747,12651.9401420976
"r_species.id[Limosa_limosa_islandica_ott279299,Intercept]",1.00002567156597,16521.4566327067,12547.9816823274
"r_species.id[Limulus_polyphemus_ott511973,Intercept]",1.0003018598884,19640.0671798597,10655.6133112429
"r_species.id[Littoraria_ardouiniana_ott343155,Intercept]",1.0001153515508,26370.2509351971,11504.7245440301
"r_species.id[Littoraria_flava_ott343147,Intercept]",1.00003548843234,33928.7439582854,11788.7613404196
"r_species.id[Littoraria_melanostoma_ott867812,Intercept]",1.00080955254314,30164.2556611209,12212.2005228879
"r_species.id[Littorina_littorea_ott622242,Intercept]",1.00021470053281,23272.6959655121,13478.8805617062
"r_species.id[Littorina_saxatilis_ott182096,Intercept]",1.00002257253709,27855.6557934761,12585.1060543643
"r_species.id[Locustella_ochotensis_ott326781,Intercept]",1.00024643851704,31999.1550473436,12742.6555731592
"r_species.id[Loxia_curvirostra_curvirostra_ott438240,Intercept]",1.00008312496881,10790.3681299594,10416.285734809
"r_species.id[Lumbricus_terrestris_ott316441,Intercept]",1.00003964787386,19895.9509929837,12318.516035675
"r_species.id[Lymnaea_stagnalis_ott844828,Intercept]",1.00039727898134,18820.2495478543,11177.7850203417
"r_species.id[Lytta_magister_ott3356974,Intercept]",1.00033820870683,23493.8866258622,11907.2659321437
"r_species.id[Lytta_vulnerata_ott3356957,Intercept]",0.999966406762766,18265.1459303099,12406.5180190651
"r_species.id[Macrotis_lagotis_ott940704,Intercept]",1.00036852799466,30283.662866851,11889.7488915839
"r_species.id[Magicicada_cassini_ott435888,Intercept]",1.00040427299168,24553.8600000269,11617.4658911795
"r_species.id[Magicicada_septendecim_ott427477,Intercept]",1.00022625388749,26747.8749395195,12288.3260207879
"r_species.id[Manogea_porracea_ott3571931,Intercept]",1.00051877079739,30006.601786238,12380.122589438
"r_species.id[Megaptera_novaeangliae_ott226198,Intercept]",1.00046817828666,28567.7666747504,13198.0174537026
"r_species.id[Merops_apiaster_ott755107,Intercept]",1.00022148751967,27598.802488003,10921.7557133545
"r_species.id[Metellina_segmentata_ott1043563,Intercept]",1.00004172988453,24939.922889688,12553.1081934113
"r_species.id[Micrarchus_hystriculeus_ott649254,Intercept]",1.00050656470502,32315.2099937429,12264.9597526728
"r_species.id[Microvelia_longipes_ott5225100,Intercept]",1.00015657553624,5764.20553004299,8328.59203123124
"r_species.id[Montifringilla_taczanowskii_ott96150,Intercept]",1.00000884411779,25185.8743594846,12640.1197993029
"r_species.id[Mycteria_leucocephala_ott848605,Intercept]",1.00037271127771,14418.4074170589,11099.6116644295
"r_species.id[Mystacides_azureus_ott816747,Intercept]",1.00034034410347,26430.6201801698,11872.1196814193
"r_species.id[Nanorana_parkeri_ott899043,Intercept]",1.00005159449888,28153.0400621675,10847.8209648802
"r_species.id[Neacoryphus_bicrucis_ott3470406,Intercept]",1.00022132667142,23878.6445307368,11169.343328526
"r_species.id[Necrophila_americana_ott422617,Intercept]",1.00036821339309,4210.17821158994,6443.66639586248
"r_species.id[Neolamprologus_pulcher_--Daffodil--_ott311695,Intercept]",1.00070613478666,24457.4616661337,12238.182198252
"r_species.id[Nephila_clavata_ott997305,Intercept]",1.00005190034417,23317.0892265295,12930.7111040264
"r_species.id[Onymacris_bicolor_ott4618928,Intercept]",1.00070931996607,28336.8805233605,12004.5644948421
"r_species.id[Ophioblennius_atlanticus_ott282319,Intercept]",1.00017233852484,27578.5627623878,12595.2932410567
"r_species.id[Ovis_aries_musimon_ott540228,Intercept]",1.00009694248741,32294.020136506,12071.0073771837
"r_species.id[Oxymonacanthus_longirostris_ott333706,Intercept]",1.00013136161012,27938.8321035799,11881.4565760695
"r_species.id[Pachycheles_rudis_ott1027301,Intercept]",1.00018141234037,5336.71323039778,6438.73981298909
"r_species.id[Paguritta_harmsi_ott2975403,Intercept]",1.00028502192719,28388.650837954,11386.7485375651
"r_species.id[Paracalliope_fluviatilis_ott17810,Intercept]",1.00040830235505,28957.6490489502,12531.5530852867
"r_species.id[Paranchistus_pycnodontae_ott5090016,Intercept]",1.00053558845562,31573.2824709139,11002.1623165612
"r_species.id[Parus_major_kapustini_ott84656,Intercept]",1.0001178119384,28267.8646037323,11959.4289588597
"r_species.id[Passer_domesticus_bactrianus_ott320920,Intercept]",0.999950891297947,25595.889142915,12187.4949201856
"r_species.id[Pelobates_cultripes_ott703772,Intercept]",1.00008628394334,34517.028825289,11644.1911080234
"r_species.id[Pelobates_syriacus_balcanicus_ott47787,Intercept]",1.00017177425922,24696.842376934,11527.8117974105
"r_species.id[Phaethon_rubricauda_ott509057,Intercept]",1.00016596996502,28024.5316183682,11691.3850070005
"r_species.id[Phanaeus_difformis_ott3332070,Intercept]",1.00087974671265,34849.9028496274,11579.8319028349
"r_species.id[Phascolarctos_cinereus_victor_ott985451,Intercept]",1.00065149122688,30381.9868569752,12372.1336807856
"r_species.id[Phidippus_clarus_ott670208,Intercept]",0.999972808931855,27469.9143674728,13094.5131126175
"r_species.id[Phloeosinus_armatus_ott3409670,Intercept]",1.00038828804651,33856.5526241488,11388.4763314116
"r_species.id[Phoracantha_semipunctata_ott87035,Intercept]",1.00086627528205,32069.2524089412,12364.8233911993
"r_species.id[Phorticella_flavipennis_ott4420733,Intercept]",1.00012198025892,22560.8959614921,11759.9866268418
"r_species.id[Phyllobius_maculicornis_ott3411280,Intercept]",1.00038946046905,20403.6151315774,11825.6259949254
"r_species.id[Phyllomedusa_iheringii_ott979521,Intercept]",1.00005560112559,31844.9422186618,12862.7052926998
"r_species.id[Phyllomedusa_rohdei_ott364552,Intercept]",1.00039348231936,22258.1018715699,12783.4566821187
"r_species.id[Phymata_americana_ott3475650,Intercept]",1.00000274283878,29075.0516861834,11997.9988082384
"r_species.id[Phymata_fasciata_ott3475652,Intercept]",1.00022876761755,30991.4558688365,12464.2257665172
"r_species.id[Phymata_salicis_ott3475649,Intercept]",0.99994183489843,20528.5867647323,12204.2115202889
"r_species.id[Physalaemus_enesefae_ott262673,Intercept]",1.00006112031954,33247.209481243,11709.3549821956
"r_species.id[Physella_acuta_ott55904,Intercept]",1.00014186708982,22102.060599248,12578.9055357904
"r_species.id[Planes_major_ott2981529,Intercept]",1.00022924769906,29120.0915585729,11808.2697432892
"r_species.id[Plecia_nearctica_ott4497145,Intercept]",1.00032817967424,25272.9760559534,11699.8440751799
"r_species.id[Podarcis_muralis_maculiventris_ott906140,Intercept]",0.999905871545809,36496.6143517205,12879.1441224292
"r_species.id[Poephila_acuticauda_acuticauda_ott844234,Intercept]",1.00000783912307,23489.3059901605,11459.3501613877
"r_species.id[Polypedates_megacephalus_--Xizang--_ott638701,Intercept]",1.00012732392057,27226.7862063847,11625.1519837113
"r_species.id[Pomatoschistus_minutus_ott1048873,Intercept]",1.00052124240868,34844.1574801506,12064.5735620469
"r_species.id[Pontonia_mexicana_ott1068125,Intercept]",1.00069711193492,28672.5286481376,11523.2469354822
"r_species.id[Pseudacris_crucifer_crucifer_ott897528,Intercept]",1.00019976140892,39784.2116607183,11553.1342239748
"r_species.id[Pterapogon_kauderni_ott105932,Intercept]",1.00086135449479,23832.3323434135,12548.1016797901
"r_species.id[Puffinus_pacificus_ott471653,Intercept]",1.00018494120715,25484.6816282766,12051.4052809557
"r_species.id[Puffinus_tenuirostris_ott471652,Intercept]",1.00036157141472,22211.7884041038,11448.4129747644
"r_species.id[Puffinus_yelkouan_ott471651,Intercept]",1.00002096828246,27917.1815642049,11828.210662406
"r_species.id[Pygoscelis_adeliae_ott494357,Intercept]",1.00024411362529,31301.9808427213,12895.0471003504
"r_species.id[Pyrrhocorax_graculus_ott140440,Intercept]",1.0004460735782,27654.076274179,11576.1824285162
"r_species.id[Radix_auricularia_ott274226,Intercept]",0.999945526797379,34086.7482738902,11943.2092351397
"r_species.id[Radix_lagotis_ott913868,Intercept]",1.00018500293812,30574.3103979715,13112.1934902428
"r_species.id[Rana_chensinensis_ott595205,Intercept]",1.0002045690209,17802.6261611045,11751.6573154351
"r_species.id[Rana_dalmatina_ott886093,Intercept]",0.999896225713963,21528.4278019602,13026.7235299647
"r_species.id[Rana_kukunoris_ott691289,Intercept]",1.0002116445698,26016.7426014233,12863.1019248818
"r_species.id[Rana_sylvatica_ott4133610,Intercept]",1.00061488008938,26058.7061378279,13242.7391229719
"r_species.id[Rana_temporaria_temporaria_ott979590,Intercept]",1.00007564848737,20980.8745406565,13159.7948276161
"r_species.id[Rhinella_arenarum_ott522417,Intercept]",1.00028995196085,23148.9936770188,11640.5278514034
"r_species.id[Rhinella_marina_ott889340,Intercept]",1.00026058716465,32508.8131735215,11863.4674915072
"r_species.id[Rissa_tridactyla_ott585161,Intercept]",1.00009707144535,12723.4617566948,11403.8004513298
"r_species.id[Salmo_trutta_oxianus_ott79094,Intercept]",1.00083509211542,29003.0574877582,11128.0556667023
"r_species.id[Salvelinus_confluentus_ott688321,Intercept]",1.00034423935311,32163.6742318803,10441.3724579894
"r_species.id[Salvelinus_leucomaenis_leucomaenis_ott133272,Intercept]",1.00003236992055,25011.1991303522,12893.7125181184
"r_species.id[Scaphiopus_couchii_ott77494,Intercept]",1.00019903208233,27843.0432563114,12852.0757985183
"r_species.id[Scathophaga_stercoraria_ott557400,Intercept]",0.999997919761094,29125.149926589,12623.6254149635
"r_species.id[Scinax_centralis_ott3619799,Intercept]",1.0000469956688,36358.1000239046,12432.946809248
"r_species.id[Scinax_ruber_ott717608,Intercept]",0.999855937701757,17997.7659464347,11199.8287818476
"r_species.id[Scylla_olivacea_ott1084538,Intercept]",1.00009921589111,27166.0479239226,12946.8200233987
"r_species.id[Scylla_paramamosain_ott1084541,Intercept]",1.00020402993727,29546.2837418854,12772.2544993114
"r_species.id[Scylla_tranquebarica_ott1084544,Intercept]",1.00045471490895,28028.5217864606,12251.5407990783
"r_species.id[Serranus_tortugarum_ott511782,Intercept]",1.0002198019004,19903.9302118715,12541.0852749679
"r_species.id[Sialia_currucoides_ott431648,Intercept]",0.999826645401095,32359.6867762684,11706.4982919929
"r_species.id[Siganus_unimaculatus_ott190873,Intercept]",0.999973930084102,17278.9127985892,11961.1611673374
"r_species.id[Siphonaria_capensis_ott20369,Intercept]",1.00039008101047,20976.3268702272,11949.4435700758
"r_species.id[Siphonaria_gigas_ott68145,Intercept]",1.0003145011841,32520.3754469206,11824.7407597201
"r_species.id[Sitophilus_zeamais_ott865238,Intercept]",1.00077992717382,31203.4939118041,10799.0754837162
"r_species.id[Spea_bombifrons_ott1026954,Intercept]",1.00019476777162,38375.5031696275,11847.2003714434
"r_species.id[Spea_multiplicata_ott1013104,Intercept]",1.00007057661972,36466.5807049095,11450.7991166208
"r_species.id[Sphaeramia_nematoptera_ott799234,Intercept]",1.0008516063686,26594.2104442298,12041.1759597449
"r_species.id[Spheniscus_magellanicus_ott429622,Intercept]",1.00037023074195,30204.4295888686,12447.1967164794
"r_species.id[Spinus_atratus_ott3597394,Intercept]",1.00069332929504,28114.1360624194,12519.800917404
"r_species.id[Stercorarius_parasiticus_ott742640,Intercept]",1.00089186861902,31132.7521992877,10650.1356487827
"r_species.id[Stercorarius_skua_ott742633,Intercept]",1.00016386314376,24744.5926970416,12495.2773392899
"r_species.id[Sterna_hirundo_hirundo_ott5560401,Intercept]",1.0003609836591,21961.6327551193,12001.9337621944
"r_species.id[Sterna_paradisaea_ott809006,Intercept]",1.00027682943446,29346.0622047419,11977.1159127528
"r_species.id[Sturnus_vulgaris_ott565813,Intercept]",1.00065194625332,30413.9201833664,11681.186950762
"r_species.id[Succinea_putris_ott1001375,Intercept]",1.00024486954229,32050.624837739,11689.7198426791
"r_species.id[Syngnathus_floridae_ott774435,Intercept]",0.999998769458585,16791.2171517609,13782.7958657235
"r_species.id[Syngnathus_scovelli_ott251400,Intercept]",1.00009587868895,26914.0684265439,12239.9253201148
"r_species.id[Syngnathus_typhle_ott251396,Intercept]",1.00048372563125,13355.0514673998,11212.3981804945
"r_species.id[Tachycineta_bicolor_ott136028,Intercept]",1.00012414643903,28754.3771272034,12037.3010205032
"r_species.id[Taeniopygia_guttata_ott708327,Intercept]",1.00038225658051,21986.4898888798,11049.2709261732
"r_species.id[Taricha_granulosa_ott1041788,Intercept]",1.00000497496636,17975.7987777027,12091.0307386745
"r_species.id[Tegrodera_aloga_ott3357034,Intercept]",1.00004203101955,24637.9778473171,12533.9741773957
"r_species.id[Tegrodera_erosa_ott3357044,Intercept]",1.00036971069331,31982.3386564098,12471.9907502221
"r_species.id[Tetraopes_tetrophthalmus_ott1016808,Intercept]",1.00046351841721,28833.3432434459,11641.6159337865
"r_species.id[Thamnophis_sirtalis_parietalis_ott505604,Intercept]",1.00013686554287,35219.1394267644,11695.4089696224
"r_species.id[Thermosphaeroma_thermophilum_ott2996425,Intercept]",1.00026734002166,22445.0619422039,11616.5088124111
"r_species.id[Thryothorus_ludovicianus_ott1036137,Intercept]",1.00003250361447,31229.7499252892,11595.8729522176
"r_species.id[Thysanophrys_celebica_ott391531,Intercept]",1.00041849999314,28566.0222447353,13119.2829093611
"r_species.id[Tilapia_pra_ott3635733,Intercept]",1.00040136805393,22700.5347050987,12853.7895657946
"r_species.id[Trachycephalus_typhonius_A_ott331403,Intercept]",0.999846824756827,31630.0825614841,12410.073755414
"r_species.id[Trapezia_bidentata_ott787242,Intercept]",1.00001621552387,29203.4309857241,12766.9728076862
"r_species.id[Triprion_petasatus_ott238783,Intercept]",1.0000522367514,30372.7072028432,11884.2421524972
"r_species.id[Trirhabda_canadensis_ott125833,Intercept]",1.00033822569275,31533.2920752223,11997.1082281289
"r_species.id[Trirhabda_eriodictyonis_ott276072,Intercept]",1.00015393324418,20373.698797787,12243.1750062126
"r_species.id[Tunicotheres_moseri_ott11840,Intercept]",1.00014724126041,18409.34542303,11754.074048673
"r_species.id[Turdus_migratorius_migratorius_ott168085,Intercept]",1.00044817315159,29464.5463195041,12120.6756695475
"r_species.id[Tyto_alba_alba_ott224923,Intercept]",0.999955475950405,31872.8235516695,11597.23401868
"r_species.id[Uca_capricornis_ott2981580,Intercept]",1.000200198405,31860.9294891821,11473.3467875028
"r_species.id[Uca_lactea_lactea_ott651108,Intercept]",1.00016236087087,19711.3441103733,12193.3002104606
"r_species.id[Uca_mjoebergi_ott825298,Intercept]",1.00046284224252,33325.5736196364,11986.323254173
"r_species.id[Uca_pugilator_ott757104,Intercept]",0.999960015327752,36293.7626014795,11639.7660401729
"r_species.id[Uca_rapax_ott197166,Intercept]",1.00027928876089,34926.2267310308,11782.9029159163
"r_species.id[Uca_uruguayensis_ott418019,Intercept]",1.00014167869627,20473.6723398143,12005.7323164463
"r_species.id[Uperoleia_rugosa_ott940198,Intercept]",0.999982943015972,9358.36704742612,8922.05324923953
"r_species.id[Vaginulus_sloanii_ott2883243,Intercept]",1.00048658203565,4121.48643601228,6655.43106078228
"r_species.id[Valenciennea_muralis_ott286315,Intercept]",1.00076703138573,24356.1275544126,12449.8899485827
"r_species.id[Valenciennea_strigata_ott819087,Intercept]",1.00053230288534,30911.4361252068,12504.8990363833
"r_species.id[Veronicella_sloanii_ott2883248,Intercept]",1.00052633821881,3903.06031155126,6287.58225863028
"r_species.id[Zebrasoma_scopas_ott199073,Intercept]",1.00006918917582,34877.7125095368,13782.1656530688
"r_species.id[Zenaida_aurita_ott873995,Intercept]",1.00027387369776,28608.112398372,11085.5207749288
"r_species.id[Zootoca_vivipara_carniolica_ott839775,Intercept]",1.00024298791736,32170.1215506993,12394.4346373063
"r_species.id[Zygiella_x-notata_ott504327,Intercept]",1.00031033863333,26999.825581423,12750.1677928573
"r_species.id.phy[Homo_sapiens_ott770315,Intercept]",1.00043468536874,16185.4678867607,10618.1248341854
"r_species.id.phy[Megaptera_novaeangliae_ott226198,Intercept]",1.00027077322,16124.3747306235,10178.6559289343
"r_species.id.phy[Ovis_aries_musimon_ott540228,Intercept]",1.00041848341178,16154.4721275844,10584.1920509041
"r_species.id.phy[Phascolarctos_cinereus_victor_ott985451,Intercept]",1.0007130226753,16266.7561022006,10667.2702136414
"r_species.id.phy[Macrotis_lagotis_ott940704,Intercept]",1.00060372343912,16278.292410892,10295.5872734493
"r_species.id.phy[Camarhynchus_parvulus_ott419367,Intercept]",1.00018719638433,16216.8782105907,10193.653562962
"r_species.id.phy[Geospiza_fuliginosa_ott589956,Intercept]",1.00020148841684,16232.6759433938,9789.19091125018
"r_species.id.phy[Geospiza_scandens_ott589959,Intercept]",1.00035751072642,16250.9494422881,10129.6696219242
"r_species.id.phy[Geospiza_fortis_ott589951,Intercept]",1.0001291449509,16363.7427072767,10164.8768187493
"r_species.id.phy[Spinus_atratus_ott3597394,Intercept]",1.00013200151563,16187.1103576743,9794.33365482565
"r_species.id.phy[Loxia_curvirostra_curvirostra_ott438240,Intercept]",1.0001643304398,16026.4623978958,9516.19642308339
"r_species.id.phy[Passer_domesticus_bactrianus_ott320920,Intercept]",1.0002145027206,16650.2829506474,10537.7284663352
"r_species.id.phy[Montifringilla_taczanowskii_ott96150,Intercept]",1.00009531681432,16835.9968078103,10597.4393249619
"r_species.id.phy[Ficedula_hypoleuca_ott22300,Intercept]",1.00002472550283,17104.4186163008,10725.7025392602
"r_species.id.phy[Ficedula_albicollis_ott107840,Intercept]",1.00012548610485,17052.6805984318,10580.9587133036
"r_species.id.phy[Turdus_migratorius_migratorius_ott168085,Intercept]",1.0004013230748,17003.8536592908,10964.8858205956
"r_species.id.phy[Sialia_currucoides_ott431648,Intercept]",1.00038952145242,17060.9636880709,11279.2581046257
"r_species.id.phy[Sturnus_vulgaris_ott565813,Intercept]",1.00016277724807,17055.253296394,10706.2173832066
"r_species.id.phy[Thryothorus_ludovicianus_ott1036137,Intercept]",1.00001934569296,17095.0802528418,10789.1198709458
"r_species.id.phy[Hirundo_rustica_rustica_ott628817,Intercept]",0.999986059206716,17109.1926657235,11407.5022580028
"r_species.id.phy[Tachycineta_bicolor_ott136028,Intercept]",0.999941032839002,17085.9669910575,11164.9949846058
"r_species.id.phy[Aegithalos_glaucogularis_vinaceus_ott5560982,Intercept]",0.99999177749989,17057.3831775294,11420.1719442434
"r_species.id.phy[Garrulax_elliotii_elliotii_ott632991,Intercept]",0.999935972050016,17402.4298026552,11406.8016695119
"r_species.id.phy[Garrulax_davidi_davidi_ott632992,Intercept]",0.999986020318892,17344.3876680701,11537.3174076923
"r_species.id.phy[Parus_major_kapustini_ott84656,Intercept]",1.00001602725492,17545.062481826,11227.6242270729
"r_species.id.phy[Cyanistes_caeruleus_caeruleus_ott744585,Intercept]",0.999995295099931,17487.4355529979,11224.2394428594
"r_species.id.phy[Locustella_ochotensis_ott326781,Intercept]",1.00002139351558,17856.0565275023,11545.5898026854
"r_species.id.phy[Lanius_collurioides_ott105682,Intercept]",0.99992190217403,17291.310018149,11355.9531168603
"r_species.id.phy[Lanius_collurio_collurio_ott11462,Intercept]",0.99991693792099,17250.9139252828,11563.1413842747
"r_species.id.phy[Pyrrhocorax_graculus_ott140440,Intercept]",0.999927521896384,17154.8238466526,11781.9659998174
"r_species.id.phy[Gymnorhinus_cyanocephalus_ott979211,Intercept]",0.999948602839106,17129.7008132089,11711.3208035249
"r_species.id.phy[Poephila_acuticauda_acuticauda_ott844234,Intercept]",1.00003725076668,17101.9840163923,11018.7645273297
"r_species.id.phy[Taeniopygia_guttata_ott708327,Intercept]",1.00009611824206,17252.4759185377,11243.5170406544
"r_species.id.phy[Furnarius_rufus_ott799151,Intercept]",0.999934854774161,18402.6476459184,11990.1863029762
"r_species.id.phy[Falco_sparverius_sparverius_ott775460,Intercept]",1.00028268639603,17150.7159417037,11810.7704616123
"r_species.id.phy[Falco_peregrinus_japonensis_ott773044,Intercept]",1.00042042820406,17168.6040210666,11196.1937082354
"r_species.id.phy[Falco_columbarius_columbarius_ott928167,Intercept]",1.00045333651262,17105.1686623419,11125.6659730011
"r_species.id.phy[Falco_berigora_ott877343,Intercept]",1.00037336060908,17376.5750926546,11162.0002474506
"r_species.id.phy[Falco_cenchroides_cenchroides_ott432111,Intercept]",1.00050134125599,17088.6176810889,11229.6098094535
"r_species.id.phy[Merops_apiaster_ott755107,Intercept]",1.00005748039396,17795.4034693741,11662.1798727317
"r_species.id.phy[Eumomota_superciliosa_ott1079770,Intercept]",1.0001913177962,17671.6811557116,11217.3901437801
"r_species.id.phy[Coracias_garrulus_ott372551,Intercept]",0.999986029532304,17706.2600377097,11291.7984868154
"r_species.id.phy[Athene_cunicularia_cunicularia_ott649947,Intercept]",1.0000378485007,17723.4154742948,11550.1953358804
"r_species.id.phy[Tyto_alba_alba_ott224923,Intercept]",0.999932953640275,17913.3319773335,11424.9737912722
"r_species.id.phy[Calidris_pusilla_ott1092981,Intercept]",1.00001659683348,16880.0849347627,11846.8096702924
"r_species.id.phy[Calidris_mauri_ott234671,Intercept]",0.999942727751448,17051.2910270692,11811.8065400499
"r_species.id.phy[Limosa_limosa_islandica_ott279299,Intercept]",1.00003231798136,17013.0828821091,11696.8691476383
"r_species.id.phy[Larus_michahellis_michahellis_ott425206,Intercept]",0.999964800745946,17125.8280015645,11084.08414316
"r_species.id.phy[Chroicocephalus_ridibundus_ridibundus_ott4947414,Intercept]",0.999992200820776,17483.0520560875,10831.0135055255
"r_species.id.phy[Sterna_paradisaea_ott809006,Intercept]",0.999996463627662,17299.3689972297,11158.4739008395
"r_species.id.phy[Sterna_hirundo_hirundo_ott5560401,Intercept]",1.00003399493402,17310.0992973517,11206.3099513924
"r_species.id.phy[Chlidonias_hybridus_ott915886,Intercept]",0.999983044851501,17039.3179409866,10593.7143792362
"r_species.id.phy[Chlidonias_niger_ott234666,Intercept]",0.999945235688489,17232.7016044532,11063.955908279
"r_species.id.phy[Rissa_tridactyla_ott585161,Intercept]",0.999946674034289,16951.6457889065,10256.881930664
"r_species.id.phy[Anous_stolidus_ott915882,Intercept]",0.999957034629674,17683.9848102758,11692.8678605913
"r_species.id.phy[Charadrius_dubius_ott274628,Intercept]",0.999932189534123,17495.4241395304,11146.6544015169
"r_species.id.phy[Cepphus_grylle_grylle_ott544140,Intercept]",1.00047873823994,17307.3642846312,10928.3308655038
"r_species.id.phy[Fratercula_arctica_grabae_ott5560393,Intercept]",1.0003620713259,17061.4552165317,10952.5948146872
"r_species.id.phy[Aethia_pusilla_ott855484,Intercept]",1.0003735926638,17258.2241613201,11518.9726785568
"r_species.id.phy[Alca_torda_ott855485,Intercept]",1.00047055823521,17193.5051790913,11568.0447439659
"r_species.id.phy[Stercorarius_skua_ott742633,Intercept]",0.999936095638199,17533.014363408,11245.0467868544
"r_species.id.phy[Stercorarius_parasiticus_ott742640,Intercept]",0.999994120663074,17378.8157471102,11529.1753711169
"r_species.id.phy[Mycteria_leucocephala_ott848605,Intercept]",1.00013244786381,17852.0651125937,10533.2221563586
"r_species.id.phy[Puffinus_pacificus_ott471653,Intercept]",1.00017020377387,17732.1293550467,11425.2724021171
"r_species.id.phy[Puffinus_yelkouan_ott471651,Intercept]",1.00015085321165,17746.5671491468,11639.7519708472
"r_species.id.phy[Puffinus_tenuirostris_ott471652,Intercept]",1.00014167998163,17584.7344086563,11462.5346980074
"r_species.id.phy[Calonectris_borealis_ott3595600,Intercept]",1.00012071290287,17844.0512249504,11506.8474617888
"r_species.id.phy[Hydrobates_melitensis_ott3595637,Intercept]",1.00020548007066,17530.7632725009,10997.414103501
"r_species.id.phy[Spheniscus_magellanicus_ott429622,Intercept]",1.00012703522173,17730.2008566391,11435.5988802685
"r_species.id.phy[Pygoscelis_adeliae_ott494357,Intercept]",1.00010453932235,17704.0880612276,11229.8109112377
"r_species.id.phy[Aptenodytes_patagonicus_ott494361,Intercept]",1.00008611419197,17684.3956713638,11397.3635255315
"r_species.id.phy[Columba_livia_ott938416,Intercept]",1.00019352026964,18909.7781001894,11402.096654931
"r_species.id.phy[Zenaida_aurita_ott873995,Intercept]",1.00021026821004,18850.1045546034,11546.2048429399
"r_species.id.phy[Phaethon_rubricauda_ott509057,Intercept]",1.00015807064306,18987.5625066611,10820.2212572445
"r_species.id.phy[Anas_platyrhynchos_platyrhynchos_ott190881,Intercept]",1.00000284031366,17834.249299927,11347.3090144262
"r_species.id.phy[Branta_bernicla_nigricans_ott799107,Intercept]",1.00004839800389,17514.5169707573,11269.1010222092
"r_species.id.phy[Cygnus_olor_ott140314,Intercept]",1.00007865738287,17485.0177723485,11469.7928670715
"r_species.id.phy[Thamnophis_sirtalis_parietalis_ott505604,Intercept]",1.00014322940505,17593.9083955891,10825.6205695221
"r_species.id.phy[Anolis_limifrons_ott245842,Intercept]",1.00009517019676,17790.3136661697,10943.2149107818
"r_species.id.phy[Chamaeleo_chamaeleon_recticrista_ott113623,Intercept]",1.00013979716811,17771.2323699216,11354.2784374029
"r_species.id.phy[Podarcis_muralis_maculiventris_ott906140,Intercept]",1.00017554865251,17899.0171611506,10856.3089087904
"r_species.id.phy[Lacerta_agilis_agilis_ott188787,Intercept]",1.00029731303984,17945.9239474094,11529.9309848288
"r_species.id.phy[Zootoca_vivipara_carniolica_ott839775,Intercept]",1.00021655142131,17883.1295725527,10510.9112989903
"r_species.id.phy[Duttaphrynus_melanostictus_ott962265,Intercept]",1.00018564069868,14809.9931623222,10693.9691754942
"r_species.id.phy[Bufo_japonicus_japonicus_ott4133422,Intercept]",1.00019673093708,15172.0248075125,10405.3775816767
"r_species.id.phy[Bufo_stejnegeri_ott563550,Intercept]",1.00026872478396,15130.0650804067,10377.5182196572
"r_species.id.phy[Bufo_gargarizans_miyakonis_ott857965,Intercept]",1.00016247035613,14833.8339442594,9930.06749705339
"r_species.id.phy[Bufo_gargarizans_andrewsi_ott138156,Intercept]",1.00007941548848,14881.7132599402,9914.04380394914
"r_species.id.phy[Bufo_bufo_ott889350,Intercept]",1.00010624130534,15167.4211429557,10582.5242989386
"r_species.id.phy[Bufo_minshanicus_ott3619694,Intercept]",1.0002801403721,15203.9948641607,10805.2393722505
"r_species.id.phy[Epidalea_calamita_ott436364,Intercept]",1.00008004100317,15284.951509178,11678.9307011844
"r_species.id.phy[Anaxyrus_americanus_charlesmithi_ott738656,Intercept]",1.00009517246495,15869.1625032064,11413.9881347757
"r_species.id.phy[Anaxyrus_woodhousii_ott355919,Intercept]",1.00000531492873,15845.5241552758,11556.5655703044
"r_species.id.phy[Anaxyrus_terrestris_ott931329,Intercept]",0.999963927083329,15932.7083289668,11219.5876648583
"r_species.id.phy[Anaxyrus_fowleri_ott635213,Intercept]",0.999967563958532,15888.3316135723,11065.880812349
"r_species.id.phy[Anaxyrus_cognatus_ott436344,Intercept]",1.00008840879914,15947.1798819056,11170.7687972977
"r_species.id.phy[Anaxyrus_quercicus_ott931345,Intercept]",0.999919550341057,15900.0572400533,11421.220672105
"r_species.id.phy[Anaxyrus_boreas_boreas_ott205884,Intercept]",1.00007714587922,16059.8964333358,11209.8966846874
"r_species.id.phy[Incilius_valliceps_ott937819,Intercept]",0.999989962585567,15787.2478268086,11410.3583824168
"r_species.id.phy[Incilius_periglenes_ott4133413,Intercept]",1.00002291327027,15767.5546188043,11397.6680871309
"r_species.id.phy[Rhinella_arenarum_ott522417,Intercept]",1.00019628103822,16224.8931659205,10419.4513228945
"r_species.id.phy[Rhinella_marina_ott889340,Intercept]",1.00023389855343,16171.2811206929,10750.6329905968
"r_species.id.phy[Espadarana_prosoblepon_ott226407,Intercept]",1.00003792219577,16406.7243724293,11206.330251416
"r_species.id.phy[Engystomops_pustulatus_ott262685,Intercept]",1.00006793643909,16541.9385457513,10596.3953155354
"r_species.id.phy[Physalaemus_enesefae_ott262673,Intercept]",1.00003308365291,16464.1681948309,10648.389383886
"r_species.id.phy[Ceratophrys_stolzmanni_ott3620341,Intercept]",1.00000615740566,16978.5876351404,11050.1176882491
"r_species.id.phy[Hyla_chrysoscelis_ott1050749,Intercept]",1.00026073962608,17016.0309502806,11274.1705080367
"r_species.id.phy[Hyla_versicolor_ott386095,Intercept]",1.00017512703236,17018.3548739183,11867.0611909665
"r_species.id.phy[Hyla_cinerea_ott1062211,Intercept]",1.00030582630813,17086.8526104961,11838.9650622787
"r_species.id.phy[Hyla_arborea_ott677266,Intercept]",1.00042726475931,17073.1265515942,11306.7819657454
"r_species.id.phy[Triprion_petasatus_ott238783,Intercept]",1.00067939875452,17185.6255598275,11535.4995943897
"r_species.id.phy[Pseudacris_crucifer_crucifer_ott897528,Intercept]",1.00040525973313,17310.9695943886,11607.4351358331
"r_species.id.phy[Trachycephalus_typhonius_A_ott331403,Intercept]",1.00035779080988,16886.6869768374,11804.9879392117
"r_species.id.phy[Dendropsophus_elegans_ott108403,Intercept]",1.0004271856698,17324.2703733885,11662.3185997525
"r_species.id.phy[Dendropsophus_marmoratus_ott108390,Intercept]",1.000507153367,17255.7898897781,11600.5871902788
"r_species.id.phy[Scinax_ruber_ott717608,Intercept]",1.0002490966089,17120.2000148326,11896.4423121833
"r_species.id.phy[Scinax_centralis_ott3619799,Intercept]",1.00038049051765,17147.2920606772,11908.9355649988
"r_species.id.phy[Phyllomedusa_iheringii_ott979521,Intercept]",1.00062873081701,17488.4750940663,11479.9558838105
"r_species.id.phy[Phyllomedusa_rohdei_ott364552,Intercept]",1.0008757643235,17361.439460702,11725.0935302883
"r_species.id.phy[Agalychnis_moreletii_ott375954,Intercept]",1.00051729152854,17384.5158360138,11684.5287651051
"r_species.id.phy[Agalychnis_callidryas_ott9483,Intercept]",1.00058288859919,17486.9488476878,11557.6911727088
"r_species.id.phy[Uperoleia_rugosa_ott940198,Intercept]",1.00005630760388,13757.4878683613,8793.39641390517
"r_species.id.phy[Rana_kukunoris_ott691289,Intercept]",1.00021338562492,16143.9837641077,10913.0272776773
"r_species.id.phy[Rana_chensinensis_ott595205,Intercept]",1.00024432196788,16041.3353253129,10829.7167473834
"r_species.id.phy[Rana_temporaria_temporaria_ott979590,Intercept]",1.00021330289896,16235.2621273335,10804.139923181
"r_species.id.phy[Rana_dalmatina_ott886093,Intercept]",1.00013213090582,16274.7778902167,10980.9213510361
"r_species.id.phy[Rana_sylvatica_ott4133610,Intercept]",1.00023278516893,16074.4611936145,11522.7205779565
"r_species.id.phy[Polypedates_megacephalus_--Xizang--_ott638701,Intercept]",1.00025842811147,16480.8167037008,11386.1965620147
"r_species.id.phy[Nanorana_parkeri_ott899043,Intercept]",1.00021096687846,16948.5442792389,10809.5692642485
"r_species.id.phy[Hyperolius_marmoratus_ott441372,Intercept]",1.00043380406162,16633.203989469,10782.6257116728
"r_species.id.phy[Pelobates_cultripes_ott703772,Intercept]",1.00031618784841,17614.0925654288,10708.6751332501
"r_species.id.phy[Pelobates_syriacus_balcanicus_ott47787,Intercept]",1.00032274982117,17508.827763846,10926.5491316117
"r_species.id.phy[Spea_bombifrons_ott1026954,Intercept]",1.00009863870483,17537.6627602092,10861.3314227338
"r_species.id.phy[Spea_multiplicata_ott1013104,Intercept]",1.00013139736885,17570.2398876427,10785.0315377478
"r_species.id.phy[Scaphiopus_couchii_ott77494,Intercept]",1.00000490669468,17590.8962947467,10955.6270566695
"r_species.id.phy[Alytes_obstetricans_obstetricans_ott233453,Intercept]",1.00015242289088,18061.0854590512,10076.6800860104
"r_species.id.phy[Alytes_cisternasii_ott385874,Intercept]",1.00009902934589,17784.5861340976,10040.883167632
"r_species.id.phy[Taricha_granulosa_ott1041788,Intercept]",1.00000294493457,18441.7772816042,10778.9115904736
"r_species.id.phy[Eretmodus_cyanostictus_ott102583,Intercept]",1.00010136253541,15585.1400708941,10621.0244672857
"r_species.id.phy[Neolamprologus_pulcher_--Daffodil--_ott311695,Intercept]",1.00024091837972,15559.3815826385,11139.0579533135
"r_species.id.phy[Julidochromis_ornatus_ott97293,Intercept]",1.00004042215674,15556.639826529,11268.3309521104
"r_species.id.phy[Tilapia_pra_ott3635733,Intercept]",1.00009783739454,15745.6359072788,10954.9284671576
"r_species.id.phy[Amphilophus_citrinellus_ott358037,Intercept]",1.00032258773906,14437.0159396769,10538.9962638086
"r_species.id.phy[Amatitlania_nigrofasciata_ott170115,Intercept]",1.00028302442702,14523.9115115128,10705.2030819388
"r_species.id.phy[Amatitlania_siquia_ott4135111,Intercept]",1.00018178780505,14570.0802823371,10651.7653552461
"r_species.id.phy[Krobia_sp_Smith2008_ott684090,Intercept]",1.00030286137596,13889.0716861118,10033.5623985688
"r_species.id.phy[Krobia_sp_Xingu_ott687201,Intercept]",1.00034780731039,13938.4551041251,10483.9230286015
"r_species.id.phy[Hypsophrys_nematopus_ott416862,Intercept]",1.00028482829671,14260.9004682711,9778.31524454344
"r_species.id.phy[Hypsophrys_nicaraguensis_ott221911,Intercept]",1.0002735311391,14168.9726500123,9979.48408239313
"r_species.id.phy[Ophioblennius_atlanticus_ott282319,Intercept]",1.00013602659809,15208.4369289748,9888.76803096309
"r_species.id.phy[Amphiprion_perideraion_ott674640,Intercept]",1.00012979759555,15234.4956452583,10764.6409873626
"r_species.id.phy[Amphiprion_frenatus_ott674634,Intercept]",1.00011054382915,15622.6415944966,10255.5594214851
"r_species.id.phy[Amphiprion_clarkii_ott674637,Intercept]",1.0000633074011,15010.3252780969,10247.1121585874
"r_species.id.phy[Valenciennea_muralis_ott286315,Intercept]",1.00059918972228,14472.4583944427,9809.17509443685
"r_species.id.phy[Valenciennea_strigata_ott819087,Intercept]",1.00048124208161,14608.272987616,9930.46118628269
"r_species.id.phy[Pomatoschistus_minutus_ott1048873,Intercept]",1.00031652992808,14308.9952198445,9963.98691713101
"r_species.id.phy[Sphaeramia_nematoptera_ott799234,Intercept]",1.00045183025125,14417.8371587811,9635.17427680956
"r_species.id.phy[Pterapogon_kauderni_ott105932,Intercept]",1.0004949538056,14175.2097734296,9778.4989861599
"r_species.id.phy[Serranus_tortugarum_ott511782,Intercept]",0.999974058077614,16964.8980034298,11573.6960247121
"r_species.id.phy[Gasterosteus_aculeatus_aculeatus_ott111122,Intercept]",0.999972041583357,16977.5296101441,11398.4311665851
"r_species.id.phy[Thysanophrys_celebica_ott391531,Intercept]",0.999964127534922,17022.925897208,11661.9061322621
"r_species.id.phy[Oxymonacanthus_longirostris_ott333706,Intercept]",0.999964451135058,17212.7011705745,11035.1516065568
"r_species.id.phy[Siganus_unimaculatus_ott190873,Intercept]",0.999963438042394,17083.7240194908,11144.7980788954
"r_species.id.phy[Chaetodon_lunulatus_ott1044083,Intercept]",0.999994691258914,17317.3556352253,11632.0293585891
"r_species.id.phy[Chaetodon_melannotus_ott955781,Intercept]",1.00001191897483,17419.3745919567,11676.541302452
"r_species.id.phy[Acanthurus_leucosternon_ott388125,Intercept]",1.00017050245486,17017.8990602421,11314.8926573821
"r_species.id.phy[Acanthurus_nigrofuscus_ott605289,Intercept]",1.00019520500944,17150.8107297261,11097.228781605
"r_species.id.phy[Acanthurus_nigricans_ott467313,Intercept]",1.00017984287327,17083.077092615,11406.5387367773
"r_species.id.phy[Zebrasoma_scopas_ott199073,Intercept]",1.00006951664773,17165.1436846584,11116.9635850654
"r_species.id.phy[Syngnathus_scovelli_ott251400,Intercept]",1.00012039249342,16352.2773143888,10943.766768264
"r_species.id.phy[Syngnathus_typhle_ott251396,Intercept]",0.999944365561284,16455.3561018299,10593.16694208
"r_species.id.phy[Syngnathus_floridae_ott774435,Intercept]",1.00008384909562,16422.724005835,10823.0780796027
"r_species.id.phy[Hippocampus_whitei_ott57111,Intercept]",1.00004374663394,17034.8295600907,11181.1835908744
"r_species.id.phy[Hippocampus_subelongatus_ott57117,Intercept]",1.00002609130881,17033.6457250459,10943.6053767943
"r_species.id.phy[Salvelinus_leucomaenis_leucomaenis_ott133272,Intercept]",0.999963354930385,18523.1601083586,11520.0919513455
"r_species.id.phy[Salvelinus_confluentus_ott688321,Intercept]",1.00009881448408,18626.1568344328,12013.0468134007
"r_species.id.phy[Salmo_trutta_oxianus_ott79094,Intercept]",1.00009598544066,18628.1009400525,11759.1663665229
"r_species.id.phy[Drosophila_buzzatii_ott607957,Intercept]",1.00058224786466,15949.2556068829,10896.0057065582
"r_species.id.phy[Drosophila_melanogaster_ott505714,Intercept]",1.00048085633097,16134.5073701713,11154.639683457
"r_species.id.phy[Drosophila_malerkotliana_malerkotliana_ott848708,Intercept]",1.00054440756306,16053.1150794979,11284.7792327803
"r_species.id.phy[Drosophila_pseudoobscura_pseudoobscura_ott820906,Intercept]",1.00034352136585,16088.0979935798,11128.2218852323
"r_species.id.phy[Phorticella_flavipennis_ott4420733,Intercept]",1.00070146981298,16213.2043980084,11053.7106278449
"r_species.id.phy[Scathophaga_stercoraria_ott557400,Intercept]",1.00042507413863,16325.7875015267,11330.1152795936
"r_species.id.phy[Dryomyza_anilis_ott130145,Intercept]",1.00037110699148,16551.240328652,11616.8690974655
"r_species.id.phy[Plecia_nearctica_ott4497145,Intercept]",1.0005102832557,16303.9143644909,11338.4023106934
"r_species.id.phy[Anopheles_gambiae_S_ott553555,Intercept]",1.00040660253653,17095.5444043824,11244.4146219912
"r_species.id.phy[Danaus_plexippus_plexippus_ott532411,Intercept]",0.999956452460439,16877.3692985578,11544.6282669611
"r_species.id.phy[Heliconius_melpomene_melpomene_ott372028,Intercept]",0.999936059580478,16868.7372337129,11607.12370228
"r_species.id.phy[Heliconius_charithonia_ott259142,Intercept]",0.999960114305843,16837.720233731,11424.5431435056
"r_species.id.phy[Cyclargus_thomasi_bethunebakeri_ott349949,Intercept]",0.999950432364001,16775.9040139588,11557.3053542784
"r_species.id.phy[Colias_eurytheme_ott940001,Intercept]",1.00010267308984,16782.7624445956,11877.2324742501
"r_species.id.phy[Eurema_hecabe_hecabe_ott5266867,Intercept]",1.00003414829061,16801.50490731,11650.4006088083
"r_species.id.phy[Mystacides_azureus_ott816747,Intercept]",1.000046587062,16727.323386548,11280.3103057936
"r_species.id.phy[Athripsodes_cinereus_ott190993,Intercept]",1.0000264513849,16809.7218008517,11582.8012344811
"r_species.id.phy[Necrophila_americana_ott422617,Intercept]",1.00026703489979,10207.9255632358,7494.5516410471
"r_species.id.phy[Diabrotica_virgifera_virgifera_ott670133,Intercept]",1.00002489308757,17274.6157642099,11286.4294605116
"r_species.id.phy[Trirhabda_canadensis_ott125833,Intercept]",0.999954595769101,17182.6058377687,11324.1983903587
"r_species.id.phy[Trirhabda_eriodictyonis_ott276072,Intercept]",0.999954347279737,17129.9934291958,11379.2754675656
"r_species.id.phy[Chrysolina_aurichalcea_ott368836,Intercept]",0.999920717625297,17320.6115864668,11779.1843024605
"r_species.id.phy[Phoracantha_semipunctata_ott87035,Intercept]",0.999967685943965,17269.277121318,11330.7663960905
"r_species.id.phy[Tetraopes_tetrophthalmus_ott1016808,Intercept]",0.999950015777911,17298.6953785939,11137.5064293012
"r_species.id.phy[Onymacris_bicolor_ott4618928,Intercept]",0.999959149043277,16819.9713731646,11158.0614171908
"r_species.id.phy[Lytta_vulnerata_ott3356957,Intercept]",0.99994297000195,16025.2980113938,10041.3774248026
"r_species.id.phy[Lytta_magister_ott3356974,Intercept]",0.999933151872121,16125.3000333404,10410.6258034574
"r_species.id.phy[Tegrodera_aloga_ott3357034,Intercept]",1.00000485979589,16849.7722397319,10004.9093714046
"r_species.id.phy[Tegrodera_erosa_ott3357044,Intercept]",0.999900656897458,16938.3249814301,10399.4366152525
"r_species.id.phy[Epicauta_pensylvanica_ott926635,Intercept]",0.999977269538737,16406.8113789477,10274.6805032659
"r_species.id.phy[Epicauta_ochrea_ott3356895,Intercept]",0.999940146492857,16423.1518636244,10206.2054758033
"r_species.id.phy[Phanaeus_difformis_ott3332070,Intercept]",0.999940101892257,16984.7102502451,9763.19512091522
"r_species.id.phy[Phyllobius_maculicornis_ott3411280,Intercept]",1.00033677567324,17939.4338029378,11574.4229409303
"r_species.id.phy[Diaprepes_abbreviatus_ott713695,Intercept]",1.00037831852235,17906.9560844943,11339.8386840778
"r_species.id.phy[Sitophilus_zeamais_ott865238,Intercept]",1.00029011053058,17595.0364008717,11188.8925076243
"r_species.id.phy[Ips_pini_ott1084161,Intercept]",1.00023982239413,17842.0277262206,11874.76340842
"r_species.id.phy[Phloeosinus_armatus_ott3409670,Intercept]",1.00018647337849,18000.9002647008,11561.391091599
"r_species.id.phy[Dendroctonus_ponderosae_ott1017374,Intercept]",1.00018163660299,17784.9268674564,11857.5484202283
"r_species.id.phy[Calodromus_ito_ott4606589,Intercept]",1.00027562796451,17846.3030123939,12142.4267995525
"r_species.id.phy[Chauliognathus_werneri_ott3413957,Intercept]",1.00002395165256,17196.0210411118,11303.0233768651
"r_species.id.phy[Chauliognathus_basalis_ott3413950,Intercept]",1.0001047062992,16846.8660481171,11260.5078863284
"r_species.id.phy[Chauliognathus_arizonensis_ott3413984,Intercept]",1.00021146201576,16815.8392452738,11393.9070233431
"r_species.id.phy[Chauliognathus_obscurus_ott3413960,Intercept]",0.999998104625007,17241.4277167002,11528.8940490409
"r_species.id.phy[Chauliognathus_limbicollis_ott3413962,Intercept]",1.00033439403215,17031.1614585938,10694.8477969593
"r_species.id.phy[Chauliognathus_pennsylvanicus_ott536547,Intercept]",1.00008652284183,16868.9717957841,11139.3846831806
"r_species.id.phy[Chauliognathus_lewisi_ott3413978,Intercept]",1.00017165823345,17025.743926792,10831.284025534
"r_species.id.phy[Chauliognathus_deceptus_ott3413977,Intercept]",1.00021262250847,16908.2415171755,11121.5041531454
"r_species.id.phy[Chauliognathus_scutellaris_ott3413954,Intercept]",0.999973473774264,16745.8415881379,11179.6020692119
"r_species.id.phy[Cicindela_marutha_ott766400,Intercept]",0.999991311927471,17593.1602840818,10502.4337315323
"r_species.id.phy[Brachinus_lateralis_ott3422831,Intercept]",1.00005041344263,17552.1573780382,10272.4060028536
"r_species.id.phy[Copidosoma_bakeri_ott3314851,Intercept]",0.999892981534828,18506.0900483924,11529.9359616769
"r_species.id.phy[Phymata_americana_ott3475650,Intercept]",1.00002699886858,16090.7267584902,11107.5306528904
"r_species.id.phy[Phymata_fasciata_ott3475652,Intercept]",1.00003360179056,16029.0863868223,10728.6515575776
"r_species.id.phy[Phymata_salicis_ott3475649,Intercept]",0.999993478854438,16056.4441199128,11334.8660378838
"r_species.id.phy[Neacoryphus_bicrucis_ott3470406,Intercept]",0.9999729982881,16197.2418598228,11081.9822492025
"r_species.id.phy[Gerris_lacustris_ott543700,Intercept]",1.00001364100665,16467.8554890777,10704.114063883
"r_species.id.phy[Gerris_odontogaster_ott494591,Intercept]",1.0000498973803,16417.1975405062,10935.411113292
"r_species.id.phy[Gerris_buenoi_ott706417,Intercept]",1.00013394886407,16579.0438421185,11107.7166052127
"r_species.id.phy[Gerris_lateralis_ott782398,Intercept]",1.00000405140528,16659.8173578642,11442.8774719886
"r_species.id.phy[Gerris_gracilicornis_ott890302,Intercept]",0.999983535940747,16563.2337842713,10648.7798344418
"r_species.id.phy[Gerris_comatus_ott859177,Intercept]",1.00008703202646,16478.6611474839,10891.6783551743
"r_species.id.phy[Aquarius_remigis_ott436657,Intercept]",1.00001606728137,16531.2824940623,10701.4388587211
"r_species.id.phy[Halobates_robustus_ott219408,Intercept]",1.00005805394034,16899.6018611604,10742.3596309973
"r_species.id.phy[Microvelia_longipes_ott5225100,Intercept]",1.00002655045337,16060.8932205553,9401.74017599666
"r_species.id.phy[Magicicada_cassini_ott435888,Intercept]",1.00016713204146,16584.8916395169,11750.2338211976
"r_species.id.phy[Magicicada_septendecim_ott427477,Intercept]",1.00012691054726,16633.5267333684,11842.4146928429
"r_species.id.phy[Elaphrothrips_tuberculatus_ott788825,Intercept]",0.999850640941703,16856.5026160365,11236.8203361861
"r_species.id.phy[Micrarchus_hystriculeus_ott649254,Intercept]",1.00009716250141,19061.0550452019,10631.9280140358
"r_species.id.phy[Deinacrida_rugosa_ott3493058,Intercept]",1.00017709395511,18897.3517526173,10794.1461678395
"r_species.id.phy[Calopteryx_splendens_ancilla_ott841780,Intercept]",0.999900350180174,18501.9799269332,11398.5561220405
"r_species.id.phy[Calopteryx_virgo_meridionalis_ott48548,Intercept]",0.999960988280472,18463.2023448819,11160.4284131062
"r_species.id.phy[Uca_mjoebergi_ott825298,Intercept]",0.999987950266305,16145.8357835757,10925.3900072412
"r_species.id.phy[Uca_lactea_lactea_ott651108,Intercept]",0.999977288444034,16265.8491095398,11347.6716317754
"r_species.id.phy[Uca_rapax_ott197166,Intercept]",1.00000372798828,16472.5372176597,11543.5078518327
"r_species.id.phy[Uca_pugilator_ott757104,Intercept]",1.0000193034204,16382.4366340972,11220.1503600286
"r_species.id.phy[Uca_uruguayensis_ott418019,Intercept]",1.00004730636063,16463.3047639602,11225.0643734273
"r_species.id.phy[Uca_capricornis_ott2981580,Intercept]",1.00006203004855,16607.6073140711,11439.5175068854
"r_species.id.phy[Ilyograpsus_nodulosus_ott4666517,Intercept]",0.999982668427128,16147.3914477838,11095.4417649568
"r_species.id.phy[Planes_major_ott2981529,Intercept]",0.99995344593444,16653.6893399692,11517.521044794
"r_species.id.phy[Tunicotheres_moseri_ott11840,Intercept]",1.00001911444365,16612.1062222971,11047.6837120664
"r_species.id.phy[Trapezia_bidentata_ott787242,Intercept]",0.9999895296852,17068.0853264023,11740.5986288332
"r_species.id.phy[Scylla_olivacea_ott1084538,Intercept]",1.00040704415003,17080.7027992136,11432.1127671215
"r_species.id.phy[Scylla_paramamosain_ott1084541,Intercept]",1.00038436024122,17174.3100868209,11286.8440683777
"r_species.id.phy[Scylla_tranquebarica_ott1084544,Intercept]",1.00027750934836,17055.0908686822,11543.6282774729
"r_species.id.phy[Chionoecetes_opilio_ott604254,Intercept]",1.0003918169971,16526.7826115821,11158.7670898635
"r_species.id.phy[Inachus_phalangium_ott2979756,Intercept]",1.00041288541619,16647.698330065,11059.1483146036
"r_species.id.phy[Homarus_gammarus_ott28244,Intercept]",1.00034938550993,17712.1422166506,11189.5079263106
"r_species.id.phy[Pachycheles_rudis_ott1027301,Intercept]",1.00008160584083,14796.0174103109,9746.52331536012
"r_species.id.phy[Paguritta_harmsi_ott2975403,Intercept]",1.00006895289889,15419.0411375653,9894.73330207972
"r_species.id.phy[Diogenes_nitidimanus_ott5089777,Intercept]",1.00010738152094,15370.1383282719,9811.33874375218
"r_species.id.phy[Alpheus_brasileiro_ott1028047,Intercept]",1.00004193563227,15087.5463172833,10209.7087907525
"r_species.id.phy[Alpheus_heterochaelis_ott307247,Intercept]",1.00003366058694,14985.008934888,9851.64320568636
"r_species.id.phy[Pontonia_mexicana_ott1068125,Intercept]",1.00002096140834,16031.9623516978,10703.5076767235
"r_species.id.phy[Ascidonia_flavomaculata_ott4665759,Intercept]",1.00002916435736,16153.007605027,11058.719743686
"r_species.id.phy[Paranchistus_pycnodontae_ott5090016,Intercept]",1.00003595903411,15968.2534729928,10766.101759078
"r_species.id.phy[Gammarus_duebeni_duebeni_ott184777,Intercept]",1.00010363900726,16027.4914506307,10370.7020301725
"r_species.id.phy[Gammarus_zaddachi_ott232763,Intercept]",1.00004095521729,15899.7727742877,10536.9954219742
"r_species.id.phy[Gammarus_fasciatus_ott585520,Intercept]",1.00003073342311,15607.6095448511,10102.6531506969
"r_species.id.phy[Gammarus_leopoliensis_ott944476,Intercept]",1.000073405272,14915.4099500728,9603.30308612328
"r_species.id.phy[Gammarus_locusta_ott846200,Intercept]",1.00008143085086,14609.6700350408,10074.155497711
"r_species.id.phy[Gammarus_insensibilis_ott2982554,Intercept]",0.999989772050977,15984.943713638,10796.6443354413
"r_species.id.phy[Gammarus_aequicauda_ott604840,Intercept]",1.00011084751319,15934.0915304927,10597.1866802162
"r_species.id.phy[Gammarus_lacustris_ott596813,Intercept]",1.00007254490178,15923.4049562485,11057.2179686388
"r_species.id.phy[Gammarus_fossarum_ott596815,Intercept]",1.00005894789164,15929.9138164996,10613.2279776342
"r_species.id.phy[Gammarus_pulex_gallicus_ott1024016,Intercept]",1.00006275016703,16055.1180930129,11048.2534318261
"r_species.id.phy[Dikerogammarus_villosus_ott735765,Intercept]",1.00005073327824,15869.5967573025,10384.1204210381
"r_species.id.phy[Echinogammarus_margalefi_ott2982674,Intercept]",1.00003320035173,16410.7326167321,10907.4447336262
"r_species.id.phy[Jesogammarus_suwaensis_ott716982,Intercept]",1.00013249993555,16610.1084690139,11224.474064864
"r_species.id.phy[Eogammarus_oclairi_ott38845,Intercept]",1.00009437885726,16545.3075439531,10961.2013414649
"r_species.id.phy[Hyalella_castroi_ott2983743,Intercept]",1.00006287588294,15217.6527619653,10031.1306106517
"r_species.id.phy[Hyalella_longistilus_ott2983719,Intercept]",1.00011655605594,13779.2425178413,9407.88323547355
"r_species.id.phy[Hyalella_pleoacuta_ott2983724,Intercept]",1.00012478485389,14853.8947160255,10097.6589528881
"r_species.id.phy[Hyalella_azteca_ott648347,Intercept]",1.00004517424601,15157.0600353776,10027.0700784897
"r_species.id.phy[Paracalliope_fluviatilis_ott17810,Intercept]",1.00011691766625,16866.7027105074,10841.1313060886
"r_species.id.phy[Caprella_penantis_ott1062,Intercept]",0.999990779997722,16700.4056039629,11474.6784480421
"r_species.id.phy[Jaera_albifrons_ott907479,Intercept]",1.00002062701189,17218.5464256835,11442.6922315157
"r_species.id.phy[Jaera_ischiosetosa_ott2999326,Intercept]",1.00000213182098,17264.2529430643,11311.7624849629
"r_species.id.phy[Jaera_nordmanni_ott619333,Intercept]",1.00000451160695,17123.0611548396,11271.3313427662
"r_species.id.phy[Jaera_istri_ott2999332,Intercept]",0.99999742910706,17334.6494608453,11140.6724828506
"r_species.id.phy[Jaera_italica_ott2999323,Intercept]",0.99998061821524,17357.9404364321,11311.9809249116
"r_species.id.phy[Asellus_aquaticus_ott335971,Intercept]",1.00004758638165,17164.820522067,10909.1480606762
"r_species.id.phy[Caecidotea_intermedia_ott3000549,Intercept]",1.0000496927274,17250.5988511059,11417.9446021554
"r_species.id.phy[Thermosphaeroma_thermophilum_ott2996425,Intercept]",1.00009463564684,17012.2141577584,11505.0985274135
"r_species.id.phy[Idotea_baltica_ott788883,Intercept]",1.00012028868743,17345.6443728869,11544.8816656514
"r_species.id.phy[Limnadia_badia_ott746551,Intercept]",1.00007071751861,18273.566213415,11358.323248337
"r_species.id.phy[Artemia_salina_ott558087,Intercept]",1.00013516500815,18443.3760577122,11106.8310822537
"r_species.id.phy[Artemia_franciscana_ott59094,Intercept]",1.00004066084684,18374.9892480416,11156.2950269687
"r_species.id.phy[Phidippus_clarus_ott670208,Intercept]",1.00017668810247,16773.9423866661,11872.1126844117
"r_species.id.phy[Agelena_limbata_ott980314,Intercept]",1.00009940584226,16802.441273275,11946.5150411592
"r_species.id.phy[Nephila_clavata_ott997305,Intercept]",1.00005106331307,16654.0350298008,11945.9866779265
"r_species.id.phy[Argiope_bruennichi_ott1043550,Intercept]",0.999956239921042,16582.7208311961,11899.2852765207
"r_species.id.phy[Zygiella_x-notata_ott504327,Intercept]",1.00011619174648,16579.5853689325,11801.88637673
"r_species.id.phy[Manogea_porracea_ott3571931,Intercept]",1.00008284549578,16688.7778408776,11968.6884980944
"r_species.id.phy[Metellina_segmentata_ott1043563,Intercept]",1.00016803019349,16662.5637544257,11827.5173528627
"r_species.id.phy[Limulus_polyphemus_ott511973,Intercept]",1.00003212158364,16928.945972852,11900.582379135
"r_species.id.phy[Arianta_arbustorum_styriaca_ott69183,Intercept]",1.00035480307458,14999.5903091862,10375.9124637309
"r_species.id.phy[Helix_pomatia_ott349693,Intercept]",1.00041842247961,15164.8495108783,10111.5082138558
"r_species.id.phy[Bradybaena_pellucida_ott5517787,Intercept]",1.00044506273093,14955.6597919229,9972.15917042875
"r_species.id.phy[Achatina_fulica_ott997087,Intercept]",1.00035461885767,15089.4624375669,10274.0857309819
"r_species.id.phy[Succinea_putris_ott1001375,Intercept]",1.00037125881039,14706.9403791548,9998.60413348924
"r_species.id.phy[Veronicella_sloanii_ott2883248,Intercept]",1.0002741141366,11838.8215418779,8381.38063767135
"r_species.id.phy[Vaginulus_sloanii_ott2883243,Intercept]",1.00041797536266,11895.6503625968,8424.8189080222
"r_species.id.phy[Radix_lagotis_ott913868,Intercept]",1.00056778217241,16373.2300829781,10983.4473109109
"r_species.id.phy[Radix_auricularia_ott274226,Intercept]",1.00046490866187,16447.9988105795,10882.223983624
"r_species.id.phy[Lymnaea_stagnalis_ott844828,Intercept]",1.0004711302973,16318.8246957337,11903.1270588723
"r_species.id.phy[Physella_acuta_ott55904,Intercept]",1.00042194842211,16384.9143395717,11278.2794213378
"r_species.id.phy[Siphonaria_capensis_ott20369,Intercept]",1.00050852373892,15894.3112012635,10132.2756685417
"r_species.id.phy[Siphonaria_gigas_ott68145,Intercept]",1.00054564142597,16194.4002041691,10479.6470433002
"r_species.id.phy[Aplysia_kurodai_ott925102,Intercept]",1.00070882896798,16273.3255104257,11072.5863007799
"r_species.id.phy[Aplysia_californica_ott51009,Intercept]",1.00080868487228,16311.1707580961,11499.5491662478
"r_species.id.phy[Aplysia_vaccaria_ott640603,Intercept]",1.00066208321747,15930.6732087935,11398.8623005356
"r_species.id.phy[Bulla_gouldiana_ott848010,Intercept]",1.00091490990689,16176.9739522224,11557.6300080408
"r_species.id.phy[Felimare_zebra_ott2875381,Intercept]",1.00024802023101,16936.7452802125,10467.9297775666
"r_species.id.phy[Littoraria_ardouiniana_ott343155,Intercept]",1.00009246238963,16759.2558789948,11605.1907430922
"r_species.id.phy[Littoraria_flava_ott343147,Intercept]",1.00006881420289,16787.6194458696,11413.2801864344
"r_species.id.phy[Littoraria_melanostoma_ott867812,Intercept]",1.00014044843351,16701.4826940919,11508.7714797355
"r_species.id.phy[Littorina_littorea_ott622242,Intercept]",1.0000314211492,16713.3756061524,11713.9224808856
"r_species.id.phy[Littorina_saxatilis_ott182096,Intercept]",0.999999974395267,16628.4325895419,11691.3444717976
"r_species.id.phy[Echinolittorina_radiata_ott480056,Intercept]",1.0001248201588,17080.8481319602,12265.2184728547
"r_species.id.phy[Buccinanops_globulosus_ott440289,Intercept]",1.00012991522514,16849.0952345615,11509.0598264036
"r_species.id.phy[Lumbricus_terrestris_ott316441,Intercept]",1.00054671957484,17125.3400931862,11504.3640742478
"r_species.id.phy[Eisenia_fetida_ott316451,Intercept]",1.00037378353252,17124.8272105136,11492.8451491907
"r_species.id.phy[Dugesia_sp_06_MR-2009_ott859610,Intercept]",1.00019511157946,17959.2759226428,11809.5936010344
"r_species.id.phy[Dugesia_gonocephala_ott807701,Intercept]",1.0000222758484,17965.4144396836,11238.8849716785
"r_study.id[Adams.and.Greenwood.1983,Intercept]",1.00008003633629,30124.5861054425,11833.6067314644
"r_study.id[Adams.et.al..1985a,Intercept]",1.00000654290928,30810.6904715725,11006.5018520297
"r_study.id[Adams.et.al..1985b,Intercept]",0.999995299684899,23884.2725764695,13175.3024823463
"r_study.id[Ahmad.et.al.1985,Intercept]",1.00029924489852,24339.0904007998,11760.720228841
"r_study.id[Ajala.et.al..2011,Intercept]",1.00009996878691,29196.8814359468,11763.5089206477
"r_study.id[Al-Kandari.et.al...2002,Intercept]",1.00009714850865,19896.3111101484,14199.50506281
"r_study.id[Alcantara.et.al..2007,Intercept]",1.00020930047804,36876.9473973854,11718.6441842631
"r_study.id[Alcock.and.Hadley.1987,Intercept]",1.00058984820477,33367.0686224769,12140.8898219685
"r_study.id[Alonzo.et.al..2001,Intercept]",1.00030864814786,29878.1217023537,11729.5117259407
"r_study.id[Angeloni.and.Bradbury.1999,Intercept]",1.00054427075213,27850.0391318889,11396.1368500128
"r_study.id[Angeloni.et.al..2003,Intercept]",1.00020507938296,35107.8485057408,12170.2866511771
"r_study.id[Annest.et.al..1983,Intercept]",1.00033722483903,21179.3696712566,11850.4089307818
"r_study.id[Apanius.and.Nisbet.2006,Intercept]",1.00030395103417,33340.0119511846,10770.3171854636
"r_study.id[Arak.1988,Intercept]",1.00005620877387,32317.6774302317,11708.7748457309
"r_study.id[Arnqvist.1996,Intercept]",0.999947353823385,15442.3878213175,12150.7684378752
"r_study.id[Arntzen.1999,Intercept]",0.999972860876282,27926.4878169031,13614.2481008647
"r_study.id[Avaca.et.al..2012,Intercept]",1.00018927594816,37060.2452823118,11932.0893515316
"r_study.id[Awata.and.Kohda.2004,Intercept]",1.00052140857494,26681.6121028797,11149.8403999671
"r_study.id[Baeza.and.Diaz-Valdes.2011,Intercept]",1.0000821903768,27632.4977861281,11361.0871500721
"r_study.id[Baeza.et.al..2011,Intercept]",1.00011355633654,30481.8895130983,10699.8496661321
"r_study.id[Baeza.et.al..2013,Intercept]",1.00025619527561,32903.1132550104,11600.023408863
"r_study.id[Baldwin.and.Damon.1973,Intercept]",1.00005832220179,18239.6075261977,12616.6819289114
"r_study.id[Barquero.and.Hilfe.2017,Intercept]",1.00010585917241,27978.2710233895,10923.4657913067
"r_study.id[Baruch.et.al..2017,Intercept]",1.0001532484526,37207.947850809,11950.4435482064
"r_study.id[Basto-Riascos.et.al..2017,Intercept]",1.00090976561391,39716.4220417258,10409.7017981795
"r_study.id[Bastos.and.Haddad.1996,Intercept]",1.0000362730438,33348.6139227684,11844.9324891815
"r_study.id[Bastos-Pereira.and.Bueno.2016,Intercept]",1.00032773225778,4260.99260891978,5975.00086954198
"r_study.id[Baur.1992,Intercept]",0.99992482125221,22146.8279777022,11650.848143606
"r_study.id[Baxter.1997,Intercept]",1.0002642810137,34215.4438795981,11541.8950224965
"r_study.id[Beaulieu.et.al..2010,Intercept]",1.00146008518661,36368.2855959175,11634.4016762695
"r_study.id[Becker.et.al..2012,Intercept]",1.00000007688912,22866.8317655378,13285.2562941206
"r_study.id[Beeching.and.Hopp.1999,Intercept]",0.999923876358288,25291.8456476659,12352.9717450116
"r_study.id[Beeching.et.al..2004,Intercept]",0.999977359660688,31801.3958424717,13157.4583428142
"r_study.id[Bel-Venner.et.al..2008,Intercept]",1.00016320036695,30627.4449984382,12590.8835444361
"r_study.id[Benvenuto.et.al..2009,Intercept]",0.999973725859897,30401.7870582086,11009.7233452185
"r_study.id[Bernstein.and.Bernstein.1999,Intercept]",1.00026836358402,18652.9338697588,13275.7337350307
"r_study.id[Bernstein.and.Bernstein.2003,Intercept]",1.00012404177473,14472.6322054274,10868.9102515107
"r_study.id[Berven.1981,Intercept]",1.00017373349766,32674.127893692,12594.5976858524
"r_study.id[Berzins.et.al..2009,Intercept]",0.999914947128381,28993.8100680191,12189.9747370324
"r_study.id[Bionda.et.al..2011,Intercept]",0.999939672494952,24822.4958822196,11738.0182054544
"r_study.id[Birkhead.and.Clarkson.1980,Intercept]",1.00003416516183,20969.3175593563,13247.6207768214
"r_study.id[Boag.1983,Intercept]",0.999942782658037,17697.6013598458,13090.0828911093
"r_study.id[Boag.and.Grant.1978,Intercept]",0.99993496954135,20132.0471701902,13347.351685348
"r_study.id[Boas.1903,Intercept]",1.00000167594064,27475.6331909421,12192.1081141245
"r_study.id[Boland.et.al..2004,Intercept]",0.99996955712899,35471.7138285372,12250.921507667
"r_study.id[Boll.and.Linsenmair.1998,Intercept]",0.999936166902678,33134.7697001682,11639.9426568423
"r_study.id[Bollache.and.Cezilly.2004,Intercept]",0.999970835154162,21986.0769246336,14149.2839858621
"r_study.id[Bond.et.al..2016,Intercept]",1.00018516805755,29068.6823861344,11507.1321600038
"r_study.id[Bortolotti.and.Iko.1992,Intercept]",1.00006756238062,27299.5419043659,11545.7603041473
"r_study.id[Botton.and.Loveland.1992,Intercept]",0.999922529660641,25562.2960353602,11549.9523660364
"r_study.id[Bourgeois.et.al..2014,Intercept]",1.0002562471435,32923.4999480354,11533.9596879051
"r_study.id[Bourne.1993,Intercept]",1.00037878360218,19330.5420101454,10374.7010815569
"r_study.id[Bowcock.et.al..2013,Intercept]",1.00047559400143,35944.6673053823,11741.0049263863
"r_study.id[Bowman.1987,Intercept]",1.0002802034115,29659.094207086,12698.3551802225
"r_study.id[Briggs.2007,Intercept]",1.00054152218257,32138.6304445066,11724.2673540046
"r_study.id[Brown.1990,Intercept]",0.999938057283761,27500.2491961808,13169.519640504
"r_study.id[Brown.1993,Intercept]",0.999912583046113,38456.7929912064,12085.9218327598
"r_study.id[Burgess.and.Wallin.1944,Intercept]",1.00029930452227,19376.0022748071,11533.7665829026
"r_study.id[Byard.et.al..1985,Intercept]",0.999999879442843,22720.607566957,12912.9010585849
"r_study.id[Byard.et.al..1989,Intercept]",1.000049561762,22723.0960579273,12064.5181879282
"r_study.id[C?te.and.Hunte.1989,Intercept]",0.999991110382367,26585.220794439,11928.7195060982
"r_study.id[Cardoso.et.al..2007,Intercept]",1.00048848392733,38495.2205444645,10331.8191308505
"r_study.id[Castiglioni.and.Bond-Buckup.2008,Intercept]",1.00076912240139,32386.4753614684,11890.4324750922
"r_study.id[Catry.et.al..1999,Intercept]",1.00008501624365,32304.6430510595,11839.5121465988
"r_study.id[Chaine.and.Angeloni.2005,Intercept]",1.00023179897665,25711.8008569582,11974.9402260757
"r_study.id[Chajma.and.Vojar.2016,Intercept]",1.00037897503757,31362.6994090063,12385.031668085
"r_study.id[Chardine.and.Morris.1989,Intercept]",1.00024910392739,33720.549093866,11263.8668642281
"r_study.id[Chen.and.Lu.2011,Intercept]",0.999958776659754,31292.7022607499,12737.3101927717
"r_study.id[Chen.et.al..2011,Intercept]",1.00029866872027,23495.9169583557,11667.2592065882
"r_study.id[Christensen.and.Kleindorfer.2007,Intercept]",1.00008620969484,33601.1048854148,12083.8523798164
"r_study.id[Christy.1983,Intercept]",1.00053715137829,40366.6585678812,11381.2184728824
"r_study.id[Chrzastek-Spruch.1979,Intercept]",1.00072994943066,30488.6851971748,12855.06539567
"r_study.id[Clark.and.Backwell.2016,Intercept]",1.00014608397666,34054.680967256,11683.2495974247
"r_study.id[Clarke.and.Fields.2013,Intercept]",1.00060443571482,2870.77444617848,4807.70362695306
"r_study.id[Cogalniceanu.et.al..2013,Intercept]",1.00018087542947,27682.7635553241,10718.1768841426
"r_study.id[Comeau.et.al..1998,Intercept]",1.00020001763599,26819.3702503858,12406.1883151561
"r_study.id[Cordeiro.et.al..2016,Intercept]",0.999953810756188,33484.8530117588,11655.9604649106
"r_study.id[Cornet.et.al..2012,Intercept]",1.00024771503362,21681.3652837873,13793.0558401952
"r_study.id[Coulter.1986,Intercept]",1.0002255450659,16946.8136387931,11571.9432802083
"r_study.id[Crespi.1989,Intercept]",0.999976800469253,30487.644173514,10345.2220142285
"r_study.id[Crognier.1973,Intercept]",1.00072074509542,16978.4969795984,13590.5695667031
"r_study.id[Crozier.1918,Intercept]",1.0003328057473,30191.6751062307,11902.0127007111
"r_study.id[Crozier.and.Snyder.1923,Intercept]",1.00026413482648,8016.59127772207,9697.8411005512
"r_study.id[Cuadrado.1999,Intercept]",1.00032200378096,29500.6289444269,11614.3799682592
"r_study.id[Dalmia.and.Lawrence.2001,Intercept]",1.00002585358995,18582.832984894,11396.7080537029
"r_study.id[Dasgupta.et.al..1997,Intercept]",1.00010479533504,23102.5986860535,13055.9724824416
"r_study.id[Davenport.1917,Intercept]",1.00027188039579,28013.2056917927,11264.7456936235
"r_study.id[Davies.and.Halliday.1977,Intercept]",1.00026641382117,28220.8875940427,10932.044383814
"r_study.id[Delestrade.2001,Intercept]",1.00039738939141,33067.1286780095,12065.0669033106
"r_study.id[Desjardins.et.al..2011,Intercept]",1.00002613783908,32151.4614882008,12475.5045574158
"r_study.id[Detto.and.Backwell.2009,Intercept]",1.00015300853063,35026.7719039247,11872.7245932071
"r_study.id[Devin.et.al..2004,Intercept]",1.00029515686795,34087.8478469945,12468.0272017237
"r_study.id[Devlin.et.al..2004,Intercept]",1.00004904028255,26718.5179608979,11393.134475812
"r_study.id[DeWitt.1996,Intercept]",1.00049167993221,19763.024350457,11938.216643087
"r_study.id[Dias.et.al..2017,Intercept]",1.00014307924584,33880.7704887148,10725.5580463312
"r_study.id[Dick.and.Elwood.1996,Intercept]",1.00044465748806,31506.050583424,11239.8926422202
"r_study.id[Diesel.1988,Intercept]",1.0005413720108,30298.1292840426,10980.8097524962
"r_study.id[Dillen.et.al..2010,Intercept]",1.00046913185404,36709.8089694511,12087.6006808458
"r_study.id[Diniz.et.al..2016,Intercept]",1.0005285244138,32417.3031741923,12143.6377728189
"r_study.id[Dittrich.et.al..2018,Intercept]",1.00001492799724,22155.5316560248,14338.3268851336
"r_study.id[Dobson.et.al..2011,Intercept]",1.00044885466698,34724.9145331025,11721.1157964723
"r_study.id[Dodson.and.Marshall.1984,Intercept]",1.00026920683974,30476.1863408908,12216.2524537117
"r_study.id[Dybas.and.Lloyd.1962,Intercept]",0.999953735554694,21099.6741168082,12120.6317717213
"r_study.id[Dyson.et.al..1992,Intercept]",1.00011716178988,32140.4566621923,11450.6319152833
"r_study.id[Eaves.et.al..1999,Intercept]",1.00048624627311,27316.1351966483,11996.5577724906
"r_study.id[Eckman.et.al..2002,Intercept]",1.00039475415504,13107.2850787883,11695.7703096821
"r_study.id[Einoder.et.al..2008,Intercept]",1.00040798873008,22016.2609057116,10580.5435424532
"r_study.id[Ellis.and.Bercovitch.2011,Intercept]",1.00027605704906,33478.50553975,11579.1493704606
"r_study.id[Ellis.et.al..2007,Intercept]",1.00009656510326,19201.2815870494,11135.4997259877
"r_study.id[Elmberg.1991,Intercept]",1.00025391648896,17276.2372100243,12350.7122514954
"r_study.id[Enders.1995,Intercept]",1.00010173447724,30332.914091287,11773.1829236924
"r_study.id[Fairbairn.1988,Intercept]",1.0001457955789,18915.545743838,12805.7265417549
"r_study.id[Fan.et.al..2013,Intercept]",1.00026516466522,24086.077053509,12738.3140759298
"r_study.id[Fauchier.and.Thomas.2001,Intercept]",0.999981674802078,12887.1921407178,11751.4514716767
"r_study.id[Fazhan.et.al..2017,Intercept]",1.0004245341904,27801.1573034729,12587.186910557
"r_study.id[Forbes.et.al..1992,Intercept]",1.0008122703012,31610.3511400348,12325.6051617926
"r_study.id[Forero.et.al..2001,Intercept]",1.00009481419038,35302.9592919908,11402.3431749048
"r_study.id[Franceschi.et.al..2010,Intercept]",1.00032256052403,23843.9645143362,12775.0899545127
"r_study.id[French.et.al..2015,Intercept]",1.00041659345422,34521.6570541132,12220.3818015638
"r_study.id[Frey.et.al..1998,Intercept]",1.00031991859407,37093.1283386004,11570.5783463888
"r_study.id[Friedl.and.Klump.2005,Intercept]",1.00062581869514,15349.1916426693,10861.8091667481
"r_study.id[Furusho.1961,Intercept]",1.000389816396,26368.9977242927,12228.8086809917
"r_study.id[Gagliardi-Seeley.and.Itzkowitz.2006,Intercept]",1.00005681881977,17506.4706836581,11886.8511016697
"r_study.id[Galipaud.et.al..2015,Intercept]",1.00049009130044,35373.8475127979,12096.6069662425
"r_study.id[Galligan.and.Kleindorfer.2010,Intercept]",1.00050542094581,26758.1448690508,11258.7854080253
"r_study.id[Garcia-Navas.et.al..2009,Intercept]",1.00006470390011,18512.5584795552,11646.8397108095
"r_study.id[Garn.et.al..1979,Intercept]",1.00006524299133,18613.0667386336,12103.961927373
"r_study.id[Gatz.1981,Intercept]",1.00085337676006,39861.8984248669,12023.8015101541
"r_study.id[Genna.1941,Intercept]",1.00007267580578,28451.6024367739,11550.058092603
"r_study.id[Gerhardt.1982,Intercept]",1.00064682287768,29413.5565928654,12016.3605805999
"r_study.id[Gerhardt.et.al..1987,Intercept]",0.999879027210798,28428.0656966973,12712.5116515656
"r_study.id[Ginsburg.et.al..1998,Intercept]",1.00016657059767,14123.9485190728,11902.5076124098
"r_study.id[Godoy.et.al..2008,Intercept]",1.00039223860877,29240.44871203,12105.4917803709
"r_study.id[Godwin.and.Roble.1983,Intercept]",1.00002272238953,23593.7030042013,11396.3624941082
"r_study.id[Gould.and.Wilson.2015,Intercept]",1.00024854540004,22908.3755143298,10600.3792435974
"r_study.id[Graham.et.al..2015,Intercept]",1.00011980334801,17928.3530598923,12479.3432872672
"r_study.id[Gramapurohit.and.Radder.2012,Intercept]",1.00014237089915,29563.452644424,11844.7387009323
"r_study.id[Grant.and.Grant.2008,Intercept]",1.00001531217584,25944.6226172132,13022.1660870419
"r_study.id[Green.2014,Intercept]",1.00037995059057,28211.1960848988,12371.330923542
"r_study.id[Greenspan.1980,Intercept]",1.00064740633451,39205.4382070275,10375.8952850354
"r_study.id[Greenwood.and.Adams.1984,Intercept]",1.00008685089394,23991.1785177555,13470.8254098213
"r_study.id[Groth.1993,Intercept]",0.99995687925305,10533.747931483,10230.4012171605
"r_study.id[Gunnarsson.et.al..2012,Intercept]",1.00030195229316,17959.8959114706,10287.4292527019
"r_study.id[Gunzburger.2006,Intercept]",1.00017488204428,30799.0221240299,13018.334215807
"r_study.id[Haggerty.2006,Intercept]",1.00010391181492,34362.8715681325,12300.7741172607
"r_study.id[Hammouda.et.al..2016,Intercept]",1.00040044218589,32267.0381729655,12504.518090536
"r_study.id[Han.et.al..2010,Intercept]",1.00064214414771,30244.2835711503,11448.6641157992
"r_study.id[Hanks.et.al..1996,Intercept]",1.00014547875905,33393.4665023656,11890.221093491
"r_study.id[Harari.et.al..1999,Intercept]",1.00017359749751,15409.8687478748,11297.9423621424
"r_study.id[Hargeby.and.Erlandsson.2006,Intercept]",1.0004045117737,24725.5594803431,12152.8748054933
"r_study.id[Harris.and.Govaerts.1922,Intercept]",1.00012764860098,28136.9419303535,11277.125424304
"r_study.id[Harrison.2013,Intercept]",1.00050367799939,30956.6805390207,12293.2366389294
"r_study.id[Harrison.et.al..1976,Intercept]",1.00000789240995,13921.5292581033,12977.7776163951
"r_study.id[Hase.and.Shimada.2014,Intercept]",1.00027916446729,29300.2918756096,11900.456938793
"r_study.id[Hasegawa.and.Arai.2013,Intercept]",1.00009407565605,34262.9707100485,11587.4354634591
"r_study.id[Hattori.and.Yanagisawa.1991,Intercept]",1.00048828087327,30172.6588894323,12680.4493678195
"r_study.id[Hedenstrom.1987,Intercept]",1.00046235121654,23194.6594973576,11789.775162495
"r_study.id[Hedge.and.Krishna.1997,Intercept]",1.00005774876155,19435.0438502224,10104.2887872453
"r_study.id[Helfenstein.et.al..2004,Intercept]",0.999948466117214,13755.6640040837,9889.10668136358
"r_study.id[Hernandez.et.al..2012,Intercept]",1.00040815885989,20632.8628915958,10239.0501753578
"r_study.id[Hettyey.et.al..2005,Intercept]",1.00030769667929,18854.5756203141,10653.7972489537
"r_study.id[Heude.et.al..2005,Intercept]",0.999964769299969,18727.6057229734,12831.516991011
"r_study.id[Hieber.and.Cohen.1983,Intercept]",1.00010486974828,27018.0909982301,12496.3859947869
"r_study.id[Hill.et.al..1976,Intercept]",1.00011475989406,28960.2716753555,12087.1234129747
"r_study.id[Hisore.1995,Intercept]",1.00015629785353,24247.445645617,12208.6255266843
"r_study.id[Hoefler.et.al..2007,Intercept]",1.00015958149663,29557.061050031,11646.4117102627
"r_study.id[Hofmann.and.Henle.2006,Intercept]",1.00100853717644,35323.4061460704,10701.5171736678
"r_study.id[Howard.1980,Intercept]",1.00014203052322,30296.2958447119,11805.4957023975
"r_study.id[Howard.et.al..1994,Intercept]",1.00070003660466,10732.6807115516,9519.99826882647
"r_study.id[Huber.et.al..2007,Intercept]",1.00005635858848,15535.3680262463,12216.013678562
"r_study.id[Hughes.1996,Intercept]",1.00007291649499,11462.3995396539,9750.00152938439
"r_study.id[Hume.et.al..2002,Intercept]",0.999960430278361,29654.1020458517,12931.7093531238
"r_study.id[Hur.2003,Intercept]",0.999940811496867,19159.8022273864,13427.8271331539
"r_study.id[Hutchinson.and.Byard.1987,Intercept]",1.00026745955357,21121.1066907004,12915.4327296171
"r_study.id[Indykiewicz.et.al..2017,Intercept]",1.00043679876901,32913.674148855,11213.6982000015
"r_study.id[Iribarne.1996,Intercept]",1.00039270505269,36035.8536361919,10857.9279875483
"r_study.id[Ito.and.Wada.2006,Intercept]",1.00000355608497,34931.0118833989,11938.0473382552
"r_study.id[Jacobson.and.Vandenberg.1991,Intercept]",1.00024911925503,31344.3962161417,12021.237070696
"r_study.id[Janzen.and.Brodie.1989,Intercept]",0.999973081634887,20132.9812417281,10538.1808369051
"r_study.id[Jensen.2011,Intercept]",1.00011322935834,5122.53889302264,7058.28110074528
"r_study.id[Johannesson.et.al..1995,Intercept]",0.999913817995435,28392.8746765013,11963.0022874987
"r_study.id[Johnson.1983,Intercept]",1.00055867475147,35501.9444416635,12121.664080079
"r_study.id[Johnson.1999,Intercept]",1.00017782447684,34969.9871498899,12713.7921946826
"r_study.id[Johnston.1970,Intercept]",1.000064603112,29162.0455046173,12896.1636645723
"r_study.id[Johnston.and.Johnston.1989,Intercept]",1.00053856571206,37806.0615266964,11391.1623050978
"r_study.id[Jones.and.Montgomerie.1991,Intercept]",0.999925564092751,34131.1210780903,11066.4772309977
"r_study.id[Jones.et.al..2003,Intercept]",1.00048541371885,33290.5269038953,11324.7676482922
"r_study.id[Jones.et.al..2012,Intercept]",1.00008368779602,6246.44309787399,7239.37603328315
"r_study.id[Jormalainen.et.al..1992,Intercept]",1.00021986765751,21630.1587480018,11638.636706757
"r_study.id[Juliano.1985,Intercept]",0.999945501707065,33986.2617698676,11911.818450008
"r_study.id[Kasuya.1985,Intercept]",0.99995583336016,16732.9585355177,10784.8281746502
"r_study.id[Kaur.and.Singh.1981,Intercept]",1.00013040760465,20876.6392752506,12794.3653404767
"r_study.id[Keller.et.al..2013,Intercept]",1.00026510155013,30144.7345756914,11436.9927383102
"r_study.id[Kelly.2014,Intercept]",1.00024556199775,37664.4874178645,11972.4418385578
"r_study.id[Kelly.et.al..2010,Intercept]",0.999971796474206,32087.0539971707,10854.5257290247
"r_study.id[Kemp.2006,Intercept]",0.99998730028098,33969.6543450581,12301.3112928008
"r_study.id[Kemp.2008,Intercept]",1.00007868429627,36665.592666789,11623.0483287386
"r_study.id[Kim.et.al..2006,Intercept]",0.999894722016186,21903.5530815608,9793.68694242465
"r_study.id[Kimura.et.al..2015,Intercept]",1.00014082886748,32449.2469195615,11111.8941458666
"r_study.id[Knox.and.Scott.2006,Intercept]",1.00020841149388,4183.01760333294,6259.40553259713
"r_study.id[Knuiman.et.al..2005,Intercept]",1.00007603918552,27611.2371890267,11171.1498196302
"r_study.id[Koene.et.al..2007,Intercept]",1.00022017446731,21608.0091150018,11669.0774474033
"r_study.id[Koga.et.al..2010,Intercept]",1.00037843375723,30705.2940906462,11546.2352401242
"r_study.id[Kokita.and.Nakazono.1998,Intercept]",1.00012544702205,30201.7218505299,11627.1833990502
"r_study.id[Kolliker.et.al..1999,Intercept]",1.00022352938229,31619.1949244237,11096.2888263969
"r_study.id[Kolm.2002,Intercept]",1.00012015551865,29734.3948580613,12567.4595913058
"r_study.id[Komdeur.et.al..2005,Intercept]",0.999858030779061,31885.7996210906,11356.3172014383
"r_study.id[Kraus.and.Lederhouse.1983,Intercept]",1.00053377632837,35267.210213756,12016.697433374
"r_study.id[Kruse.1981,Intercept]",1.00027132799711,30720.4284982738,12927.5322018166
"r_study.id[Kusano.1992,Intercept]",1.00044627152085,28468.808264065,11730.5829389996
"r_study.id[Lanuza.et.al..2012,Intercept]",0.999895357274655,34016.590627728,12898.830396284
"r_study.id[Larsson.1988,Intercept]",0.999982476118382,21553.5171377327,12285.9417679279
"r_study.id[Laubu.et.al..2017,Intercept]",1.00014062500637,27960.9492865948,12348.7138597229
"r_study.id[Ledwon.2011,Intercept]",1.0000898865884,33571.8538418254,12222.4847158932
"r_study.id[Lee.and.Crump.1981,Intercept]",1.00046896476897,28600.6257924949,10721.6331354958
"r_study.id[Lee.and.Park.2009,Intercept]",0.999968206421322,34037.4382916723,12090.9283539717
"r_study.id[Lee.and.Salzburg.1989,Intercept]",1.00015401728731,32943.2032871582,13587.2217196159
"r_study.id[Lefebvre.et.al..2005,Intercept]",1.00080997974555,24279.8270259517,10850.3584405222
"r_study.id[Lessells.and.Ovenden.1989,Intercept]",1.00032608072018,35228.1191905862,11204.580464685
"r_study.id[Li.et.al..2015,Intercept]",1.00021214761775,34676.0038960759,11909.3802593256
"r_study.id[Liao.and.Lu.2011,Intercept]",1.00030046374894,24006.0564583683,12625.9471612377
"r_study.id[Liao.and.Lu.2012,Intercept]",1.00018219541385,22980.4844215429,13474.0641266245
"r_study.id[Lii.et.al..2017,Intercept]",1.0001475747361,21980.5242317061,12432.5712260793
"r_study.id[Lindstrom.1992,Intercept]",1.00014343160538,36077.055093291,11795.0192491915
"r_study.id[Liu.and.Sun.2016,Intercept]",1.00021218351158,29045.5467625128,11815.156945199
"r_study.id[Liu.and.Sun.2018,Intercept]",1.0004367031949,29759.6226618958,12392.2893308291
"r_study.id[Lizana.et.al.1994,Intercept]",1.00002995529566,37791.502650587,11922.0334141223
"r_study.id[Lombardo.et.al..2013,Intercept]",1.00052026133245,36077.1559939381,11820.2059430304
"r_study.id[Lou.et.al..2016,Intercept]",1.00004744763974,25628.4557285913,13254.6031961322
"r_study.id[Lu.et.al..2009,Intercept]",1.00020370266223,24327.2994036768,11677.4448493716
"r_study.id[Lu.et.al..2010,Intercept]",1.00010285656376,27802.1415689412,11940.5074859135
"r_study.id[Lu.et.al..2013,Intercept]",1.00021136304317,26939.4618004763,11722.6661348631
"r_study.id[Lu.et.al..2016,Intercept]",1.00010780857656,34302.9614123116,10450.4023768231
"r_study.id[Luo.et.al..1998,Intercept]",1.00029882334783,28874.4466655498,11522.8522796508
"r_study.id[Luo.et.al..2014,Intercept]",1.00019416138045,8746.6322199083,10359.6393103402
"r_study.id[MacDougall.and.Montgomerie.2003,Intercept]",1.00045102959226,28571.3218954233,11555.3647648473
"r_study.id[Maekawa.et.al..1994,Intercept]",1.00032045717187,27261.626458548,11066.1511566311
"r_study.id[Maige.et.al..2012,Intercept]",1.0006998616218,32646.1682550797,11132.2834686627
"r_study.id[Malina.et.al..1983,Intercept]",1.00022037841298,23442.1108054385,13036.7071064955
"r_study.id[Marco.and.Lizana.2002,Intercept]",1.00042325172224,29462.9130011252,11907.8805818003
"r_study.id[Marquez.1993,Intercept]",1.0001013933225,36698.4799788149,11411.3611836572
"r_study.id[Martin.2013,Intercept]",1.00030869552515,27265.9250188904,11230.0601151217
"r_study.id[Marzluff.and.Balda.1988,Intercept]",1.00003404661374,31753.2995509316,10763.7118218409
"r_study.id[Mascie-Taylor.1987,Intercept]",1.00073693314617,18498.6116027347,12623.0847290136
"r_study.id[Mason.1972,Intercept]",1.00010742766209,21756.1919199764,14074.4403484449
"r_study.id[Masumoto.1999,Intercept]",1.00009064509006,25109.4351595443,12656.6652069299
"r_study.id[McCauley.and.Wade.1978,Intercept]",1.00017618760838,26685.8009758378,12723.4891448462
"r_study.id[McKaye.1986,Intercept]",1.00020033246845,7576.5844906384,9338.58705825291
"r_study.id[McKaye.et.al..2010,Intercept]",1.0001473710437,13493.6424447444,10346.3960118616
"r_study.id[McLain.1982,Intercept]",1.00027072881566,23560.1706569841,11705.5017127512
"r_study.id[McLain.1985,Intercept]",1.00017892946504,21000.091999898,13005.2380361388
"r_study.id[McLain.1988,Intercept]",0.999946158524247,22737.3075495006,12008.7117908677
"r_study.id[McLain.and.Boromisa.1987a,Intercept]",1.00014414135659,28876.6848171875,11458.8391226966
"r_study.id[McLain.and.Boromisa.1987b,Intercept]",0.999949989774818,20670.2137468272,10883.317666593
"r_study.id[McLain.and.Shure.1987,Intercept]",1.00019502598677,26472.7781497805,10255.487419611
"r_study.id[McLain.et.al..2015,Intercept]",1.00075124559666,9601.59784409075,9624.58147222183
"r_study.id[McManus.and.Mascie-Taylor.1984,Intercept]",1.0003499225607,28159.3424072507,12328.7631506329
"r_study.id[Merila.and.Fry.1998,Intercept]",1.00000952531771,19541.3510972987,12999.642024544
"r_study.id[Merila.and.Gustafsson.1993,Intercept]",1.00048748543198,20688.8959769263,12107.8734579855
"r_study.id[Merila.and.Sheldon.2000,Intercept]",1.00011307206037,21048.9324717776,13081.7336320449
"r_study.id[Michiels.and.Streng.1998,Intercept]",1.00040410196901,39041.2921674877,11816.3731710829
"r_study.id[Michiels.et.al..2001,Intercept]",0.999878787551281,22518.2768411512,11663.206731899
"r_study.id[Miller.et.al..2010,Intercept]",1.00008954540829,34468.6378137736,11001.9382923407
"r_study.id[Miyashita.1994,Intercept]",1.00012674769724,26925.0332760039,12859.3404429367
"r_study.id[Mobley.et.al..2014,Intercept]",1.00001545976058,11911.3708423723,10921.6795027608
"r_study.id[Monroy.et.al..2005,Intercept]",1.00055992227298,32276.5532132564,10083.8428562411
"r_study.id[Moreno-Rueda.2005,Intercept]",1.00020480276485,26957.8186677128,10161.1625827804
"r_study.id[Morley.and.Balshine.2003,Intercept]",1.00000819857524,33752.9584832026,11800.1921890765
"r_study.id[Morrison.et.al..2014,Intercept]",1.00002905374062,36012.1031393312,11551.5285194894
"r_study.id[Moura.and.Gonzaga.2017,Intercept]",1.00052167664926,32644.2291299556,11779.5279765371
"r_study.id[Mueller.&.Malina.1976,Intercept]",1.00012977639682,15135.4184819617,12336.1121756188
"r_study.id[Mueller.1975,Intercept]",1.00053972602934,14963.0815962733,10893.3171444428
"r_study.id[Mukhopadhyay.2003,Intercept]",1.00004862534739,24960.3769033152,11670.3992885106
"r_study.id[Murphy.2008,Intercept]",1.00039912378629,35047.1739091184,11547.6850582847
"r_study.id[Nagata.1986,Intercept]",0.999957274966781,34745.0519461682,12050.3162866112
"r_study.id[Nagoshi.&.Johnson.1987,Intercept]",1.00071519077199,21094.7869107224,12163.6477984138
"r_study.id[Nakayama.and.Wada.2015,Intercept]",1.00124592151531,24019.4424618316,10378.3381954227
"r_study.id[Nanami.2015,Intercept]",0.999936609455642,15572.7708997789,10323.6162487122
"r_study.id[Nance.et.al..1980,Intercept]",1.00060271900926,28485.9992310906,11886.4350812562
"r_study.id[Nava.et.al..2014,Intercept]",1.00009672102942,24388.353744766,11662.4262009118
"r_study.id[Nava.et.al..2017,Intercept]",1.00019167367328,33046.8115281932,12137.6179255386
"r_study.id[Ng.and.Williams.2012,Intercept]",1.0001113277834,29381.8890855795,10774.581690106
"r_study.id[Ng.and.Williams.2014,Intercept]",1.00114990885454,27060.1936474033,12102.5759790756
"r_study.id[Nicolaeff.1931,Intercept]",1.00028957312793,13301.7851720945,11713.6267599396
"r_study.id[Nisbet.et.al..2007,Intercept]",1.00047142059017,21334.9196086747,12860.0190281878
"r_study.id[Ohbayashi-Hodoki.et.al..2004,Intercept]",1.00011395778718,18764.6905074015,11604.1117772909
"r_study.id[Okada.1988,Intercept]",1.00045916973656,18235.1968676605,13944.6626375091
"r_study.id[Olsen.et.al..1998,Intercept]",1.00037139636008,18204.0830134671,11306.4989979068
"r_study.id[Olson.et.al..1986,Intercept]",1.00009638787752,32898.5308192299,11719.7572926827
"r_study.id[Olsson.1993,Intercept]",1.00034690408416,31308.7350637562,11455.9366602786
"r_study.id[Otronen.1984,Intercept]",1.00027310764619,34144.1456520358,12345.6867502918
"r_study.id[Otronen.1993,Intercept]",1.00039908281829,35235.8536137081,12032.0940356375
"r_study.id[Pack.et.al..2012,Intercept]",1.00089204366225,30321.6895093481,12026.8557353188
"r_study.id[Pal.et.al..2006,Intercept]",1.00028672766489,22512.3383288928,11521.8929634832
"r_study.id[Partridge.et.al..1987,Intercept]",1.00027720077426,27057.4803643354,11923.1477516951
"r_study.id[Partridge.et.al..2013,Intercept]",1.00007078642471,27874.7481776424,12004.9941082169
"r_study.id[Patton.and.Robertson.1980,Intercept]",1.00022801906932,29879.2947882925,11696.4241315313
"r_study.id[Pavkovic-Lucic.and.Kekic.2011,Intercept]",0.999881400598609,27652.4386971452,12256.6026359253
"r_study.id[Pavkovic-Lucic.et.al..2009,Intercept]",1.00018541967612,26826.326672521,12875.4076512701
"r_study.id[Pearson.1896,Intercept]",1.00008103651531,27950.9310729182,12018.4454670677
"r_study.id[Pearson.1906,Intercept]",0.999959092060772,26939.776479708,11799.3159124812
"r_study.id[Pearson.and.Lee.1903,Intercept]",1.00003252428519,15019.0740552832,12786.194826609
"r_study.id[Pennings.1991,Intercept]",1.00017922044127,23094.7913998124,12464.9856784354
"r_study.id[Pennock-Roman.1984,Intercept]",0.999945202294672,15949.5167428162,13609.4926317982
"r_study.id[Pescinelli.2016,Intercept]",0.999848554580324,18866.6802006854,10684.3175518821
"r_study.id[Petersen.and.Fischer.1996,Intercept]",1.00024153397358,19603.6357962684,10589.8339341702
"r_study.id[Petersson.1990,Intercept]",1.00023254419836,30522.4312702221,11650.9674321047
"r_study.id[Petrie.2007,Intercept]",1.00023455163138,27190.8682280561,11731.0813560825
"r_study.id[Pfaller.et.al..2014,Intercept]",1.00028570909652,32945.6480687839,11853.7091823505
"r_study.id[Phillips.et.al..2002,Intercept]",1.0001869891329,25993.0278810273,10635.6074210134
"r_study.id[Pieper.1981,Intercept]",1.000916736329,6784.58574738267,8971.9599901006
"r_study.id[Pinto.and.Mayor.1986,Intercept]",1.00014501811537,22360.3082417702,11162.6835196623
"r_study.id[Plaistow.et.al..2004,Intercept]",1.00028247405934,23624.7481858022,13545.1106251669
"r_study.id[Plumpton.and.Lutz.1994,Intercept]",1.00016561658902,32250.1319107193,11492.9794783457
"r_study.id[Poisbleau.et.al..2006,Intercept]",1.0007187481007,30171.1883278559,11658.8271535207
"r_study.id[Pollitzer.et.al..1970,Intercept]",0.999997837119344,20979.8808276255,12115.1569877924
"r_study.id[Pomerat.1936,Intercept]",1.00012089490952,17135.1489398744,13576.7387848099
"r_study.id[Ponzo.&.Scoppa.2015,Intercept]",1.00020026449441,17434.4226851946,12196.9874948721
"r_study.id[Potti.2000,Intercept]",1.00016985172953,30352.8952229463,11137.464522122
"r_study.id[Pratchett.2006,Intercept]",1.00010237968158,26289.740721868,12055.3530384497
"r_study.id[Pratt.et.al..2017,Intercept]",1.00019232995699,12312.4354867077,9954.53512772054
"r_study.id[Preston.et.al..2004,Intercept]",1.0001196866953,39254.8516700509,11978.2310609291
"r_study.id[Price.and.Vandenberg.1980,Intercept]",1.00013851677222,14634.4525302365,13127.8203099027
"r_study.id[Price.et.al..2000,Intercept]",1.0001585375596,9050.05948731186,11285.9722977306
"r_study.id[Prichard.et.al..2015,Intercept]",1.00008829523781,13403.9424957638,11167.4404472232
"r_study.id[Province.and.Rao.1985,Intercept]",1.00015375704376,18707.9920271732,12989.423464158
"r_study.id[Punzalan.et.al..2008,Intercept]",1.00004388991846,32412.5183738736,12416.8653144903
"r_study.id[Quinard.et.al..2014,Intercept]",1.00067034503005,35194.8119711665,11279.7250139152
"r_study.id[Rasmussen.1994,Intercept]",1.00129221583047,33376.7214768973,11726.0714071275
"r_study.id[Raychaudhuri.et.al..2003,Intercept]",0.99998094619664,22752.4661484906,11859.9504007163
"r_study.id[Reid.and.Baruch.2010,Intercept]",0.999952969123234,20705.8075241327,11704.8403737863
"r_study.id[Ribeiro.et.al..2010,Intercept]",1.00013046532683,28292.3441648259,11270.0895185522
"r_study.id[Ridley.and.Thompson.1979,Intercept]",1.00029157288489,24066.315234727,12754.191789036
"r_study.id[Robart.2011,Intercept]",1.00018263812845,31600.3671191749,12652.8836312094
"r_study.id[Robart.and.Sinervo.2018,Intercept]",1.00045770105006,31362.3034346241,12560.2058214609
"r_study.id[Roberts.et.al..1978,Intercept]",1.00010832855853,28802.3449670013,11858.7570692525
"r_study.id[Robertson.1985,Intercept]",1.00016163035901,30147.0463504609,13169.3915893113
"r_study.id[Robertson.1986,Intercept]",1.00019575009304,13770.4298889747,11281.8363586946
"r_study.id[Robertson.1990,Intercept]",1.00006389158056,17032.5048536916,10861.2981107284
"r_study.id[Robinson.et.al..2012,Intercept]",1.00039311366616,30414.6883477506,12019.5698792011
"r_study.id[Ron.et.al..2014,Intercept]",1.00020361234434,25339.4429765424,11789.3143608216
"r_study.id[Rosinski.1923,Intercept]",1.00002617863947,31178.860387524,11569.5217804988
"r_study.id[Roulin.et.al..2010,Intercept]",1.00025140915888,35198.6359711424,11119.0457211148
"r_study.id[Rowe.and.Weatherhead.2011,Intercept]",1.00024826831049,29803.7908252278,12676.3062030239
"r_study.id[Rubenstein.1987,Intercept]",1.00008969469928,26152.9063185354,10970.872057739
"r_study.id[Rueger.et.al..2016,Intercept]",1.00041870945883,30316.766328077,11285.8418815631
"r_study.id[Ryan.1983,Intercept]",1.0002791098409,22835.5331769709,9584.29961259137
"r_study.id[Saeki.and.Crowley.2013,Intercept]",1.00021501855765,37828.5470275096,11843.4255973183
"r_study.id[Saint-Marie.and.Hazel.1992,Intercept]",0.999987316688958,8899.06201153643,9701.65824699824
"r_study.id[Salces.et.al..2004,Intercept]",1.00003544943962,14233.0068858983,12812.9270537917
"r_study.id[Sanchez-Andres.and.Mesa.1994,Intercept]",1.00047373832281,27466.8807182383,12687.4586657832
"r_study.id[Sandercock.1998,Intercept]",0.999988049326491,25087.9359013127,12271.901275691
"r_study.id[Santos.et.al..1992,Intercept]",1.00013812927954,24209.075115676,11593.819008343
"r_study.id[Santos.et.al..2018,Intercept]",1.00016131328866,31486.7478138114,10789.4911307917
"r_study.id[Saur.1990,Intercept]",1.00011005669363,19098.3313232595,12170.9372036723
"r_study.id[Schiller.1932,Intercept]",1.00005291119362,26394.7142686742,13070.9284622446
"r_study.id[Schulte.et.al..2010,Intercept]",1.00071661478656,25086.7119150954,11249.729300602
"r_study.id[Schurch.et.al..2010,Intercept]",0.999995760026065,21604.707027487,11643.5624011378
"r_study.id[Sear.and.Marlowe.2009,Intercept]",0.999932333095987,16248.4735867231,12858.7148550915
"r_study.id[Seki.et.al..2012,Intercept]",1.00008260070797,27032.6887725181,11842.2485092208
"r_study.id[Serbezov.et.al..2010,Intercept]",0.999942331308705,32838.9753010702,12076.9241536089
"r_study.id[Sharma.and.Sharma.1984,Intercept]",1.00025598385597,17642.7088188582,12941.1574491153
"r_study.id[Sharma.et.al..1984,Intercept]",1.00010597749253,26446.1511202807,12247.8295015023
"r_study.id[Sheppard.et.al..2013,Intercept]",0.999947556443249,39694.4451803112,11976.8009690174
"r_study.id[Shine.et.al..2001,Intercept]",1.00007300971751,38922.760908234,11572.7115087798
"r_study.id[Shine.et.al..2004,Intercept]",1.00011544023567,34171.6668222088,13033.9577531142
"r_study.id[Shuster.1981,Intercept]",0.999976478445902,21273.9803598008,11806.5904962535
"r_study.id[Silva.et.al..2008,Intercept]",1.00035633201438,32632.8139758069,11744.7205226624
"r_study.id[Silventoinen.et.al..2003,Intercept]",1.00038153270104,27504.1932639577,11847.1881582998
"r_study.id[Smith.1946,Intercept]",1.00011439519551,23592.134054628,13426.7045092282
"r_study.id[Smith.and.Brockmann.2014,Intercept]",1.00009028918611,26566.3727019587,12085.1011269464
"r_study.id[Snead.and.Alcock.1985,Intercept]",0.999956527483511,24259.6275948279,13181.7528481712
"r_study.id[Sordalen.et.al..2017,Intercept]",1.00003659859895,33139.4834140955,11131.0181078707
"r_study.id[Sparkes.et.al..2006,Intercept]",1.00105252158561,36644.1083302293,11562.9924855975
"r_study.id[Spuhler.1962,Intercept]",1.00041423698176,9159.80786369424,12103.1645114306
"r_study.id[Spuhler.1967,Intercept]",1.00032161357257,30662.281214095,12162.4459566707
"r_study.id[Spuhler.1968,Intercept]",0.999978823348456,16676.4351401767,12692.3211776928
"r_study.id[Spuhler.unpublished,Intercept]",0.999932612236804,15629.3205480085,13894.8905116112
"r_study.id[Staessen.et.al..1985,Intercept]",1.00006031368119,23718.9146531194,13315.3217335455
"r_study.id[Stark.et.al..1990,Intercept]",1.00023418536955,11518.3474465677,12791.9011731739
"r_study.id[Stern.and.Jarvis.1991,Intercept]",1.00066300614755,30943.5205508937,11613.1589360201
"r_study.id[Stulp.et.al..2013a,Intercept]",0.999853058568935,23959.2519937581,12913.4133692994
"r_study.id[Stulp.et.al..2013b,Intercept]",1.00004774696167,28968.4376380325,10926.3309555648
"r_study.id[Stulp.et.al..2014,Intercept]",1.00028670455651,29882.9540640207,11450.2664103312
"r_study.id[Sullivan.1982,Intercept]",1.00006800210658,35426.3625282348,12048.2116101127
"r_study.id[Sullivan.1983a,Intercept]",1.00078819908858,35940.7911473953,11786.4146153484
"r_study.id[Sullivan.1983b,Intercept]",1.00006128375384,32226.1056024766,12498.5288541849
"r_study.id[Sunobe.et.al..2016,Intercept]",1.00003506887031,32099.6369968344,12100.5625967942
"r_study.id[Susanne.1967,Intercept]",1.00006186477549,28772.2201731552,12157.699010277
"r_study.id[Susanne.1977,Intercept]",1.00012931054467,12025.8242263013,11999.190628053
"r_study.id[Sutherland.et.al..2007,Intercept]",1.0003917245178,29792.9853397431,11128.4058876659
"r_study.id[Sutton.1993,Intercept]",1.0000880577042,14193.1694020652,12774.0629491954
"r_study.id[Svensson.et.al..2016,Intercept]",1.00056821230073,31052.8571307788,11205.2910969163
"r_study.id[Szekely.et.al..2018,Intercept]",1.00009632589937,33131.6011601237,10646.6613906811
"r_study.id[Taborsky.et.al..2009,Intercept]",1.00027125645256,24283.8064297007,11208.0265030274
"r_study.id[Takeshita.and.Henmi.2010,Intercept]",1.00031585504468,39685.8234627179,10932.8319821804
"r_study.id[Takeshita.and.Murai.2016,Intercept]",0.999993463187565,13022.0648809538,11254.6835144796
"r_study.id[Tambs.et.al..1992,Intercept]",1.0004965058923,31058.6551579018,11514.3482158633
"r_study.id[Tarano.and.Herrera.2003,Intercept]",1.00036025006087,39013.9757657126,11193.6031861069
"r_study.id[Teale.et.al..1994,Intercept]",1.00002198611337,28895.9340346093,11343.7709143668
"r_study.id[Telford.and.Dyson.1988,Intercept]",1.00030660815386,31534.4754617249,9817.04424662061
"r_study.id[Tenesa.et.al..2016,Intercept]",1.00019773942906,28506.0147906078,12077.9957407129
"r_study.id[Thomas.et.al..1995,Intercept]",0.999897419105539,28656.6382012983,11061.4833616015
"r_study.id[Thomas.et.al..1996a,Intercept]",0.999946005232971,26162.2558265283,11972.3602855821
"r_study.id[Thomas.et.al..1996b,Intercept]",1.00020725406278,25083.6800942117,12229.237164326
"r_study.id[Thomas.et.al..1998,Intercept]",1.00101594291685,39917.4553807767,10793.0566292212
"r_study.id[Thompson.and.Moule.1983,Intercept]",1.00039052889977,23368.3109523594,13412.6223518446
"r_study.id[Thornhill.1980,Intercept]",1.00005559686143,33653.8800695175,13095.7551035114
"r_study.id[To.et.al..1998,Intercept]",1.00040514903428,30551.1632160406,11827.0581502924
"r_study.id[Tomici.1939,Intercept]",1.00017570607376,6007.71505092057,9186.40870028729
"r_study.id[Tomiyama.1996,Intercept]",1.00045404829854,30231.9162982772,11223.3112820326
"r_study.id[Totterman.2015,Intercept]",1.00001141218387,28950.8545457414,11506.2821137582
"r_study.id[Trager.and.Daniels.2011,Intercept]",0.999870262410292,35538.6624850552,11178.5110855648
"r_study.id[Tryjanowski.and.Simek.2005,Intercept]",1.00002726837659,35749.2408014932,11969.4256182478
"r_study.id[Urfi.and.Kalam.2006,Intercept]",1.00069964062544,14304.4208270976,10413.8779947588
"r_study.id[Van.Rooij.and.Griffth.2012,Intercept]",1.0001099530347,25873.4396499476,11069.8125179651
"r_study.id[Veuille.1980,Intercept]",1.00030260942071,17158.6258771938,11438.5932652054
"r_study.id[Veuille.1986,Intercept]",1.00098975862751,32567.084030004,11249.8273811839
"r_study.id[Vieites.et.al..2004,Intercept]",0.999984883227593,20821.0085321162,13355.4760408208
"r_study.id[Vincent.and.Giles.2003,Intercept]",1.00018944088438,35718.9142843223,11963.1400689699
"r_study.id[Vines.and.Schluter.2006,Intercept]",0.99996011284844,30389.0831465925,10831.5596138336
"r_study.id[Vojar.et.al..2015,Intercept]",1.00004352150026,22582.7295170443,13027.4184509809
"r_study.id[Vreys.and.Michiels.1997,Intercept]",1.00020125468028,22984.532137329,11900.3702096608
"r_study.id[Vreys.and.Michiels.1998,Intercept]",1.00030591483794,29847.8910266915,12356.6216100442
"r_study.id[Wagner.1999,Intercept]",1.0005825860349,35330.3537102394,11570.1376882558
"r_study.id[Wagner.and.Sullivan.1995,Intercept]",1.00029690758832,22960.9573250472,12438.0644279149
"r_study.id[Wang.et.al..2017,Intercept]",0.999936381213129,28429.2946403697,10765.5715081159
"r_study.id[Wang.et.al..2018,Intercept]",1.00003907161519,28741.8971658103,11823.058477972
"r_study.id[Ward.1985,Intercept]",1.00084726360655,36763.4872864279,11649.679441805
"r_study.id[Ward.1986,Intercept]",0.999862116484973,23049.102584998,12589.3029863077
"r_study.id[Warkentin.et.al..1992,Intercept]",1.0009455034229,33706.1464757099,11364.9259274916
"r_study.id[Wells.1979,Intercept]",1.00053636412687,34525.7642874183,10617.0375042745
"r_study.id[Wen.1993,Intercept]",1.00010783025364,11319.1179768375,8842.4610101384
"r_study.id[Wiggins.1990,Intercept]",1.00010675383936,35721.2405571872,12321.4491998641
"r_study.id[Wilbur.et.al..1978,Intercept]",1.00011064452715,26818.1387204121,12223.999990472
"r_study.id[Willams.2007,Intercept]",1.00007809847212,31873.3387432198,11940.2662457273
"r_study.id[Willoughby.1933,Intercept]",1.00025236832438,10174.2050951532,12179.7076963448
"r_study.id[Wodarczyk.et.al..2016,Intercept]",0.999939347268132,30097.8553948895,10670.7153301619
"r_study.id[Wogel.et.al..2005,Intercept]",1.0007656364966,25224.0695774514,11992.8842070334
"r_study.id[Wolanski.et.al..1990,Intercept]",1.00039075273503,9147.12140613232,11584.6608275322
"r_study.id[Woodward.1982,Intercept]",1.00033053290203,29259.7343822173,13221.6470813693
"r_study.id[Xu.et.al..2002,Intercept]",1.00009212733546,22226.7191089917,12342.4033567276
"r_study.id[Yenisetti.and.Hegde.2003,Intercept]",1.0002879734386,26668.380975163,11721.2761330603
"r_study.id[Yoshida.1941,Intercept]",1.00001207120154,29093.5101645027,11009.2733864472
"r_study.id[Yu.and.Chen.2013,Intercept]",1.00029091072865,28912.8088261017,11571.0177459573
"r_study.id[Yu.and.Lu.2010,Intercept]",1.00038083360727,27346.9446198306,12013.4114861397
"r_study.id[Yu.and.Lu.2012,Intercept]",1.00116404522943,26465.7361482556,11851.2813950004
"r_study.id[Yu.and.Lu.2013,Intercept]",1.00001717195481,31284.3216704815,12274.8278683683
"r_study.id[Yu.and.Sharma.2012,Intercept]",1.00032890729023,25587.1187932627,11587.3733312591
"r_study.id[Yu.and.Wang.2013,Intercept]",1.00013967540197,35938.398525918,11824.0685452876
"r_study.id[Yu.et.al..2013,Intercept]",1.00066689223507,27331.8184108165,11379.9156371193
"r_study.id[Yu.et.al..2016a,Intercept]",1.00042903783286,29031.8431289226,11566.2511538138
"r_study.id[Yu.et.al..2016b,Intercept]",0.999996748706908,37622.8310794687,10927.6549054421
"r_study.id[Yusa.1996,Intercept]",1.00035346854507,36886.0703724803,12523.0119301443
"r_study.id[Zielinski.1998,Intercept]",0.999995800112856,13901.9252093516,10207.1008791141
"r_study.id[Zietsch.et.al..2011,Intercept]",1.00009768792556,18501.4576450471,12544.1701439976
"r_study.id[Zimmer.and.Schneider.2014,Intercept]",1.00074378269462,29800.649493105,11555.3530521076
"lprior",1.00059370687831,4996.9139026508,6599.19717690509
"lp__",1.00125180394077,3620.09226882636,7423.88996767019
"z_1[1,1]",1.00013904243544,31632.2343971822,12473.6115604138
"z_1[1,2]",1.000804798781,40420.1580311852,10908.1140209186
"z_1[1,3]",1.00008090347595,37544.7268979009,11392.1463357704
"z_1[1,4]",1.00004806387267,38573.8748414645,10752.2735919725
"z_1[1,5]",1.00024571900631,37950.6339271564,10856.7332336707
"z_1[1,6]",1.00067846767566,40971.5148121282,10350.3569854353
"z_1[1,7]",1.0000554841844,41582.3272163788,9959.40053357268
"z_1[1,8]",1.00042558199234,40191.401104541,11803.8422926716
"z_1[1,9]",0.999904126630092,37670.2275354276,10858.1775431535
"z_1[1,10]",1.00006776267295,44474.5128948376,10954.5704297642
"z_1[1,11]",0.999898886835554,39391.1035262653,10158.5230272539
"z_1[1,12]",1.00019521395028,39646.2576000349,12343.7935102751
"z_1[1,13]",1.00039983196348,37669.3046914128,11430.8771603824
"z_1[1,14]",1.0002415907275,25271.9239680334,12042.8353687744
"z_1[1,15]",1.00050757523816,31717.432950501,11625.3999277821
"z_1[1,16]",1.00021779718545,42200.6924116203,11087.572263635
"z_1[1,17]",1.00017088717463,36888.6853371583,10679.4571582855
"z_1[1,18]",1.00044122862932,35631.1149189694,12299.6516246114
"z_1[1,19]",1.00007970277265,29608.3507311295,12263.0640490534
"z_1[1,20]",1.00045688737676,33417.6443020374,11862.7407742983
"z_1[1,21]",1.00025795286165,30043.680486638,12499.5609461077
"z_1[1,22]",1.00011684325996,32951.3228891538,12873.8193211042
"z_1[1,23]",0.999996164719438,34617.6747590139,11743.5256334719
"z_1[1,24]",1.00101610364409,36854.2291220647,10656.3185122242
"z_1[1,25]",0.999975358480243,33567.7971237272,12846.5419389449
"z_1[1,26]",1.00001186980613,41949.3327810265,10262.8536726537
"z_1[1,27]",0.999870087058105,36398.9414808767,11863.6770829777
"z_1[1,28]",1.00018372794103,20773.822799572,12395.415419085
"z_1[1,29]",1.00025414360063,20375.4371573208,13107.9704487231
"z_1[1,30]",1.00032741606168,38738.8422882858,11661.6869808651
"z_1[1,31]",1.0003639140785,37636.2664361719,10498.8552158223
"z_1[1,32]",1.0002611043897,34496.6977066552,12602.5702223094
"z_1[1,33]",1.00060464270086,35692.6521120715,11685.4169755063
"z_1[1,34]",1.00028764923263,43042.2143158597,11296.0785817597
"z_1[1,35]",0.9998875002307,35900.9290943193,10632.46082481
"z_1[1,36]",0.999937763994812,43866.3923300618,11441.7881985696
"z_1[1,37]",1.00061354249387,42115.2918789906,11429.3998663019
"z_1[1,38]",1.00069531860166,42353.1418784224,10640.1626611977
"z_1[1,39]",1.00025196075839,39089.1277092855,10219.2376986078
"z_1[1,40]",1.00015886760018,40832.0051891183,10866.3756148076
"z_1[1,41]",0.999896721205887,38586.8647106193,11709.9515754219
"z_1[1,42]",1.00034249788533,34909.2446441841,10764.2178517334
"z_1[1,43]",1.00045021133726,36120.8133895793,12974.8836113952
"z_1[1,44]",1.00023823872244,40291.7058993553,11979.1438092934
"z_1[1,45]",1.0005613877094,35878.3918054869,11326.725702744
"z_1[1,46]",1.00019269454346,33248.7311549443,12774.9783856297
"z_1[1,47]",1.00016776891051,38096.5708666939,11612.3247369029
"z_1[1,48]",1.00026595618362,36147.800432412,12517.9439903298
"z_1[1,49]",0.999871108770516,34304.8550090121,12246.8632044513
"z_1[1,50]",0.99997835567808,34425.7702604164,11570.5192135434
"z_1[1,51]",1.000052843255,42187.0401432017,10611.3691938345
"z_1[1,52]",1.00062167910587,40607.3474207755,9972.9324488896
"z_1[1,53]",1.00100461117956,44467.4015064906,11500.99355151
"z_1[1,54]",1.00037705352321,41951.3360650224,10012.9767135652
"z_1[1,55]",1.00039463535233,39831.3009160091,10144.1564679989
"z_1[1,56]",1.00007120280181,38295.3636852373,11018.0884102261
"z_1[1,57]",1.00067089308871,38508.5444415537,10599.3577270697
"z_1[1,58]",1.00011805679739,44020.0011561764,10934.33407581
"z_1[1,59]",1.0008477683856,42233.103951719,11441.1786650973
"z_1[1,60]",1.00070976862176,39506.8500163165,11151.2388018297
"z_1[1,61]",1.00057719054033,38882.4211671053,10883.2105882559
"z_1[1,62]",0.999935369429043,39134.4451334813,11158.9895240362
"z_1[1,63]",1.00077352368816,40804.203856839,11085.7800665462
"z_1[1,64]",1.00028942010712,41494.2001592025,11006.863399084
"z_1[1,65]",1.00029570709728,42780.8416547967,11120.895822926
"z_1[1,66]",1.00021083608049,36001.2214568795,12616.9045065878
"z_1[1,67]",1.00014840757758,36983.3323969538,10716.4942884333
"z_1[1,68]",1.00081550086529,42860.352031729,11049.1638537697
"z_1[1,69]",1.00006811096474,37780.0534203519,12363.955300621
"z_1[1,70]",1.00063704840087,36494.2414541245,12397.432309105
"z_1[1,71]",1.00039825683337,38889.3272802209,11866.8731045674
"z_1[1,72]",1.0012077048697,40800.1146467374,11731.8872871481
"z_1[1,73]",1.00017915263493,39031.0080161949,12592.6898455674
"z_1[1,74]",1.00006792254571,36706.7201677853,11283.0242710729
"z_1[1,75]",1.0001145628239,46100.0209363762,11248.4892833155
"z_1[1,76]",1.00060538825073,38796.7822698999,11768.0310616705
"z_1[1,77]",1.00016848339197,39753.0816789896,11628.967317208
"z_1[1,78]",1.00005397641084,42232.702266429,11119.5453766685
"z_1[1,79]",1.00016637662021,36938.007732847,11715.4566990996
"z_1[1,80]",1.00039323798985,37184.3483168006,11369.6224702482
"z_1[1,81]",1.00020534351103,35996.631714858,11484.7928269782
"z_1[1,82]",1.00005219693475,36883.9976255467,11789.7812473346
"z_1[1,83]",0.999981056553955,34916.9032029632,11269.6808686269
"z_1[1,84]",1.000444442897,40230.9568916509,11476.785880453
"z_1[1,85]",1.00011795881524,41246.62029979,10788.0272168347
"z_1[1,86]",1.00032138838694,39819.5472601506,11882.9449845236
"z_1[1,87]",1.00001453776035,38981.5606038917,10615.2725956107
"z_1[1,88]",1.00025052864056,39654.4389452456,11594.8793613451
"z_1[1,89]",1.00048198983437,41008.6860973829,11892.1445029779
"z_1[1,90]",1.0007925113356,36058.4044948544,11188.6580334977
"z_1[1,91]",1.00103482628265,41768.7596556499,11241.4488465631
"z_1[1,92]",1.000334305867,36210.7502406924,11476.9600576551
"z_1[1,93]",1.000029376954,36988.4562090705,10626.5885528476
"z_1[1,94]",1.00001853845388,37789.9293047456,12147.8688135493
"z_1[1,95]",1.00005475418529,36625.4295376935,12118.6024264501
"z_1[1,96]",0.999882386749895,32279.0857210765,11267.8282306694
"z_1[1,97]",1.00065797335031,37461.6568700306,11890.0595354081
"z_1[1,98]",1.0007737298525,40940.2394348848,10883.1665034372
"z_1[1,99]",1.00002086210559,35008.2911644499,12343.0619507103
"z_1[1,100]",1.00013683560093,34706.4711354235,12332.3497375107
"z_1[1,101]",1.00026530461259,32940.7232793097,11731.6516317942
"z_1[1,102]",1.00021927051229,33704.2973636999,11262.1854713747
"z_1[1,103]",1.0004787286119,37811.8377524043,11014.2190302256
"z_1[1,104]",0.99995558952316,44240.7127867957,11244.9192295056
"z_1[1,105]",1.0004494557948,38920.3900117219,11588.1329515637
"z_1[1,106]",1.0004796438781,35875.8027526265,12474.3176001854
"z_1[1,107]",1.00026193460412,28218.1249332408,12827.0855024671
"z_1[1,108]",1.00024036012883,34438.5311279117,11316.6246369626
"z_1[1,109]",1.00006456616454,34395.4084943543,12689.5524632852
"z_1[1,110]",0.999950774060126,37937.1822574765,12325.3356394324
"z_1[1,111]",1.00001962167558,41720.1870101543,11120.0575487127
"z_1[1,112]",1.00031740083022,41069.6675673227,11200.4469858795
"z_1[1,113]",1.00024437041794,37851.9621378977,10925.4311267408
"z_1[1,114]",0.999933570345446,38064.6283810923,10967.075737869
"z_1[1,115]",0.999859567136612,41331.15702534,11696.6391910559
"z_1[1,116]",1.00008573287733,41165.5658514965,10857.0534743327
"z_1[1,117]",0.999948760115498,42539.4586144664,11363.8450221428
"z_1[1,118]",1.00022885524381,42258.5032051542,11971.3442507559
"z_1[1,119]",1.00029362962232,38826.5524177026,10996.5826396288
"z_1[1,120]",0.999983050166916,41358.2312898344,10693.9434184963
"z_1[1,121]",1.00026944784631,38743.4449368418,11375.982276026
"z_1[1,122]",1.00008221178444,33871.7829941035,11647.7237892247
"z_1[1,123]",1.00013611882736,34657.0795719177,12603.192342784
"z_1[1,124]",1.00025876986237,33899.5490016586,11525.7854849071
"z_1[1,125]",1.00050474815572,36302.0258085547,11863.9753174695
"z_1[1,126]",1.0002892326537,38692.8760032843,11128.1534551172
"z_1[1,127]",1.00024613653863,34424.2474046352,11867.476617801
"z_1[1,128]",1.00047129444639,38406.6081440983,12336.425379743
"z_1[1,129]",1.00024781954115,31203.9553413023,12657.3382917996
"z_1[1,130]",1.0006007764796,39260.5205293817,11562.8023420585
"z_1[1,131]",1.00023460385787,40740.7835693561,11889.8433899222
"z_1[1,132]",1.00017763124969,40184.4180859724,11709.1818143187
"z_1[1,133]",1.00008768849229,34100.0608336823,11614.8276168531
"z_1[1,134]",1.00040047155844,39252.88047071,11413.3702990405
"z_1[1,135]",1.00008661911382,39442.7875266214,12246.4465753896
"z_1[1,136]",1.00016539460763,38781.7836249427,10942.1355024931
"z_1[1,137]",1.00066189821698,42633.4887649415,11916.3541332214
"z_1[1,138]",1.00053746191542,41914.3721667985,10015.5047302858
"z_1[1,139]",1.00073753508427,39631.5963793989,10640.1576741485
"z_1[1,140]",1.00002258618184,41662.5897933326,11229.0558288826
"z_1[1,141]",1.00119186330832,38860.0281120434,11522.7534123713
"z_1[1,142]",1.00025387973806,42017.6373471026,12030.0808029204
"z_1[1,143]",1.00011601669835,33459.5972562949,11737.0629978529
"z_1[1,144]",1.00031889800495,42603.6677105657,10863.0701974963
"z_1[1,145]",0.999964106141789,38132.5091342808,11441.4891636793
"z_1[1,146]",1.00025598067595,36004.2777944813,11425.5405344912
"z_1[1,147]",1.00029419338552,40987.8189006728,10421.6689255778
"z_1[1,148]",1.00047160678162,42676.8673810379,10431.5947718574
"z_1[1,149]",1.0002791303821,44903.6234897988,11496.3588491438
"z_1[1,150]",1.00020651872699,39697.7476567426,11123.7637441576
"z_1[1,151]",1.00108803477432,39591.0768409538,10784.8654755479
"z_1[1,152]",1.00013911304311,43150.0665117311,10587.3601594943
"z_1[1,153]",1.00008364316911,35497.5699719311,11688.4327337337
"z_1[1,154]",1.00056484125412,40127.3562282253,11461.2709773459
"z_1[1,155]",0.999963732794066,40363.0784459118,11176.6065665722
"z_1[1,156]",1.00049936129056,39482.3349093698,10812.3936919381
"z_1[1,157]",0.999878215729384,41078.2460504315,11778.1153918818
"z_1[1,158]",1.0003828940704,42810.1560802977,12033.6701316445
"z_1[1,159]",1.00009622287814,43173.266110699,10941.0171110661
"z_1[1,160]",1.00032470227372,41105.3094672999,10253.5665215373
"z_1[1,161]",1.00072011350133,39745.4827751548,10842.1449789053
"z_1[1,162]",1.0000504053609,37367.4015229259,12391.0903360203
"z_1[1,163]",1.00007840836349,40212.9353944841,10915.9854112114
"z_1[1,164]",1.0002892059353,39254.5647698968,12236.5844402885
"z_1[1,165]",1.0001115404555,42620.0770469105,10793.238591991
"z_1[1,166]",1.00015046994511,38901.4382476733,12237.3478870824
"z_1[1,167]",1.00063822786033,40728.1836270789,11849.5058144028
"z_1[1,168]",1.000177220312,38860.1297617893,10896.4323448721
"z_1[1,169]",1.00107250029337,37783.9673832801,10367.0977006067
"z_1[1,170]",1.00004609267392,42675.2639495038,10788.3957514426
"z_1[1,171]",1.00035476081531,40688.9939951941,11073.545037502
"z_1[1,172]",1.0009062388041,45346.8032827479,11186.1940323964
"z_1[1,173]",1.00015345986843,42666.8077916702,11140.6794334539
"z_1[1,174]",1.00061206715972,40313.6564727559,11028.1224991784
"z_1[1,175]",1.0005834864423,42099.6311844931,10730.6578362275
"z_1[1,176]",1.00022880702845,41615.4372221467,11432.2506147538
"z_1[1,177]",1.00013113230243,43139.5630513014,10755.4064693138
"z_1[1,178]",1.00083716279035,38781.7925502433,10649.8761731819
"z_1[1,179]",1.00020229695631,42928.4544987371,11296.9092631215
"z_1[1,180]",1.0004635341621,39588.2940876868,11622.4681988618
"z_1[1,181]",1.00063958046391,38600.2481967724,11857.4540744094
"z_1[1,182]",1.00075725192162,39094.5398785143,11396.138014758
"z_1[1,183]",1.00055576461178,41721.6144781755,11097.923642746
"z_1[1,184]",1.00022988616222,43734.2412706578,10070.682462438
"z_1[1,185]",1.00013221800353,39264.8180695281,10758.7533397553
"z_1[1,186]",1.00074590317184,39558.6493480681,10416.7717723688
"z_1[1,187]",1.00084819162526,39344.0962621215,10815.1477478974
"z_1[1,188]",1.00064958942939,41830.0157079138,12003.322488398
"z_1[1,189]",1.00034338690657,40211.5034186603,10463.3327165192
"z_1[1,190]",1.00003056225997,48218.8723580471,11240.0877340045
"z_1[1,191]",1.00010446835902,39778.7442710532,10928.801453727
"z_1[1,192]",1.00030228852349,42920.0258233107,11830.9584347733
"z_1[1,193]",1.00106605938361,38443.2440272308,11587.0294439322
"z_1[1,194]",1.00060180218102,39442.9606204367,10660.36424579
"z_1[1,195]",1.00068919407008,44251.9614294885,11047.7625217122
"z_1[1,196]",1.00011445772652,39085.1031557519,10902.7155775891
"z_1[1,197]",1.00031776443716,44500.2415744481,11234.4531450729
"z_1[1,198]",1.00066391766068,43024.9530257317,10980.606207083
"z_1[1,199]",1.00027778730575,37442.9282127492,10804.1382192752
"z_1[1,200]",1.00029279037304,43070.0947197472,11088.4942573768
"z_1[1,201]",1.00030617256665,38302.5170447505,11214.0474531335
"z_1[1,202]",1.00016018644581,44834.1406847896,11311.6359321091
"z_1[1,203]",1.00057994635793,41210.7915236515,11275.0525311716
"z_1[1,204]",1.00002217319684,38820.904499698,11111.0647843702
"z_1[1,205]",0.999896258680812,38123.3012120706,11125.0134489438
"z_1[1,206]",0.999932916099598,42119.0706084674,10327.3106645888
"z_1[1,207]",0.999919821812583,44875.154569318,11232.3851577686
"z_1[1,208]",1.00030134275705,39234.7675886929,11145.0183756623
"z_1[1,209]",1.00038323453168,41046.9305469112,11946.948323851
"z_1[1,210]",1.00077467759146,41373.1723506877,11036.5036253133
"z_1[1,211]",0.999964212012365,42593.6613125741,11543.7448279286
"z_1[1,212]",1.00030229618234,41424.4306209329,11487.8654525692
"z_1[1,213]",0.999974254900071,43121.1819965996,11239.7412992771
"z_1[1,214]",1.00103968771749,38136.8454894615,10987.42805299
"z_1[1,215]",1.00051614530211,41151.3121198144,11916.6210362373
"z_1[1,216]",1.00114471653636,38649.3284721072,10790.2572369076
"z_1[1,217]",1.00039524107267,39992.5190702278,10327.4662894768
"z_1[1,218]",1.00025265005766,40017.9323291468,10690.9808916222
"z_1[1,219]",1.00077766198037,41836.3967929377,11816.2748547405
"z_1[1,220]",1.00036836272506,42594.823946063,10756.1119963977
"z_1[1,221]",1.00008445405444,41547.2975553472,11226.6517952439
"z_1[1,222]",1.00059291862319,41758.6454872405,10344.1634132082
"z_1[1,223]",1.0007022815854,39640.0920176332,11684.282383686
"z_1[1,224]",1.00071798470797,41607.1130647118,10778.3952414995
"z_1[1,225]",1.00043725567703,39676.8505729285,11430.640351554
"z_1[1,226]",1.00028456795619,41431.5584404862,10657.322473137
"z_1[1,227]",1.00031934842039,40213.52625951,11967.3443396381
"z_1[1,228]",1.00011079987915,41496.3903478995,11356.9778708462
"z_1[1,229]",0.99983575694755,29293.219796392,12262.2648102994
"z_1[1,230]",1.00014516360778,43462.3335571887,10716.0974235138
"z_1[1,231]",1.00030026284538,41059.631369468,11336.5610260349
"z_1[1,232]",0.999918266972335,39674.0919451608,10584.075115773
"z_1[1,233]",1.00037539680466,44002.9675386084,10233.8547659204
"z_1[1,234]",1.00055592619841,39857.1334731334,11435.5736955723
"z_1[1,235]",1.00033048089072,44859.975445344,11504.5115745696
"z_1[1,236]",1.00032993230916,41132.5586385725,12425.9018478283
"z_1[1,237]",0.999976217407897,39325.9807365421,12392.2803427231
"z_1[1,238]",1.00037319134432,34234.3899208576,11887.1188082412
"z_1[1,239]",1.00058892245489,36618.9353362368,12297.9199477344
"z_1[1,240]",1.0000550998858,35214.7368035269,11883.3180151517
"z_1[1,241]",1.00035409216738,37627.4176032724,11539.7562285251
"z_1[1,242]",1.00068661077487,33391.3593098011,11435.0210325856
"z_1[1,243]",1.00082935151629,42313.3731050657,11621.7150235748
"z_1[1,244]",1.00005450787754,36851.8824053534,11033.933492125
"z_1[1,245]",0.99992570373983,38098.9676340338,12375.5350934284
"z_1[1,246]",1.0000802074168,36713.04171564,12955.4836666851
"z_1[1,247]",1.00057381781663,33035.2375178947,13093.1718778553
"z_1[1,248]",1.00040673487629,33320.9965957512,12637.9513889937
"z_1[1,249]",1.00035377912749,30887.8019005106,13562.317862719
"z_1[1,250]",1.00117270841648,35015.9015725242,11983.6255202843
"z_1[1,251]",1.00076895374739,34127.128919116,13324.6626198281
"z_1[1,252]",1.000243737514,27274.7304801164,13362.6309296561
"z_1[1,253]",1.00080500916337,41476.0868705477,10876.7586653637
"z_1[1,254]",1.00018609931281,43226.1656886503,11558.5456006076
"z_1[1,255]",1.00035352835332,42426.9649012508,10726.5984819559
"z_1[1,256]",1.00004005798636,38871.0031017299,11479.0708177424
"z_1[1,257]",1.00062802466201,40279.0257660227,11996.4425337024
"z_1[1,258]",1.00012329036624,42272.9305309969,10984.9470082666
"z_1[1,259]",1.00060704204104,41876.6025432816,11489.5662593182
"z_1[1,260]",1.00076949609238,38952.3142446755,11491.9134442371
"z_1[1,261]",1.00050249559979,40272.4638806233,11010.4644134739
"z_1[1,262]",1.0007790580993,37553.4134150641,11125.9299869311
"z_1[1,263]",1.00044665933339,38099.2632259496,10721.0761169971
"z_1[1,264]",1.00169848494442,37894.6248180371,11124.5049310458
"z_1[1,265]",1.00009917164755,40041.042519211,10889.5312603667
"z_1[1,266]",1.00151327404199,45655.683086264,11717.016572625
"z_1[1,267]",0.999979295567454,40767.8697987125,11269.3620545758
"z_1[1,268]",1.00006017263826,33484.5688425002,11724.5601092878
"z_1[1,269]",1.00004344196351,36198.6581324577,11145.7340169008
"z_1[1,270]",1.00030073834242,35415.0931571177,12530.3950561645
"z_1[1,271]",1.00086354241384,36041.416822616,11552.8207000828
"z_1[1,272]",1.00029950377372,39531.1143535575,11442.8534662328
"z_1[1,273]",1.00023219637272,37105.6961681288,11367.6998207894
"z_1[1,274]",1.00004342105918,40535.8416749187,10532.8389570209
"z_1[1,275]",1.00178574052197,39540.3381998373,11270.5765570717
"z_1[1,276]",1.00023027384489,39420.5557497683,11165.5109030276
"z_1[1,277]",1.00018269401411,44549.5573414723,11181.1008362919
"z_1[1,278]",1.00016082470357,41741.5095210393,10816.2049886355
"z_1[1,279]",1.00047057070942,39767.5071915402,11070.7850869024
"z_1[1,280]",1.00033065998101,38824.380251917,11682.6932937499
"z_1[1,281]",1.00007348939971,36617.4250695993,12481.183465503
"z_1[1,282]",1.00046553055051,40171.3734857064,11861.5179020448
"z_1[1,283]",1.00067252024908,38061.9061082516,12017.5617353896
"z_1[1,284]",1.00006655294473,42876.7301721756,11723.6692144162
"z_1[1,285]",1.00066772603389,43374.2068277256,10572.417662648
"z_1[1,286]",1.00037175009269,39449.5289048255,10719.783724001
"z_1[1,287]",1.00015155665833,35784.1387154037,11266.1872895613
"z_1[1,288]",1.00042053450064,39913.2850166706,12065.5429843253
"z_1[1,289]",1.00025041510008,41881.1082378181,11362.6692429223
"z_1[1,290]",0.999977790412959,35770.6201214033,11222.6208523313
"z_1[1,291]",1.00062506676267,41308.4108304974,11167.8581084869
"z_1[1,292]",1.00040471723239,36398.6346383269,12269.7752543904
"z_1[1,293]",1.00136781167609,37888.4705631236,12521.9248939766
"z_1[1,294]",1.00018532794781,19613.4169556523,12343.4653530982
"z_1[1,295]",1.00013035075672,19380.7277077954,12724.0281341733
"z_1[1,296]",1.00000114184529,22902.4232165612,14610.8972538448
"z_1[1,297]",0.999869686865679,23737.2758196301,14025.9971069445
"z_1[1,298]",1.00000449987186,24665.297981193,12771.6199703706
"z_1[1,299]",1.00010918432754,26200.0344554565,13330.4527328586
"z_1[1,300]",1.0003685347331,37895.0760598559,10819.5221036364
"z_1[1,301]",1.0001228744744,40635.2684686411,11096.5589129577
"z_1[1,302]",1.00033540234199,35806.527800239,10983.3878124642
"z_1[1,303]",1.0004777750473,39726.6360181801,11208.5187162791
"z_1[1,304]",1.00045645719077,39131.9605277067,11200.3672074113
"z_1[1,305]",1.00004992707902,29760.6687809855,12689.6013232218
"z_1[1,306]",1.00044797676239,39435.3672832491,11428.2681855289
"z_1[1,307]",1.00053665782059,35760.2663546727,12000.6442336401
"z_1[1,308]",1.00010476817373,40945.0780155421,11295.0574698256
"z_1[1,309]",1.00053871322201,36556.4170040244,11421.1410375384
"z_1[1,310]",1.00038658801171,38676.2094321192,10833.3653244294
"z_1[1,311]",1.00034296239521,38558.7927263036,11326.0120933838
"z_1[1,312]",0.99991569098313,34109.423727571,12069.8450214853
"z_1[1,313]",1.00022214830795,32056.101967813,11629.9354468479
"z_1[1,314]",1.00023891725182,35239.4001698756,12546.2436382938
"z_1[1,315]",1.00082273824421,38722.4398026789,10762.3639522725
"z_1[1,316]",1.00004739957297,41596.7328871958,10421.1815781731
"z_1[1,317]",1.00041571205658,42967.1871951766,10571.991144821
"z_1[1,318]",1.00001706100229,41171.8216955355,11551.1977851253
"z_1[1,319]",1.00052335411446,41034.8503428208,12203.8585405158
"z_1[1,320]",1.0010316721086,44806.9637843136,10739.6434986799
"z_1[1,321]",1.00070976977416,28294.4503918139,11867.8715789397
"z_1[1,322]",1.00050200474141,37008.6664373183,11937.9644679794
"z_1[1,323]",1.00112540953361,34269.3353722801,11638.0298329869
"z_1[1,324]",1.00073527984123,39552.267860722,11430.5866624927
"z_1[1,325]",1.00013027865952,36621.2010740446,11533.1752077144
"z_1[1,326]",0.999942402971108,35687.2314645786,11781.9487586315
"z_1[1,327]",1.00060669219529,40195.9064069858,10798.8335084197
"z_1[1,328]",0.999949340937327,38468.0700995407,11154.1959377892
"z_1[1,329]",1.00042400021876,32699.9320681554,12159.3256951198
"z_1[1,330]",1.00056453750432,22727.6591912312,13328.629373242
"z_1[1,331]",1.00049421561715,28832.7026740846,13760.4147320539
"z_1[1,332]",1.00114043870382,31701.7359134101,12087.783151428
"z_1[1,333]",1.00006701691579,44033.6420167419,10935.3163736892
"z_1[1,334]",1.00029933912402,36233.8590681688,10815.8727396959
"z_1[1,335]",1.0005682791303,36909.1451485897,12287.6486449876
"z_1[1,336]",1.00000064734603,37281.3395053817,11469.611774034
"z_1[1,337]",1.00059335006748,40459.1979799771,11324.6109585075
"z_1[1,338]",1.00003288558554,32993.6486262049,12473.3193975314
"z_1[1,339]",1.00056630071371,37315.1732330347,11111.4866627959
"z_1[1,340]",1.00043086422395,36841.0237279336,11791.6302146181
"z_1[1,341]",0.999867755525832,23030.3010643598,12202.8038893532
"z_1[1,342]",1.00029632116298,25530.3029506392,13390.1251484401
"z_1[1,343]",1.00005456522511,25743.3016063885,12993.8200785482
"z_1[1,344]",0.999998927297628,28479.2083679157,13432.677069068
"z_1[1,345]",1.00014633489818,23049.1133284001,12794.1365602377
"z_1[1,346]",1.00040682927048,22489.3289049616,13353.9611483123
"z_1[1,347]",1.00020744980536,23677.3260604382,13215.6536221468
"z_1[1,348]",1.00004449031882,22224.2427261618,14133.8216451487
"z_1[1,349]",1.00020322310891,23730.009371806,14592.7929634453
"z_1[1,350]",1.00074127205715,30872.450316939,13321.621992855
"z_1[1,351]",0.999969830368657,31952.9736077755,13304.9550362094
"z_1[1,352]",1.00013324042134,32411.7419757083,12255.8561715729
"z_1[1,353]",1.0004101597989,33871.5147279731,10946.1625433518
"z_1[1,354]",1.00067385557902,31573.7869011287,11449.495986714
"z_1[1,355]",1.00063337541817,41753.8026773997,10813.5947899514
"z_1[1,356]",1.00061202820503,41603.4139087425,11304.9009188049
"z_1[1,357]",1.00035277737531,39588.5088282549,11164.2657597441
"z_1[1,358]",1.00008318974751,21593.0562563177,12610.7926446083
"z_1[1,359]",1.00002149197636,27499.9830820056,13216.1338124281
"z_1[1,360]",1.00024882529924,28240.2295873778,14170.713289678
"z_1[1,361]",1.00002857694401,30123.8715551938,11507.7217785963
"z_1[1,362]",0.999971724267159,36396.9533340187,11370.8856641156
"z_1[1,363]",1.00035598098165,36614.8672296563,11996.4331154737
"z_1[1,364]",1.00017306999229,36391.9504588977,12332.8061736717
"z_1[1,365]",1.00064395710806,35566.4695431383,11781.1380365259
"z_1[1,366]",1.0000835053006,40089.6283191303,12319.2117816773
"z_1[1,367]",1.00013468433689,35987.54549063,12281.8286594115
"z_1[1,368]",1.00036194863091,40417.3134362732,12323.2395239768
"z_1[1,369]",1.0008596604035,37362.6319323494,12981.0608146171
"z_1[1,370]",1.00011329223616,38930.9098372629,11136.9268420447
"z_1[1,371]",1.00014758696055,43055.4413153979,10897.1887546463
"z_1[1,372]",1.00009805435262,38223.0671467785,11678.9078253824
"z_1[1,373]",0.999997544859702,41203.1605968708,10353.8567089145
"z_1[1,374]",0.999969606106763,26951.1960164481,13029.6727142984
"z_1[1,375]",0.999933413855571,25631.8635951347,11398.35051704
"z_1[1,376]",1.0000149594298,38226.378089566,12173.5406116198
"z_1[1,377]",1.000733283724,41922.7445265202,10507.5268440329
"z_1[1,378]",1.00054114120736,40957.033889859,11138.8715659845
"z_1[1,379]",1.00084205935027,41775.4596683366,11481.8482437343
"z_1[1,380]",1.00002570379887,37102.4221660546,11592.1819548515
"z_1[1,381]",1.00008619743902,39138.8598429758,12348.8332826104
"z_1[1,382]",1.0010217265816,40177.8383868073,11165.3737688667
"z_1[1,383]",1.0003419767694,38010.9695618083,10363.3241298787
"z_1[1,384]",1.00034243272055,39766.0339801013,11522.279996682
"z_1[1,385]",0.999846047414215,32121.159175481,12083.8402889833
"z_1[1,386]",1.00017839321475,33181.8723236627,13235.566138772
"z_1[1,387]",1.00013770148287,35651.8961488152,11775.4764874946
"z_1[1,388]",1.00087736544247,33937.1379633161,12551.8943189095
"z_1[1,389]",1.00075039175664,31511.8493631016,13324.1477767117
"z_1[1,390]",0.999975266907252,35243.1964727346,10971.2329146828
"z_1[1,391]",1.00017938983048,38853.5003402025,11903.6284944049
"z_1[1,392]",1.00003896518267,40819.5413569885,11586.8586270881
"z_1[1,393]",1.00035493284193,38060.7171312046,11041.5057701187
"z_1[1,394]",1.00071260894676,43609.3312222301,11005.0723854984
"z_1[1,395]",1.00012244300221,38399.4134152445,10282.0980866208
"z_1[1,396]",1.00003614493163,40286.13072675,10581.1817801531
"z_1[1,397]",1.00008781054273,40757.799809419,11506.704348915
"z_1[1,398]",1.0004165014286,43107.5941284743,10772.7315503811
"z_1[1,399]",1.00048751494571,40666.9532107565,10920.1631698521
"z_1[1,400]",0.999973209183541,43636.2689344916,11081.753648988
"z_1[1,401]",1.00035025165285,39537.3451764929,11092.2400474983
"z_1[1,402]",1.0006966569061,38361.2913523737,10996.5985674053
"z_1[1,403]",1.0012936097861,38887.6009794213,10983.9447524162
"z_1[1,404]",1.00059688919291,43145.213858629,11687.9709891381
"z_1[1,405]",1.00047272633443,44214.2369565833,11128.0843503447
"z_1[1,406]",1.00042594466272,38926.7741501218,10348.6014035568
"z_1[1,407]",1.000260605973,42895.6809373222,10959.1226262229
"z_1[1,408]",1.00028953344871,44929.5622679824,10822.8991990567
"z_1[1,409]",1.00062168723033,41931.7677862043,10995.2083581157
"z_1[1,410]",1.00019919849255,43376.5398850899,11654.9694060618
"z_1[1,411]",1.00023816665619,43298.213674793,10226.6661175433
"z_1[1,412]",0.999986793192347,40548.4819247047,11609.3233075649
"z_1[1,413]",1.00007760942272,43217.1716285771,11568.1900238922
"z_1[1,414]",0.999942187613974,39185.2134939564,10821.145030985
"z_1[1,415]",1.00016407803646,41927.1611276629,10961.2143348554
"z_1[1,416]",1.00028953292337,37602.9673186561,10308.3359697079
"z_1[1,417]",1.00023367783057,40147.3606416283,10297.1958196459
"z_1[1,418]",1.00022119188693,38777.6360498922,11148.0226245741
"z_1[1,419]",1.00048616337567,45980.6351013384,11338.1421862206
"z_1[1,420]",1.00019428151707,43902.3747390065,11805.8135968826
"z_1[1,421]",1.00040310087802,41680.639912367,10784.7244470695
"z_1[1,422]",1.00045845518853,42208.2289474762,9506.66553706848
"z_1[1,423]",1.00138326962058,44891.851838381,11098.4980279304
"z_1[1,424]",1.00009935075168,41281.9388672917,11024.8900219224
"z_1[1,425]",1.00034057158292,38941.6508314329,10657.6362623186
"z_1[1,426]",1.00011955029352,41403.9093341755,10757.9645050855
"z_1[1,427]",1.00012723261122,40537.3606843243,9693.79041077455
"z_1[1,428]",1.00034037037624,41574.4981756411,11230.5740230938
"z_1[1,429]",1.00053644103345,42370.8351477685,10951.7075948812
"z_1[1,430]",1.0002260402029,37806.8014919692,10274.7228721057
"z_1[1,431]",1.00116989353776,39933.3075376633,10896.4584822616
"z_1[1,432]",1.00016083665623,37372.2939956269,10697.6905150445
"z_1[1,433]",0.9998792536722,41439.0965748611,11165.5431598723
"z_1[1,434]",1.00037950737056,43554.6630224179,11037.9757129754
"z_1[1,435]",1.00037042930784,40288.0506525511,11749.955508268
"z_1[1,436]",1.0006616161646,41761.818680687,10341.3300634881
"z_1[1,437]",1.00025019856556,37051.645627604,11657.5608366508
"z_1[1,438]",1.00004884668128,39988.0373136776,11715.4141624087
"z_1[1,439]",0.99996862098893,42011.638544347,10505.0646604045
"z_1[1,440]",1.00021639313215,42875.6010264395,10666.4780782505
"z_1[1,441]",1.0004046829729,39115.9613438735,10160.5913938218
"z_1[1,442]",1.00032154872388,40594.6200555143,10750.7874951874
"z_1[1,443]",0.99997388860832,44945.1183981721,11183.6351873936
"z_1[1,444]",1.00095817869953,39965.1054815152,10550.0472720295
"z_1[1,445]",1.00008016162787,42274.9404660562,10149.1423202202
"z_1[1,446]",1.00058969830439,36471.6088908588,11935.837916128
"z_1[1,447]",1.00017716366998,35467.6203758946,12800.3310991391
"z_1[1,448]",1.0003325787604,37081.5369497327,12588.6865285239
"z_1[1,449]",1.00007868296642,36409.0327945701,11925.4158005497
"z_1[1,450]",0.999944073605927,40769.3956418219,11061.9134504441
"z_1[1,451]",1.00085540962542,39030.9412489748,10633.1137422064
"z_1[1,452]",1.00052617888433,40031.3872150128,10716.9176360833
"z_1[1,453]",1.00011506840054,41728.4308474427,11284.9397231453
"z_1[1,454]",1.00034521879991,42241.9878649279,10513.5178919912
"z_1[1,455]",1.00026010506028,43079.2729308302,11610.5074554956
"z_1[1,456]",1.00050405809882,40443.4174616787,10823.5680594483
"z_1[1,457]",1.00055290944274,38386.4758332261,11538.1474701097
"z_1[1,458]",1.00018995426417,37765.5948628982,10830.7408325781
"z_1[1,459]",1.0005475411384,43273.6699513831,10231.1116396732
"z_1[1,460]",1.00034622867286,43296.3815007303,11282.7463526533
"z_1[1,461]",1.00013738379282,40542.4042881584,9753.91302777514
"z_1[1,462]",1.00005363892474,37382.5958665162,11265.3421493216
"z_1[1,463]",1.00072522086057,41823.2384832112,10667.3351074766
"z_1[1,464]",1.00004242461156,36240.053517151,11050.6765434389
"z_1[1,465]",1.00058593491091,29394.6042440632,11580.2569478741
"z_1[1,466]",1.00037777648688,13961.6414731873,12412.383406601
"z_1[1,467]",1.00025912469414,13884.6470288829,13083.0571008232
"z_1[1,468]",1.00024613533859,15043.1985818567,13770.4491402114
"z_1[1,469]",0.999998027029991,14115.5482359075,13038.0173352822
"z_1[1,470]",1.00005163143317,41352.1145008089,11554.8349351084
"z_1[1,471]",1.0002731745937,34770.1824483087,12397.8357368224
"z_1[1,472]",1.00024408948201,37023.3604332165,11601.9893812993
"z_1[1,473]",1.00040097184215,34395.241792584,12408.0566940719
"z_1[1,474]",1.00009090673404,37610.5969573011,11063.4821196964
"z_1[1,475]",0.999946074755246,40839.3335095396,11753.0178100589
"z_1[1,476]",1.00014115688801,19182.28073182,11604.4476982066
"z_1[1,477]",1.00042948870326,40332.5067145324,11291.0692161949
"z_1[1,478]",1.00082878036859,40385.0585369673,10385.1147999915
"z_1[1,479]",1.0001684981567,41986.3648370191,11137.1851356698
"z_1[1,480]",1.00032293534197,45928.6111322168,10980.5276968112
"z_1[1,481]",1.00069133368328,40200.9345874038,10789.1936431782
"z_1[1,482]",1.00054934043923,44055.3999006131,11069.4736952685
"z_1[1,483]",1.00042691744089,38169.5010306296,11053.6214482119
"z_1[1,484]",1.00017321054781,41999.9446266916,11032.5436993488
"z_1[1,485]",1.00046011323153,42339.4812195882,10620.2527111738
"z_1[1,486]",1.0002216379055,39374.665978423,11240.9961360246
"z_1[1,487]",1.00029408831688,43513.8196169213,11133.7199635167
"z_1[1,488]",0.999959046788741,38871.2637584288,10558.4884338579
"z_1[1,489]",1.00115477721179,41887.5054071947,10928.4425776979
"z_1[1,490]",1.00037079247072,39310.2079609005,10839.922047151
"z_1[1,491]",1.00105960682524,36941.6080264863,10634.3255778613
"z_1[1,492]",1.00128558643229,40205.6257310839,11125.9116077114
"z_1[1,493]",1.00008788185796,33680.7767459768,11783.423261486
"z_1[1,494]",1.00048958308278,34043.3175956022,12353.5194504872
"z_1[1,495]",1.00040893834389,36889.063960859,11719.9239820174
"z_1[1,496]",1.00003851381989,33008.4922467384,12858.0059313165
"z_1[1,497]",1.00019952833773,37040.4998938119,12489.6902096458
"z_1[1,498]",1.00029306341513,41563.5763632191,11154.4672228986
"z_1[1,499]",1.00009508121447,43872.3032605533,11385.9027455753
"z_1[1,500]",1.00027145353605,37204.9267930153,10703.8199196647
"z_1[1,501]",1.000158783272,42330.4756265832,11387.0167652803
"z_1[1,502]",1.0000413352993,38673.4359922674,11293.2401568076
"z_1[1,503]",1.00048691450847,41530.4593495364,12020.2604107574
"z_1[1,504]",1.00046689894321,39288.1403190641,11045.6453958791
"z_1[1,505]",1.00051313983142,38586.6915346792,11564.8425097637
"z_1[1,506]",1.00042660197851,37772.4203677306,10606.852124833
"z_1[1,507]",0.999908893087511,26399.6049586703,13389.037697605
"z_1[1,508]",1.00077277287815,28112.6783511461,11969.9203330398
"z_1[1,509]",1.00003502414455,36001.5090960693,11854.1200105717
"z_1[1,510]",1.00018613663887,26001.13873951,12226.7077158358
"z_1[1,511]",1.00061867508314,33906.6938118712,12541.0820698034
"z_1[1,512]",1.0004142210319,35456.0638924519,12178.4005035682
"z_1[1,513]",1.00016354799829,38556.2666081401,11935.9879811288
"z_1[1,514]",1.00007677314293,39168.6378648711,12379.8589568944
"z_1[1,515]",1.00038954849544,44327.0885097582,11063.4597590672
"z_1[1,516]",1.00016734841917,44274.3540198791,12813.0785288743
"z_1[1,517]",1.00065239748185,41246.6774330729,11225.8059260552
"z_1[1,518]",1.00009629208018,38252.7674115777,12232.2094992085
"z_1[1,519]",1.00021838474751,32179.3950275454,12376.0396754058
"z_1[1,520]",1.00102331970833,33940.3679168061,12826.6068179712
"z_1[1,521]",1.00040917333716,35023.6660608439,12279.9779877527
"z_1[1,522]",1.00003216111865,32606.516097525,13631.462247231
"z_1[1,523]",1.00002966661859,35418.9848507327,11287.6529484041
"z_1[1,524]",1.00056433787214,33655.1293903307,11550.2592051023
"z_1[1,525]",1.00014736895634,30382.422198549,13473.6245579352
"z_1[1,526]",1.00007768861949,39086.6737685854,11170.2042056252
"z_1[1,527]",1.00027446056279,35984.4836137755,12483.738537555
"z_1[1,528]",0.999943541287168,33537.9934451982,12004.8871295937
"z_1[1,529]",1.00025004922801,42797.1288782343,10815.3798517575
"z_1[1,530]",1.00032864532477,38674.5194972435,12215.8684365752
"z_1[1,531]",0.999913901205736,41590.9390050201,12065.377511604
"z_1[1,532]",1.00002811238131,37872.0397989537,11073.5844593912
"z_1[1,533]",1.00041148003732,28847.4918468973,12224.7262130414
"z_1[1,534]",1.00065983044588,36401.3998124124,11577.1398415437
"z_1[1,535]",1.00009400914812,42500.9824768177,10580.4746978706
"z_1[1,536]",1.00015541294624,39995.5606144543,10434.9838875694
"z_1[1,537]",0.999990105312627,37914.0694455602,11922.8703545145
"z_1[1,538]",1.00107526629026,37294.0267440285,11029.8964377161
"z_1[1,539]",1.00005288355131,42654.5421899633,10421.5350762149
"z_1[1,540]",1.00043643365478,39591.6447727038,11343.2711904933
"z_1[1,541]",0.999842393990178,41262.6057461001,10296.79364102
"z_1[1,542]",1.00070825390658,37623.097374138,11399.9922607828
"z_1[1,543]",1.00034316607218,37870.151680239,11325.8482651151
"z_1[1,544]",1.00013360082938,34970.5475438083,10656.012983622
"z_1[1,545]",1.00009523795891,40785.9532800537,10473.5619507287
"z_1[1,546]",1.00026510639644,39032.1013313731,11936.2082310506
"z_1[1,547]",1.00072570751879,37918.0232960397,11415.4639978979
"z_1[1,548]",1.00096157004415,39904.1496236996,10884.5301397231
"z_1[1,549]",1.00019155030169,40336.9245908517,12009.7064576821
"z_1[1,550]",1.00020750017059,36167.2769149626,12051.2231115862
"z_1[1,551]",1.00063993473801,41654.1728599681,10797.5773785934
"z_1[1,552]",1.00080524292134,37676.0692717992,11543.9957516602
"z_1[1,553]",1.00022530056774,41067.1682398272,11048.5526188721
"z_1[1,554]",1.00029528485551,32807.2496533697,11831.3534479065
"z_1[1,555]",1.00045880581192,38253.4445987877,11174.5358400691
"z_1[1,556]",1.00039111834985,40645.7617579599,10590.8491923833
"z_1[1,557]",1.00037807953276,35933.9106885187,11222.4786131063
"z_1[1,558]",0.999847885585492,37596.3528192838,11675.9448328568
"z_1[1,559]",1.00036617586341,30146.3683455565,12837.936764847
"z_1[1,560]",1.00010947047289,31568.3046536906,13394.5681474879
"z_1[1,561]",0.999973466766658,26979.3146182325,13142.8863241564
"z_1[1,562]",1.00027704919722,19365.5326004884,12511.8282396761
"z_1[1,563]",1.00011672287542,19046.6158027545,12539.3995043067
"z_1[1,564]",1.00030578885945,42025.6115323208,11317.5152247491
"z_1[1,565]",1.00064662392458,40622.6584365087,11282.6738151267
"z_1[1,566]",1.00073524255388,41533.4838512304,11784.2833697638
"z_1[1,567]",1.00013093604331,27516.3639611122,12219.9755487802
"z_1[1,568]",1.00013696119464,31171.7171972099,12576.6044341582
"z_1[1,569]",1.00047561214065,34146.6712957842,12640.1712934265
"z_1[1,570]",1.00089577781197,34180.5389796277,12143.3557562017
"z_1[1,571]",1.00048749774599,38982.8780868535,11793.4810876966
"z_1[1,572]",1.0002815446724,42804.3932047758,11011.9528182342
"z_1[1,573]",1.00009959040895,36333.0937102632,12958.0168329786
"z_1[1,574]",1.00017475732617,32649.0215883787,11926.5202656215
"z_1[1,575]",1.00003141845765,23105.8461002177,14193.421478544
"z_1[1,576]",1.00009038344366,31377.0217620216,12154.7243459169
"z_1[1,577]",1.00003678717167,22953.6174700353,12943.64824205
"z_1[1,578]",1.00008526060147,31777.2292075257,11553.7217872835
"z_1[1,579]",1.0003017444001,30928.8194006607,11973.0139658231
"z_1[1,580]",1.00028621600219,30946.2596246053,12008.0134641298
"z_1[1,581]",1.00005246666104,23238.4523484205,14245.8668922785
"z_1[1,582]",1.00017335264965,31282.2346797795,10476.9179138038
"z_1[1,583]",1.00015520871998,23035.9324545177,12611.6295834953
"z_1[1,584]",1.00017247746424,29209.3933693166,12407.0535845703
"z_1[1,585]",1.00025546069792,37329.4560899731,11301.5930498891
"z_1[1,586]",1.00049730545556,36950.9382178314,11076.8666610786
"z_1[1,587]",1.00022644742488,38841.9008471667,13016.2927231469
"z_1[1,588]",1.00046916372343,34761.2698183437,11034.1765533305
"z_1[1,589]",1.00002565634113,26191.2405784596,12754.9753680605
"z_1[1,590]",1.00033424749865,30216.7088196615,13337.0206060232
"z_1[1,591]",0.999918906749949,31865.5674134321,11582.695961335
"z_1[1,592]",1.00005606815747,38983.6661065559,10239.4968120815
"z_1[1,593]",1.00032378956122,35883.955483894,12085.1688782704
"z_1[1,594]",1.00035406579183,42098.3804165038,11012.5093825623
"z_1[1,595]",1.00057006414278,40366.562781978,11470.4148554774
"z_1[1,596]",1.00035278295524,38429.1158418866,11194.9747939171
"z_1[1,597]",1.00044343090854,38831.4031466395,11307.6401363353
"z_1[1,598]",0.999988378313004,32565.5255685074,11742.4290603214
"z_1[1,599]",1.00010646956612,42337.9198675477,11503.5184848173
"z_1[1,600]",1.00101618230612,38054.7807748806,11578.5580090654
"z_1[1,601]",1.00087381836206,44415.6904738156,11598.6851596381
"z_1[1,602]",1.00014733277259,43764.5162074694,11201.9763444711
"z_1[1,603]",0.999980078209167,41235.4118173883,10466.0790959755
"z_1[1,604]",1.00004539887802,41287.1494130927,10883.5237525202
"z_1[1,605]",1.00029817015742,38168.4076761638,11017.8699232896
"z_1[1,606]",1.00010824153767,41062.2423476418,11748.9373124077
"z_1[1,607]",1.00129803698624,39881.1148101693,11910.0311619651
"z_1[1,608]",1.00014400829802,38220.099717432,11991.0464939524
"z_1[1,609]",1.00010320019562,34059.0149744694,12109.2367386827
"z_1[1,610]",1.00013420739952,36344.6052712937,11603.4540986375
"z_1[1,611]",0.999995454797751,39329.722247559,10875.4728372269
"z_1[1,612]",1.00033658785526,38194.9364170521,11389.3495767115
"z_1[1,613]",1.0002064326886,39046.0375527582,10982.8824928236
"z_1[1,614]",1.0007077614625,38106.8347699604,11654.6794558269
"z_1[1,615]",1.0003065486628,42589.3718833968,10852.7422490542
"z_1[1,616]",1.00012383278605,40090.3706798724,10166.0681296527
"z_1[1,617]",1.00045524211389,42670.3248193948,10488.1597333604
"z_1[1,618]",1.00004537976074,42469.529915099,11048.1538803716
"z_1[1,619]",1.00042151975074,36266.9663135198,11420.293037501
"z_1[1,620]",1.00003753682154,38822.1629619947,12920.3018468389
"z_1[1,621]",1.00102334598504,41629.5609462212,10940.8396718455
"z_1[1,622]",1.00036749820384,40697.1807905156,9730.244427784
"z_1[1,623]",1.00051768115824,40594.5374004138,11777.7788080157
"z_1[1,624]",1.00057733351824,37186.3396282546,10819.5723979555
"z_1[1,625]",1.00040087790037,41050.5844960584,10342.7880892848
"z_1[1,626]",1.0004344847974,43061.411104879,10833.9048059387
"z_1[1,627]",0.999930037759976,40348.9585988673,11100.6468523042
"z_1[1,628]",0.999966541621876,28192.7363660185,13224.4970853189
"z_1[1,629]",1.00069140868605,26957.7708926783,13761.233822512
"z_1[1,630]",1.00027294836833,27213.3836753061,13498.1364593889
"z_1[1,631]",1.00048176809989,33741.2950528852,13323.4633182612
"z_1[1,632]",0.999918981352871,35849.9114851314,11870.1259318267
"z_1[1,633]",1.00034725094811,37283.0632272309,12524.3215462004
"z_1[1,634]",1.00007362150074,33320.8846173099,12014.7133206928
"z_1[1,635]",1.00119817805882,37720.9999793404,12379.030491721
"z_1[1,636]",0.999978002590826,36768.783540659,12102.7640275564
"z_1[1,637]",1.00029429620076,39341.6723542636,11270.5367808275
"z_1[1,638]",1.00081939969373,41348.4211134437,11592.8055122902
"z_1[1,639]",1.00011388629407,28934.90207085,13233.7954357059
"z_1[1,640]",1.00015565690094,22595.1818426778,13034.173528857
"z_1[1,641]",1.00038920073841,29320.6814530226,12490.1757622217
"z_1[1,642]",1.00010051694359,29589.9995249117,12863.8251915184
"z_1[1,643]",1.00001113324005,26764.0314991441,12623.2795579785
"z_1[1,644]",1.0005980621569,27022.7703503497,12172.4554449421
"z_1[1,645]",1.00004291909182,28470.7668673252,12799.4267321322
"z_1[1,646]",1.00010657487514,28118.3130080367,11686.5821204393
"z_1[1,647]",1.00111351022096,26512.3756397942,12267.668508069
"z_1[1,648]",1.00030401089222,42166.3573575558,10590.2453530552
"z_1[1,649]",1.00024704827563,39596.9492318252,12184.4787509652
"z_1[1,650]",1.00028255927344,40472.297021819,11681.5972837484
"z_1[1,651]",1.00038741313665,37853.690298038,12583.2103188375
"z_1[1,652]",1.00048794603452,36736.1937129323,11493.1899622294
"z_1[1,653]",1.00064280438829,37241.8918404598,11703.0769954032
"z_1[1,654]",1.00007962958508,37155.4198938906,10530.1172273165
"z_1[1,655]",1.00006647643357,29565.4521033288,11714.2965793068
"z_1[1,656]",1.00088864684701,43285.7081484211,11228.2590743598
"z_1[1,657]",1.00078167941083,37448.0250413546,10671.0062276599
"z_1[1,658]",1.00038613633081,37970.2228263976,11750.7661884564
"z_1[1,659]",1.00030080190424,39960.9407309654,11383.0023797893
"z_1[1,660]",1.00015182087984,37417.2001178936,10648.3556559875
"z_1[1,661]",1.00005113310889,38614.2451220107,11397.7545645011
"z_1[1,662]",0.99990371500809,38497.2509203312,11756.5492489097
"z_1[1,663]",0.999996091871278,35356.0246796423,11121.3094413
"z_1[1,664]",0.999946517313232,37626.9333830286,11904.9285750586
"z_1[1,665]",1.00026386412926,40152.8574816749,11573.7823504637
"z_1[1,666]",1.00030066959877,38924.2350848666,11460.5723588638
"z_1[1,667]",1.00006765713963,39363.6593453096,11920.2207928197
"z_1[1,668]",1.00018520036812,27295.6774650864,12964.0631046346
"z_1[1,669]",1.00002717156609,30343.7300899181,12561.0436143476
"z_1[1,670]",1.00022091122476,31099.9087001103,13144.5367104798
"z_1[1,671]",1.00018860510359,29770.6061614835,12467.7201248542
"z_1[1,672]",1.00058125547034,29782.4532523787,11095.8162217916
"z_1[1,673]",1.00009765281482,27469.7326839863,12642.467786572
"z_1[1,674]",1.00050772027486,28831.8123713137,13414.62984081
"z_1[1,675]",1.00003049163255,30251.8233899284,13964.8259797836
"z_1[1,676]",1.00037325261409,28921.7178975245,13123.4737377117
"z_1[1,677]",1.00011704979228,29961.3425807498,11826.2108307875
"z_1[1,678]",1.00020315000421,32216.3391680935,12815.4622352891
"z_1[1,679]",1.00013828749121,27471.2469259993,11348.7000371487
"z_1[1,680]",1.00044239324616,33425.7555959474,10320.6067679243
"z_1[1,681]",1.00007082517679,37790.8764685356,11265.8408483286
"z_1[1,682]",1.00061025791111,37661.4910538016,12014.5056921743
"z_1[1,683]",1.00000270730744,38869.49991269,11816.8329790509
"z_1[1,684]",1.00043960058857,34774.5516859475,12034.372091464
"z_1[1,685]",1.00055304047516,30656.7464119834,11044.9656921697
"z_1[1,686]",1.00025024974683,36115.9299305618,11234.5769190791
"z_1[1,687]",0.999961536466063,28504.52505263,12607.1092006343
"z_1[1,688]",1.00020527586775,33496.662579596,11636.4335444671
"z_1[1,689]",1.00019217990249,32450.5701722409,12942.3355767047
"z_1[1,690]",1.00050829112011,29054.8021800337,13157.6189072788
"z_1[1,691]",0.999911136985019,30951.4367750982,11755.3857783824
"z_1[1,692]",0.999904244043926,19509.2731677727,13639.2409769798
"z_1[1,693]",0.999955705947301,19493.9827475802,13296.0804198409
"z_1[1,694]",1.00002242715223,31438.9849480394,13479.6174052264
"z_1[1,695]",1.00005086577122,30863.219022378,13001.5088214536
"z_1[1,696]",1.00008354053504,37266.2067819893,11037.0499521385
"z_1[1,697]",1.00014097421113,29725.5454644731,12414.2531487792
"z_1[1,698]",1.00009921789498,30648.3491590607,12716.68854714
"z_1[1,699]",1.00090849738463,35751.8650140633,11349.7380133876
"z_1[1,700]",1.00050718793862,33340.4511428477,12324.0175962953
"z_1[1,701]",1.00008241268372,29619.875163472,12619.0145921631
"z_1[1,702]",1.00030340191861,40956.9664919784,11087.9493539596
"z_1[1,703]",1.00000572021245,31347.8346414693,11963.7786427695
"z_1[1,704]",1.00039231367725,28832.3845045175,12173.277959523
"z_1[1,705]",1.00005371971601,27990.3120699438,11653.1204713381
"z_1[1,706]",1.00027734407555,29843.0440252083,12387.4410504294
"z_1[1,707]",1.0002122089447,31508.6058893756,12399.9781630241
"z_1[1,708]",1.00067985463819,42397.579040019,11602.3548572947
"z_1[1,709]",1.00038903815294,37407.6195327655,10276.3684064154
"z_1[1,710]",1.00024732911075,41067.4652719557,11477.1199992606
"z_1[1,711]",1.00087182334894,35192.3479704682,10983.551346937
"z_1[1,712]",0.999864502620409,28452.536250633,12171.4043989182
"z_1[1,713]",1.00019985916539,29858.0532575186,12019.7118963906
"z_1[1,714]",0.999834834164582,30006.9118774283,11979.9554662691
"z_1[1,715]",1.00019971041025,28517.0355444431,13068.7480709929
"z_1[1,716]",1.00084537999021,29570.4592619978,11755.1952369441
"z_1[1,717]",1.00027870881377,32873.4828405889,12132.3205148765
"z_1[1,718]",1.00010706760283,41298.2728681777,11289.4908873933
"z_1[1,719]",1.00012108027196,31757.2201111921,13591.5485897101
"z_1[1,720]",1.0003158389589,36464.3477497305,11492.2490259369
"z_1[1,721]",1.00051331333427,30802.6492370609,12774.2759082445
"z_1[1,722]",1.0002752219943,33322.4976266726,12778.3518152548
"z_1[1,723]",1.00013755111805,37400.7986782038,11932.5308405877
"z_1[1,724]",1.00022310477463,38828.323213032,10774.1187117572
"z_1[1,725]",1.00034730106433,35992.1112346676,9973.67934723053
"z_1[1,726]",1.0001921601526,39734.1743393181,10407.2190871762
"z_1[1,727]",1.00012446148835,39820.1764375101,11360.2869290106
"z_1[1,728]",1.00080998454392,38430.3344242368,11442.6597901546
"z_1[1,729]",1.00024356482256,42779.4709697671,10639.5927040041
"z_1[1,730]",1.00014527168296,28074.0712864973,12807.299406685
"z_1[1,731]",1.00023511723814,30062.465434029,12120.9442163126
"z_1[1,732]",1.00014899704979,36886.9834988382,11503.3987466976
"z_1[1,733]",1.00012245856332,42410.4303529669,10707.6208385285
"z_1[1,734]",1.0003298077608,39796.822182218,11202.4452681982
"z_1[1,735]",1.00001283423487,40430.1611317334,11606.7310975429
"z_1[1,736]",1.00017253029354,40900.029765061,11158.2808869451
"z_1[1,737]",1.00021139172393,46794.4965423427,11449.7464186126
"z_1[1,738]",1.00077019903904,39467.2167362884,11500.3089632206
"z_1[1,739]",1.00016122234129,40697.3735703431,11674.3998778926
"z_1[1,740]",1.00039105209548,38745.4550242871,10827.7664564036
"z_1[1,741]",1.00045434576722,39254.2154424036,11586.0548078913
"z_1[1,742]",1.00148792054669,40012.8001255182,11571.4325766776
"z_1[1,743]",1.00006552981583,32706.0186162011,12757.3052508264
"z_1[1,744]",1.00032648802631,33326.0098907536,12069.4642295782
"z_1[1,745]",1.00025049565412,34979.2315036518,12050.0216118738
"z_1[1,746]",1.00081083207976,42906.6887390933,11742.7747581143
"z_1[1,747]",0.999959243349998,38826.867961171,11498.6373643509
"z_1[1,748]",1.00075282142336,38432.313478592,11340.0116812547
"z_1[1,749]",1.00001743069499,40046.3729790051,10540.9872216544
"z_1[1,750]",1.00001284732845,40493.5922082265,11808.604522394
"z_1[1,751]",1.00028594096267,38195.3466299928,10477.2522687074
"z_1[1,752]",1.00004953630667,39721.4648404705,11793.1988650493
"z_1[1,753]",1.00002569096654,42211.5947318557,11698.8180999482
"z_1[1,754]",1.00040044080416,39385.7999397935,11515.5580719027
"z_1[1,755]",1.00053343748561,35579.3252620486,11263.7092911879
"z_1[1,756]",1.00017362240354,38553.8227924779,11326.2854673602
"z_1[1,757]",1.00023321281787,44521.4547272782,11473.8830921123
"z_1[1,758]",1.00023182668304,38187.0181422365,11556.6663339175
"z_1[1,759]",1.00047797142909,35313.2725965322,12578.8968340908
"z_1[1,760]",1.00018300012658,34974.1198548599,10768.9105410133
"z_1[1,761]",1.00073437637468,40358.5546312302,11321.3342935644
"z_1[1,762]",1.00049680673577,31818.9529093522,11959.9105886591
"z_1[1,763]",1.00045291227923,35969.9441869121,11522.8657342636
"z_1[1,764]",1.00026070975757,37295.8988766179,11956.7728690501
"z_1[1,765]",1.00009730293173,33036.9264437997,11972.2278974414
"z_1[1,766]",1.00019296486842,35642.9817838437,12101.1351603137
"z_1[1,767]",0.999947210009924,37142.1953829141,11555.5602552719
"z_1[1,768]",1.00002080225394,34173.7677052264,11267.8637409925
"z_1[1,769]",1.00030905931465,28708.5263449455,11495.3063942145
"z_1[1,770]",1.0002041678913,43553.4707502767,11131.6009434018
"z_1[1,771]",1.00099376938401,45725.0893368845,11339.6377434137
"z_1[1,772]",1.00035705670996,39524.2869831713,11128.1024430449
"z_1[1,773]",0.99999876582981,36153.6691790703,11879.0274292337
"z_1[1,774]",1.00022367981794,36444.9383573102,11880.8089506095
"z_1[1,775]",1.00019133125813,37799.0236456203,11370.3716259814
"z_1[1,776]",1.00002813170845,38047.846633277,11944.8939940009
"z_1[1,777]",1.00075057900964,36037.4394843858,11877.8048924456
"z_1[1,778]",1.0008213585976,30910.5837400799,11988.8775023448
"z_1[1,779]",1.00015480033439,35657.413303617,11706.0379301369
"z_1[1,780]",0.999932734401417,34896.4531728925,11556.1443591332
"z_1[1,781]",1.00008549889867,28073.2000467522,11517.7624992245
"z_1[1,782]",1.0003934376724,37705.4235186156,11274.090915471
"z_1[1,783]",1.00074944722954,31923.7761275059,12100.0543393972
"z_1[1,784]",1.00059601223286,41498.1518317553,11940.8537960217
"z_1[1,785]",0.999884693680947,36830.3131305849,10817.9810694123
"z_1[1,786]",1.00037846975994,36780.758215744,10901.5974682918
"z_1[1,787]",1.00019193570713,31631.2284831815,12855.2745025701
"z_1[1,788]",1.0002846210484,32044.8540068567,13248.5162106582
"z_1[1,789]",1.00074634584242,32632.8984377141,12624.7712434398
"z_1[1,790]",0.999972077703015,37428.1936981964,12246.3577456592
"z_1[1,791]",1.00034207780663,39546.2804609584,12557.7257959137
"z_1[1,792]",1.00012936464569,27048.2475415386,11563.6310661799
"z_1[1,793]",1.00012944632358,36648.834686346,11624.8427128563
"z_1[1,794]",1.00003533310623,37274.6480806565,11468.5022630115
"z_1[1,795]",1.00057240896254,38047.8908449341,11704.5785627101
"z_1[1,796]",1.00086263728415,38463.5827116692,11570.1015586903
"z_1[1,797]",1.00034684994184,33081.6311984135,11982.9459356523
"z_1[1,798]",1.0001836439842,36728.128991362,11927.115926587
"z_1[1,799]",1.00013053530356,35523.81101028,12106.7275524735
"z_1[1,800]",1.00068939363211,38374.1700665009,11321.103943945
"z_1[1,801]",1.00010734879367,35791.5516838006,12353.6056970882
"z_1[1,802]",1.00041730091371,43535.784339271,11523.416471087
"z_1[1,803]",1.00015461757225,37625.5596486017,11363.9580328537
"z_1[1,804]",1.0002605712158,40639.272698746,12891.9772492187
"z_1[1,805]",1.00014674353506,41000.1100497872,11418.5173541923
"z_1[1,806]",1.00029148700164,39132.0261173465,11532.285778813
"z_1[1,807]",1.00045877016078,40537.0254021046,11736.413905893
"z_1[1,808]",1.00091514549033,38605.9306641559,13225.7431774304
"z_1[1,809]",1.00000053616568,38100.2036999214,12920.8259393475
"z_1[1,810]",1.00029830346501,39828.9047709547,10649.7161204773
"z_1[1,811]",1.00047084229798,44137.2132164462,10651.6485580597
"z_1[1,812]",1.00022644859978,40845.9946204104,11987.4509038283
"z_1[1,813]",1.00011433665707,38462.4853579033,10897.9458502885
"z_1[1,814]",1.00071254320396,40849.5216295106,11267.3148418447
"z_1[1,815]",1.00030594455402,36193.0833003661,9719.37310676679
"z_1[1,816]",1.0003062235279,32669.5904196856,12062.9738130151
"z_1[1,817]",1.00023852030629,39575.1689870018,11255.9520685702
"z_1[1,818]",1.00088268867611,39356.1493694061,11551.2852821604
"z_1[1,819]",0.999987359728988,35613.4791570439,11100.3216634325
"z_1[1,820]",1.00058533959483,29083.1281951517,12220.0434654622
"z_1[1,821]",1.00034737555366,28974.5566597755,11386.5269897218
"z_1[1,822]",1.0005695629289,36069.8988725134,12029.9809517222
"z_1[1,823]",0.999954010205724,35191.8983764,12526.4231038742
"z_1[1,824]",1.00025378035652,37011.2967946319,12462.8996692918
"z_1[1,825]",0.999925844586548,39004.3313033563,11660.7070285088
"z_1[1,826]",1.00009573700581,34766.8545939826,11218.1671554083
"z_1[1,827]",1.00116769342505,38391.8488359927,11399.2273454107
"z_1[1,828]",1.00060156820036,36919.8082824731,11556.5416933445
"z_1[1,829]",0.999933566490455,39216.0852038309,10502.6788240227
"z_1[1,830]",0.999910224692652,35584.6387366685,10249.0832210649
"z_1[1,831]",1.00002353988234,44032.0471534267,11394.7334437168
"z_1[1,832]",1.00033488906912,38235.0743903669,11101.8586287279
"z_1[1,833]",1.00062693891513,41496.1293239546,10998.6525982136
"z_1[1,834]",1.00014886577079,36934.0504231023,11390.2609744336
"z_1[1,835]",1.00017464249378,37017.1652601918,10771.9386948554
"z_1[1,836]",1.00053529812327,46497.6177041288,10917.004717032
"z_1[1,837]",1.00082442969997,35427.5008191397,10561.3495465842
"z_1[1,838]",1.00067630907274,33242.4300749246,12149.47105012
"z_1[1,839]",1.00049877423678,39401.1571526356,11557.8804102346
"z_1[1,840]",1.00075405877743,36298.9955870753,11169.3937124769
"z_1[1,841]",1.00047343709667,39534.4835655811,10735.6416428241
"z_1[1,842]",0.999997693899891,39057.8840181845,12978.3171545155
"z_1[1,843]",1.00111608979081,41678.6598935628,10633.959281715
"z_1[1,844]",1.00060435517774,40091.1868214417,10940.5802359713
"z_1[1,845]",1.00006985409428,41812.333998435,10860.5314289099
"z_1[1,846]",1.00034311286241,34562.0811146568,12068.6837931279
"z_1[1,847]",0.999948193238588,41518.5680563338,10809.2596631691
"z_1[1,848]",1.00009011492056,38424.4293052303,12163.8007621929
"z_1[1,849]",1.00008837934012,35205.7790213061,11689.1258604506
"z_1[1,850]",1.00045961024335,25200.69407554,12301.1134891304
"z_1[1,851]",1.00047844236683,35768.1125194625,11558.749789268
"z_1[1,852]",1.00038030424468,42679.4142623086,10647.3345563835
"z_1[1,853]",1.00051798565511,37990.9425147507,10312.5940210055
"z_1[1,854]",1.00038123438906,40766.6854875538,10908.4475130054
"z_1[1,855]",1.00070700890243,42470.6289803168,11496.9603237213
"z_1[1,856]",1.00054279748848,37572.3935617461,11459.4725742603
"z_1[1,857]",1.00037887665381,47164.4755432502,11299.1872834845
"z_1[1,858]",1.00043251599148,35731.1760387131,10739.2699828851
"z_1[1,859]",1.00100183940102,41759.2375452581,11998.2683713624
"z_1[1,860]",1.00010370467114,39399.6498216889,11492.4145771402
"z_1[1,861]",1.00023615208723,40844.6703227573,11222.0003621839
"z_1[1,862]",1.00028360747313,39145.3150667985,12026.7862477476
"z_1[1,863]",1.00008320594914,41684.627056754,10690.0841356149
"z_1[1,864]",0.999881765930158,39946.0447347555,11754.4400447906
"z_1[1,865]",1.00017474859569,38002.2796080023,11449.3691798066
"z_1[1,866]",1.00060191707709,36132.5288648194,12102.9753727886
"z_1[1,867]",1.00064899659773,40433.7658971262,11091.5841030157
"z_1[1,868]",1.00061162096934,34085.1557358714,11606.234160124
"z_1[1,869]",0.999915340229886,36974.2731750151,12384.6423175619
"z_1[1,870]",1.00008818216791,36924.3664196756,11656.9602160794
"z_1[1,871]",1.0010631457858,35757.2117087012,11401.5322471275
"z_1[1,872]",1.00007277577544,27752.33925503,13589.5423661585
"z_1[1,873]",1.00030084741582,29993.1075940457,14014.6654107066
"z_1[1,874]",1.0000880702757,35114.6915775064,13027.100751638
"z_1[1,875]",1.00020438525166,37549.2865353003,12475.0875444444
"z_1[1,876]",1.00043382688101,34499.3310992879,11438.3962414699
"z_1[1,877]",1.00012201695981,28195.4970151752,11519.2387954011
"z_1[1,878]",1.00044564247707,28538.3493047485,12455.3031122497
"z_1[1,879]",1.00024878105431,28535.4444789367,10698.3843726187
"z_1[1,880]",1.00083537797539,16611.6994309196,11747.4755719434
"z_1[1,881]",1.00020114661832,39682.9875625623,11719.5656273746
"z_1[1,882]",1.00001257103022,44830.6740182803,11492.0816705787
"z_1[1,883]",1.00017210301163,42532.3637216221,11280.4265817419
"z_1[1,884]",0.999997677511444,42202.3352305415,11652.481266837
"z_1[1,885]",1.00039796938001,37510.9607508537,11979.8208698427
"z_1[1,886]",1.00014125859852,39751.8782485158,11330.9139815668
"z_1[1,887]",0.999931554661311,42081.935520938,11799.3124464479
"z_1[1,888]",1.00026682817769,34537.9987116758,11899.3841945381
"z_1[1,889]",0.999941486389375,31211.2152552536,13263.073238428
"z_1[1,890]",1.00000924394629,29665.0688943754,12853.6864617426
"z_1[1,891]",1.00000796458662,35665.3357347615,12339.9513075555
"z_1[1,892]",0.999971913652354,39347.8430052362,13091.102453065
"z_1[1,893]",1.00002214591904,40725.7738384775,10615.288977809
"z_1[1,894]",1.000184990828,40808.2014523257,10837.0845434361
"z_1[1,895]",1.00036819021742,39170.7504887813,11474.8656358204
"z_1[1,896]",1.0001432344908,40716.9287976211,11646.7091269854
"z_1[1,897]",1.00036249392653,41411.7298189688,10781.6392231654
"z_1[1,898]",1.00044659379652,38903.6438248418,10489.5623520203
"z_1[1,899]",1.0005637882654,38635.4627115831,11310.4126119658
"z_1[1,900]",1.00027175067194,35231.3475216617,12335.1816049616
"z_1[1,901]",1.00030977365302,36459.1413509963,12117.7167512984
"z_1[1,902]",1.00063831527836,19196.9226853223,11436.5600429522
"z_1[1,903]",1.00086587529358,19183.0477648108,12350.306705785
"z_1[1,904]",1.00022365736262,40417.8552415809,12006.9300362566
"z_1[1,905]",1.00070901317395,41079.6516487307,10942.90261589
"z_1[1,906]",1.00001968926878,47226.2161077114,11345.9338167467
"z_1[1,907]",1.00034367274373,41148.4281571248,11892.0271858934
"z_1[1,908]",1.00104427862837,45699.3962574268,10144.8957912933
"z_1[1,909]",1.00054990147782,42904.6178188073,12089.8023683205
"z_1[1,910]",1.00019890006002,44621.3887284582,11225.3145828333
"z_1[1,911]",1.00040698447488,38760.0615155126,11493.4513673012
"z_1[1,912]",1.0007762003023,42048.1422847522,11024.0315930483
"z_1[1,913]",1.0004228887688,42806.839585821,10667.275935638
"z_1[1,914]",1.00011405861445,43533.8025358132,10816.6662818696
"z_1[1,915]",1.000665080195,39621.1847966812,11692.1333457567
"z_1[1,916]",1.00031865677272,38148.4271783164,10918.0981350108
"z_1[1,917]",1.00029498458756,29863.481057806,11861.006513359
"z_1[1,918]",1.00000263437584,28554.2792036979,12310.7446857501
"z_1[1,919]",0.999933413669552,40397.4400853406,10470.8116582037
"z_1[1,920]",1.00009484940455,44602.9108734119,11297.2991039718
"z_1[1,921]",1.00016413898384,37347.3994955015,12013.4315459908
"z_1[1,922]",1.00038612777313,36378.7004934763,10748.2364838598
"z_1[1,923]",1.00035417288067,37409.9588833594,10746.605341034
"z_1[1,924]",1.0000325365357,34839.9183090054,11352.3211512613
"z_1[1,925]",1.0003322627728,36395.20129064,12879.7330662113
"z_1[1,926]",1.00034708406881,40507.98598594,11733.1758554621
"z_1[1,927]",1.00042844567079,37409.5112420283,11445.8153454447
"z_1[1,928]",0.999976916165767,41167.7958452021,11522.3284807525
"z_1[1,929]",1.00042158183805,42765.4316347921,11388.7389073728
"z_1[1,930]",1.0000067815458,42919.029137627,10414.0407257125
"z_1[1,931]",1.0008853162558,36555.5649823383,11436.9349462389
"z_1[1,932]",1.00073787510362,38028.9353951051,11041.6829086306
"z_1[1,933]",1.0001276589579,39910.5239908972,10526.7758613199
"z_1[1,934]",1.00023870279801,39217.9302128221,11508.4650380368
"z_1[1,935]",1.00077468167385,40742.2607733705,11291.0278381066
"z_1[1,936]",1.00051547515464,41083.4456210445,10820.9635136213
"z_1[1,937]",1.00053009708996,41746.4344661,11258.1691049253
"z_1[1,938]",1.00058073763102,39038.3866361793,11386.5079719047
"z_1[1,939]",1.00090045553276,39398.4656758382,10832.1130189243
"z_1[1,940]",1.00165985357654,39305.1652866822,11294.963571953
"z_1[1,941]",1.00047750217698,36065.7118217324,10999.126226322
"z_1[1,942]",1.00037118294085,39186.0944206899,10128.0518320664
"z_1[1,943]",0.999855981067552,40355.634999191,11222.6169359008
"z_1[1,944]",1.00019257085741,37420.7190622318,10842.4186583993
"z_1[1,945]",1.00036571811821,37513.7241397498,9924.49294098056
"z_1[1,946]",1.00051333983424,40959.8906261923,10545.9357468534
"z_1[1,947]",1.00052077069268,41835.3913843895,11460.5151542183
"z_1[1,948]",1.00015739206377,41690.9221837486,11097.6050401041
"z_1[1,949]",1.00072125712658,37621.4351829133,11094.6416729781
"z_1[1,950]",0.999957023795394,46936.9434901669,10530.8050966621
"z_1[1,951]",1.0000755118446,39019.9706777921,11343.1508907486
"z_1[1,952]",1.00046782744057,42517.571975789,11337.74870872
"z_1[1,953]",1.00186966363377,39566.8092006369,11511.438800618
"z_1[1,954]",1.00020802339312,19179.2860705406,13853.5043896969
"z_1[1,955]",1.00054176351956,18677.1543488455,14643.560552599
"z_1[1,956]",1.00091006806967,18492.4894532692,12887.8530308208
"z_1[1,957]",1.00017286635526,40628.5239495368,10862.3447069298
"z_1[1,958]",1.00074223291508,36720.4037802244,11386.0886003659
"z_1[1,959]",1.00011434658753,37230.1951562921,11060.1259500457
"z_1[1,960]",1.00090520363227,40997.5969394626,10845.3156109812
"z_1[1,961]",1.00025159877357,40491.8498342184,10796.5589056199
"z_1[1,962]",1.00010712494357,35885.1821999219,9839.63964008073
"z_1[1,963]",1.00045540071483,43785.3579592236,10849.6604431923
"z_1[1,964]",1.00092085529494,39067.9504026084,11349.6520374989
"z_1[1,965]",1.00000726538893,39477.1995516401,11178.6302563698
"z_1[1,966]",1.00047959315714,41727.3571440935,10094.8603384677
"z_1[1,967]",1.00048610750221,41508.206773474,11274.4993519937
"z_1[1,968]",1.00069591829899,40207.0853335346,11672.8491584401
"z_1[1,969]",1.00031158537487,46512.5911016962,11451.2051229414
"z_1[1,970]",1.00060863016708,46236.4500297951,11763.5755063113
"z_1[1,971]",1.00029725948534,42082.2767097809,9979.69023444427
"z_1[1,972]",0.999915636380945,38862.0805742212,11367.7055738919
"z_1[1,973]",1.00043696290872,43964.3025254625,11288.0790612545
"z_1[1,974]",1.00038128510182,39944.9735693641,10707.9941285353
"z_1[1,975]",1.00053592353113,40366.8854096697,11117.6624955747
"z_1[1,976]",1.00006665989771,43594.1431987074,11131.4959617267
"z_1[1,977]",1.00075245419604,37710.2363403204,10492.6030271266
"z_1[1,978]",0.999917672538551,46694.0432912173,11357.8412902269
"z_1[1,979]",1.00025238632283,36899.6022940073,11003.2598716321
"z_1[1,980]",1.0012094313777,41366.0893469702,10735.0142738812
"z_1[1,981]",1.00006698776792,40341.7907661448,10147.5828344701
"z_1[1,982]",1.00039053730369,44322.726025577,10823.9301542117
"z_1[1,983]",0.99994168577694,44392.9750039343,10706.2886385074
"z_1[1,984]",1.00036737274015,40370.9734080985,11120.175810422
"z_1[1,985]",1.00008284783753,36366.4157670616,10901.8715477307
"z_1[1,986]",1.00088672684991,37594.9808356926,10979.957792845
"z_1[1,987]",1.0007589075441,40320.8867382292,10398.2758646593
"z_1[1,988]",1.00002469127436,44626.5640348356,11434.9435647021
"z_1[1,989]",1.00014582109551,44339.1456022746,11441.5920257875
"z_1[1,990]",1.00061839608874,42834.460340245,9818.23398116964
"z_1[1,991]",1.00040347544235,41093.0157331445,10681.3200986156
"z_1[1,992]",1.00042737165953,38693.816716394,10409.4894128351
"z_1[1,993]",1.00020244168786,41850.9896638483,11491.5219551346
"z_1[1,994]",1.00055872431602,42557.5984770672,10946.968752909
"z_1[1,995]",1.00012484244688,41527.1371514729,10052.5947909038
"z_1[1,996]",1.00039847853664,43018.3834279596,10753.3259212631
"z_1[1,997]",1.00072299998852,11396.2636429488,11382.7684480874
"z_1[1,998]",1.00079433441713,29372.0343921881,12578.3181885924
"z_1[1,999]",1.00068419266729,37240.0757870807,12021.9381518566
"z_1[1,1000]",1.00084307229562,36763.3813794876,12243.6677442693
"z_1[1,1001]",1.00021351200139,35493.1508119305,12769.5945729913
"z_1[1,1002]",1.00000604148859,13790.3762670847,12652.7100088014
"z_1[1,1003]",1.00009304746359,13415.5634777112,13006.1925551854
"z_1[1,1004]",1.00010875684319,13464.4771155792,12822.3511786555
"z_1[1,1005]",1.00005419730345,16994.2023498085,12533.5030430535
"z_1[1,1006]",1.00009789983951,13536.6893769593,12699.6611240686
"z_1[1,1007]",1.00020623240161,13633.2224746524,13576.424637659
"z_1[1,1008]",1.00030643023964,18220.8340375528,13248.4862704476
"z_1[1,1009]",1.00035589949883,8501.92181600929,10852.3152147096
"z_1[1,1010]",1.00013521288067,8631.14219902923,10790.4411508402
"z_1[1,1011]",1.00048535299235,8076.67819913098,10484.3249710301
"z_1[1,1012]",1.00024697821853,8709.48493661132,11026.9155097932
"z_1[1,1013]",1.00023934832383,8742.22934074216,10905.5354825351
"z_1[1,1014]",1.00024382043574,8409.52871929543,11207.5493258828
"z_1[1,1015]",1.00025097461078,8504.75995433846,10423.5470530194
"z_1[1,1016]",1.00053024889176,41508.6738326946,11753.4845178638
"z_1[1,1017]",0.999991684004897,33827.8610835179,12885.2916179056
"z_1[1,1018]",1.00046635756341,34423.6823518623,12970.5174920746
"z_1[1,1019]",0.999881261536195,37934.3838771763,11280.1735911116
"z_1[1,1020]",1.00020957321229,42401.0215796448,10276.4504635065
"z_1[1,1021]",1.00131849787997,44223.4058553817,10435.6570435893
"z_1[1,1022]",1.0002804808001,43526.6317922317,10756.9565378876
"z_1[1,1023]",1.00025945448118,41147.6519131383,10990.4580590566
"z_1[1,1024]",1.00015532074889,41604.8307632195,11628.5750511247
"z_1[1,1025]",1.0002222345342,43608.1754326004,10799.2742531819
"z_1[1,1026]",1.00013879030277,44360.3322946158,10461.1483662294
"z_1[1,1027]",1.00051113301463,40057.5246236186,10881.3686347223
"z_1[1,1028]",1.00036142132422,37963.4454502154,11597.0189825359
"z_1[1,1029]",1.00023285114776,38541.8625945287,12290.5280191776
"z_1[1,1030]",1.00005632854981,41970.645973446,11295.74529504
"z_1[1,1031]",1.00005006887778,38535.8721961452,11977.1842281069
"z_1[1,1032]",1.00080894370054,38731.2916614776,10880.7400506832
"z_1[1,1033]",1.00167199273294,39689.7228364401,10328.8146485657
"z_1[1,1034]",1.00006629514027,42905.1461103712,11699.8585716807
"z_1[1,1035]",1.00044439055929,43267.2878126956,11433.0444334015
"z_1[1,1036]",1.00038378208436,41344.7652729211,10469.4133283437
"z_1[1,1037]",0.999919975951242,32397.9642205778,11963.5068947119
"z_1[1,1038]",1.00017444395483,37051.1856393042,11894.2446172203
"z_1[1,1039]",1.00020276921948,38684.0793210367,11756.0047638974
"z_1[1,1040]",1.00156322275,37976.1959700756,11332.3802456613
"z_1[1,1041]",1.00050759238525,36933.7914728953,12369.7468143067
"z_1[1,1042]",1.00032882688261,39750.7870442075,11804.415723521
"z_1[1,1043]",1.00013990816292,40748.9201645098,11705.7070204054
"z_1[1,1044]",1.00012982065343,16637.0965305932,13633.3754891315
"z_1[1,1045]",1.00013428303806,16157.1839848781,14237.5585313623
"z_1[1,1046]",1.00004944548735,16483.5530369798,14067.9685297278
"z_1[1,1047]",1.00029858831831,16184.6277194535,13048.1869861303
"z_1[1,1048]",0.999997513641896,17972.1017331718,12494.2554754314
"z_1[1,1049]",0.999892496366061,16438.5625484047,12425.0904003298
"z_1[1,1050]",1.00004386536769,25233.9231728386,11531.8531785076
"z_1[1,1051]",1.00045485227032,37718.1839333848,12180.5447060784
"z_1[1,1052]",1.0003782216631,40094.5289319893,12567.1168006163
"z_1[1,1053]",1.00006824752731,44668.8742496723,11372.4127047637
"z_1[1,1054]",1.00136398936109,39861.0720360011,10373.5737301939
"z_1[1,1055]",1.00078975775979,38840.059853496,11043.5041559226
"z_1[1,1056]",1.00013580388634,40627.8408309241,10901.0358594325
"z_1[1,1057]",1.00009126309545,49386.3321719411,11708.0327613601
"z_1[1,1058]",1.0003755723349,21255.9866048408,12248.8097042
"z_1[1,1059]",1.00009506651264,20028.188106799,12899.8227810044
"z_1[1,1060]",1.00039399804915,37167.4775397952,11929.4507526504
"z_1[1,1061]",1.00017943718534,34999.6786931753,12388.1405709695
"z_1[1,1062]",1.00053290415583,26405.8673284914,12525.8230360062
"z_1[1,1063]",1.00003428418115,40236.8525942784,11431.8027658613
"z_1[1,1064]",1.00076222046287,40768.2109258421,11980.4212114905
"z_1[1,1065]",1.00076965712764,37154.0402424799,11146.2751297525
"z_1[1,1066]",1.00113362842646,40070.0960738822,11380.9421207102
"z_1[1,1067]",1.00039605875635,41548.2072954425,11590.3640509593
"z_1[1,1068]",1.0003292946176,35909.7944858718,11875.0180303906
"z_1[1,1069]",1.00034642808087,36995.735383451,12798.4558446667
"z_1[1,1070]",1.00003331286532,38538.232528753,11850.1960067813
"z_1[1,1071]",1.000338811142,39671.8866637594,11778.6013996622
"z_1[1,1072]",1.00018443862185,41930.8927988852,11859.724217594
"z_1[1,1073]",1.00020472983268,39128.4805684588,11163.0451312532
"z_1[1,1074]",1.00105946559893,33512.3031513715,11946.6438470187
"z_1[1,1075]",1.00021371018315,31828.5635290326,12221.5398553687
"z_1[1,1076]",1.00000408499748,37249.1484864569,11747.289441181
"z_1[1,1077]",1.00251534885701,41935.4672136917,11433.8425930061
"z_1[1,1078]",1.00018233102429,33089.0830083423,12756.7646747442
"z_1[1,1079]",1.0005676930296,30708.7714673881,12235.2302922268
"z_1[1,1080]",1.00016125183579,30922.1599765212,12238.2520048954
"z_1[1,1081]",1.00028568918029,35695.7844695866,11699.5941246152
"z_1[1,1082]",0.999883542762516,36419.9009674246,11788.6882073921
"z_1[1,1083]",1.00033430295264,35920.5084926339,11224.4638039841
"z_1[1,1084]",1.00074917257947,32002.2208164539,12649.2819784552
"z_1[1,1085]",1.00038300894015,37589.5038973817,10824.2698569648
"z_1[1,1086]",1.00015026455783,37995.5732389254,11180.5932712057
"z_1[1,1087]",1.00002583533465,38533.6623129128,11048.6119184098
"z_1[1,1088]",1.00007629665078,36837.4633879257,10820.6243045942
"z_1[1,1089]",1.00036641164839,30826.7765043026,11741.2255736079
"z_1[1,1090]",1.00047449206185,35548.0051357548,11876.8362195225
"z_1[1,1091]",0.999898031208554,31348.3290004947,12002.8970002625
"z_1[1,1092]",1.00088920008042,37039.9810821433,11840.4179213916
"z_1[1,1093]",1.00076018965026,39487.6754840691,11206.1709952393
"z_1[1,1094]",1.00016887635018,34058.3142753066,11168.0615265069
"z_1[1,1095]",1.00003885241422,37797.025813887,11305.511322843
"z_1[1,1096]",1.00038859211356,36774.9279398308,11970.7841626358
"z_1[1,1097]",1.00057597580824,42473.0818265449,11716.5800551771
"z_1[1,1098]",1.00020108043424,34549.4641554755,12317.0451851273
"z_1[1,1099]",1.00020545432432,33825.8356830016,11425.0078309972
"z_1[1,1100]",1.00019623548859,34343.4711621108,12112.9281863345
"z_1[1,1101]",1.00005104225955,34656.4673574982,13036.9805578447
"z_1[1,1102]",1.00014063343825,33665.5545276565,12684.9478813133
"z_1[1,1103]",1.00128591997729,35738.7567421461,12088.2406173648
"z_1[1,1104]",1.00000464142848,44364.3062387627,12167.0414537135
"z_1[1,1105]",0.999951032540206,37871.5072657028,11720.7042360231
"z_1[1,1106]",1.00046435349633,42275.2313261124,10414.9024681555
"z_1[1,1107]",1.00041044092659,39593.369220548,11091.7804734897
"z_1[1,1108]",0.999948587974252,38478.4180523879,11019.7180794003
"z_1[1,1109]",1.00014871304913,45520.16621132,11850.7086598582
"z_1[1,1110]",1.00075805029158,40240.2717619558,11262.3380108455
"z_1[1,1111]",1.00048680658682,37971.0048569719,10963.8503582645
"z_1[1,1112]",1.00028507355931,38591.43428389,11711.3361112456
"z_1[1,1113]",1.00021441779675,37288.1032851204,10683.0142529917
"z_1[1,1114]",1.00019317848555,41702.2763684304,12127.1206951895
"z_1[1,1115]",1.00005515908092,44212.5474571017,11753.0946159888
"z_1[1,1116]",1.00001953955126,38670.0015099751,10749.1798081418
"z_1[1,1117]",1.00026942134955,42550.1819682168,11500.0402209815
"z_1[1,1118]",1.00053959874448,43610.9215530606,11148.240095216
"z_1[1,1119]",1.00066855829925,39011.948903218,9988.2655009055
"z_1[1,1120]",1.00057355892009,36686.3700528673,11967.420025209
"z_1[1,1121]",1.0009734226922,38834.7424109207,11701.3940607688
"z_1[1,1122]",1.00057482298631,38006.9697264524,11890.8719230376
"z_1[1,1123]",1.00007098678243,36725.3244275048,11818.1141239777
"z_1[1,1124]",1.00018601898471,37780.1199310855,12062.1691105619
"z_1[1,1125]",1.00045902864271,34774.0138010431,11886.8118879176
"z_1[1,1126]",1.0001047614179,41374.5352173892,11709.9679433442
"z_1[1,1127]",1.00008025295668,39480.8528065157,10430.0576025733
"z_1[1,1128]",1.00028630920366,40697.9939948634,10887.7101765196
"z_1[1,1129]",1.00021027505075,44674.4734183244,12026.5140514114
"z_1[1,1130]",1.00022439117667,42702.3504170628,11135.9061483692
"z_1[1,1131]",1.00087757278373,43144.3136107959,10820.6277549669
"z_1[1,1132]",1.0003065414744,42906.6461196223,11458.6473824299
"z_1[1,1133]",1.00024114490316,39855.9267660173,11738.9096056053
"z_1[1,1134]",1.00012767101394,41829.9108879377,10967.0827317936
"z_1[1,1135]",1.00036313837523,43352.8355085408,11263.9549344346
"z_1[1,1136]",1.0001106475148,40131.0311721128,10891.5801809906
"z_1[1,1137]",1.00016178676247,42009.1895050348,10615.3448837933
"z_1[1,1138]",1.0001282186866,40336.9216508619,10854.1184900692
"z_1[1,1139]",0.999925051853915,42462.4000461448,11192.6247648858
"z_1[1,1140]",1.00076065855032,42231.8364635245,11556.5263695327
"z_1[1,1141]",1.00002227535679,38271.6087886681,12061.7245873835
"z_1[1,1142]",1.00025129870961,27464.7775575825,13682.200212745
"z_1[1,1143]",0.999971162830287,27039.4841825257,14020.1105802357
"z_1[1,1144]",1.00000446375044,28226.7915758409,14570.1984010306
"z_1[1,1145]",1.00000928865408,30260.342584783,12741.6504806986
"z_1[1,1146]",1.00037839003523,36315.1534513124,10742.2795233359
"z_1[1,1147]",1.00055114324811,35630.7806819195,11190.3521921321
"z_1[1,1148]",1.00051342118643,40558.0105998713,11347.7910889242
"z_1[1,1149]",1.00051570473173,43126.3084738458,12157.6712123623
"z_1[1,1150]",0.999931869557975,36141.1957508917,12152.6853959069
"z_1[1,1151]",1.00008992968736,37422.1306360287,13152.2462929044
"z_1[1,1152]",1.00005102731371,39723.5882266562,11214.7412873515
"z_1[1,1153]",1.00034243156475,43302.8300838999,11766.7313844636
"z_1[1,1154]",1.00058867411929,42189.0739181279,11418.6180762017
"z_1[1,1155]",1.00018109023767,39614.7403979162,11948.4777772911
"z_1[1,1156]",1.00071884785955,36407.664571142,11202.9835452844
"z_1[1,1157]",1.00014092901561,34354.8007137883,11978.3685449401
"z_1[1,1158]",1.00022888334695,33904.3961923029,11230.4406504838
"z_1[1,1159]",1.0002358176331,43226.9985244169,11000.0499844248
"z_1[1,1160]",1.00007768935669,43503.9035378513,10584.0533134665
"z_1[1,1161]",1.00029872677833,39459.6978980987,12079.1006111775
"z_1[1,1162]",1.00098191650841,39084.229589309,10524.7212589608
"z_1[1,1163]",1.0004894425313,37828.9987420133,12392.369812461
"z_1[1,1164]",1.00048494018068,39179.7907220913,11817.0522469257
"z_1[1,1165]",1.00024550000144,40698.2066184458,10716.9732446152
"z_1[1,1166]",1.00073593007764,41095.1619151659,11182.0005067126
"z_1[1,1167]",0.999930286688752,41091.8045654301,12160.9506682217
"z_1[1,1168]",1.00034617558722,43350.9929704633,10917.8896235181
"z_1[1,1169]",1.00003637681435,39096.6224766205,11052.3934238934
"z_1[1,1170]",1.00026948413122,33083.1898968253,12409.5012166145
"z_1[1,1171]",1.00052347741276,36710.4905085616,11912.9660140959
"z_1[1,1172]",1.00021116122018,34115.588750363,12202.669650079
"z_1[1,1173]",1.00029706833855,37131.5278122025,12353.9114808962
"z_1[1,1174]",1.0000996633914,43191.5873164955,11206.0821706449
"z_1[1,1175]",0.999874828175967,29645.5579828684,11953.7645945929
"z_1[1,1176]",1.00010888985138,27661.0938349614,11775.5448925713
"z_1[1,1177]",1.00006272680382,15477.9487830785,12788.7274916921
"z_1[1,1178]",0.999975647074557,15338.1574667834,12098.6661857252
"z_1[1,1179]",1.00019425555484,15588.3774404538,11962.1564436964
"z_1[1,1180]",0.999858774743542,38324.1485849119,12154.9701793554
"z_1[1,1181]",0.999985346026631,36133.9106376589,12646.2185217821
"z_1[1,1182]",1.00014952733475,26038.8191741139,12818.8575159496
"z_1[1,1183]",1.00024142328957,25164.0019767299,13348.2480331474
"z_1[1,1184]",0.99991663908678,27543.809364262,13369.6584230171
"z_1[1,1185]",1.00014590838727,25582.4476631142,13057.0912283949
"z_1[1,1186]",0.999971596711319,25227.0693601175,13448.4992285261
"z_1[1,1187]",1.00007394231925,26506.5118702483,13134.9485243053
"z_1[1,1188]",1.00088393193619,35143.6903047629,12055.4891176634
"z_1[1,1189]",1.00005854529208,40597.0088696385,11639.3847678681
"z_1[1,1190]",1.00013534764174,40688.4632181694,11821.0184553657
"z_1[1,1191]",1.00045679039003,44462.1424084535,11379.4028141798
"z_1[1,1192]",1.00074543154568,37143.5861703519,11654.9807554088
"z_1[1,1193]",1.00006624648055,38101.6296177708,10611.1680831706
"z_1[1,1194]",1.00049247817714,40174.3302704046,11873.9942741427
"z_1[1,1195]",1.00013568386568,37993.163172844,11798.1177302267
"z_1[1,1196]",0.999991789115536,38371.5130825501,12620.9935775557
"z_1[1,1197]",1.00022171211018,38872.1683066573,12026.2509599099
"z_1[1,1198]",1.00011750575679,32545.2565707033,13190.4084316195
"z_1[1,1199]",1.00033905622776,31288.6291136338,13411.2739400564
"z_1[1,1200]",1.00032161953641,30186.1569705817,13482.210701304
"z_1[1,1201]",1.00020238116953,31991.10726694,12905.9073944237
"z_1[1,1202]",1.00016583493176,17610.0142190474,11139.7863680281
"z_1[1,1203]",1.00020827934316,15489.2785689076,10587.852277452
"z_1[1,1204]",1.00015063848943,17546.6077123911,12296.7503622858
"z_1[1,1205]",1.00060343626274,16661.1634957618,12172.2633797435
"z_1[1,1206]",1.00039846984392,16318.6855034826,11226.0103561628
"z_1[1,1207]",1.00030834738129,17024.1527568893,11980.4110188107
"z_1[1,1208]",1.00002160637854,17384.0374839301,11734.9942079837
"z_1[1,1209]",1.00015520578522,18219.0796175703,11489.7451529012
"z_1[1,1210]",1.00009467188055,17446.8994652467,12315.7890574925
"z_1[1,1211]",1.00095524178504,16471.4456412705,11333.6988581201
"z_1[1,1212]",0.999928450473518,16544.995724349,11791.0251167393
"z_1[1,1213]",1.00066122118014,17084.8826205262,11633.8126687306
"z_1[1,1214]",1.00055794315587,17449.3842679708,12523.5846069607
"z_1[1,1215]",0.999977427691146,17545.8558078082,11529.1262470953
"z_1[1,1216]",1.00062916417003,17454.7927741622,12241.3291852148
"z_1[1,1217]",1.0003343100359,16988.4669230068,11084.5758201914
"z_1[1,1218]",1.00044286564538,16566.6112067763,12229.6634401519
"z_1[1,1219]",1.00055746577797,17322.9630272188,12025.1397112535
"z_1[1,1220]",1.00006434077615,17317.8596476485,11856.0696897959
"z_1[1,1221]",1.00015114328722,16929.534548683,11811.216463913
"z_1[1,1222]",1.00007294736272,17446.2986943922,11470.7708864724
"z_1[1,1223]",1.00003644906262,16440.3941611922,11567.7597052502
"z_1[1,1224]",1.00015084287294,17487.5341364864,10819.3395764755
"z_1[1,1225]",0.999985340621495,17833.3176826812,12115.550656235
"z_1[1,1226]",1.00008056180162,17159.0876727977,11400.0684596598
"z_1[1,1227]",1.00025830351987,16790.6656642503,12753.2903032013
"z_1[1,1228]",1.00029413278939,16647.7734453857,11545.9122151578
"z_1[1,1229]",1.00017179184582,17145.1126203926,11992.0251212609
"z_1[1,1230]",1.00036542273164,36374.8725999329,11962.4066680838
"z_1[1,1231]",1.00031560273398,36384.2418016108,12472.2619289853
"z_1[1,1232]",1.00058131424421,36024.9989821874,12211.1648124145
"z_1[1,1233]",1.00007677805696,34091.841064955,11531.1361633538
"z_1[1,1234]",1.00002853116763,33777.4059868285,12030.5346493653
"z_1[1,1235]",1.00036580815251,35979.4764368513,12712.7548382184
"z_1[1,1236]",1.00012438729271,46448.0937447737,11165.6952270289
"z_1[1,1237]",1.00015544644968,39163.2046459989,11514.9424574001
"z_1[1,1238]",1.00019201637731,43094.032619261,11462.9308299682
"z_1[1,1239]",1.00025734506453,40394.9091541775,11147.7086073312
"z_1[1,1240]",1.00024800316275,40810.0327522614,11005.1851772353
"z_1[1,1241]",0.999993045464598,40864.3260179696,11297.5103405463
"z_1[1,1242]",1.00023223046788,42174.4866357745,11296.4566262424
"z_1[1,1243]",1.00114617476185,39756.6544830212,10831.2302003176
"z_1[1,1244]",1.00041679770565,37678.808733474,11562.7959445382
"z_1[1,1245]",0.999998783070063,41504.3568619962,10482.0369305754
"z_1[1,1246]",1.00036753669409,42140.2425109349,9535.57203990896
"z_1[1,1247]",1.00032794858909,41744.592574605,10556.3886702833
"z_1[1,1248]",1.00124061019644,29480.8991411113,12535.6923662802
"z_1[1,1249]",1.00063150274675,34962.2024906822,12961.7286959007
"z_1[1,1250]",1.00015937522351,31276.1386636509,13224.4042666057
"z_1[1,1251]",1.00023370987184,29007.4302110512,13476.0683344839
"z_1[1,1252]",0.999937695482454,31642.3706405703,12721.6787172672
"z_1[1,1253]",1.00035110833023,30039.3925425185,11470.6124830664
"z_1[1,1254]",1.00026884158027,29976.8852434798,13410.5059839704
"z_1[1,1255]",1.00018202841562,29894.1999484461,12642.2469485877
"z_1[1,1256]",1.00023149162248,18128.8585959231,12168.8686102541
"z_1[1,1257]",1.00026128885739,18021.8211730964,11646.2473920291
"z_1[1,1258]",0.999987362517709,22200.5533546275,14178.8110618384
"z_1[1,1259]",1.00006684137839,23080.436778671,13636.7954396151
"z_1[1,1260]",1.0000159720569,23086.1893046713,13880.6894662747
"z_1[1,1261]",0.999954197344542,40823.9969440842,10941.4168770861
"z_1[1,1262]",1.00014097874086,33040.3744209436,12728.4808708284
"z_1[1,1263]",1.00041445089639,34899.4503070859,11802.9398457902
"z_1[1,1264]",1.00031028987634,39719.3240612257,11887.6218364026
"z_1[1,1265]",1.00046526872496,38366.0995480096,10546.3174361777
"z_1[1,1266]",1.00030154351815,43372.0636111094,12330.7567904431
"z_1[1,1267]",1.00042410418962,20467.4308510247,12807.6755188459
"z_1[1,1268]",1.00018533509925,19255.173735732,13561.0841234808
"z_1[1,1269]",1.00060880506013,19313.4641358079,14051.7921584933
"z_1[1,1270]",1.00006954704112,23854.7718013038,13760.0867599011
"z_1[1,1271]",1.00019777745375,25031.6411627772,12081.5188751381
"z_1[1,1272]",1.00064237954809,25645.780684503,13059.3192834238
"z_1[1,1273]",1.00009667387666,14487.5804495854,13093.8449565178
"z_1[1,1274]",0.999971458704526,14177.4075370727,13469.3924173985
"z_1[1,1275]",1.00002440489004,10297.2705150793,11766.292214175
"z_1[1,1276]",1.00006864582506,14379.4724861996,12113.1991007209
"z_1[1,1277]",0.999917983416121,14964.3349634655,12634.497566206
"z_1[1,1278]",0.999936637886243,10363.1102722871,12480.3525971549
"z_1[1,1279]",1.00006479958316,10347.7916656834,12466.3605815484
"z_1[1,1280]",1.00003064860781,9827.07657036368,11907.9278144485
"z_1[1,1281]",1.00028028507937,36614.1617667666,10851.201538792
"z_1[1,1282]",1.00101261315258,37786.7806552266,10656.7043270262
"z_1[1,1283]",0.999942126165271,15698.2806936875,13403.2903613692
"z_1[1,1284]",1.00008251111046,15039.6332848138,14020.3709440473
"z_1[1,1285]",1.00008890145944,14910.5402087047,13302.8065164693
"z_1[1,1286]",1.00019199536313,36674.9808679854,11425.8007941951
"z_1[1,1287]",1.00037677163827,20079.6218470992,12514.5015222634
"z_1[1,1288]",1.00034613117782,19997.69450945,12922.600311782
"z_1[1,1289]",0.999861223795,33903.7008917685,12005.8024885281
"z_1[1,1290]",1.00012460886789,34886.1458944051,12824.174430204
"z_1[1,1291]",1.00011059440568,41104.0896076107,10214.7844492528
"z_1[1,1292]",1.00006143395622,33379.0849877255,12824.0061363359
"z_1[1,1293]",1.00028264687878,33942.4187647738,12286.2573796737
"z_1[1,1294]",1.00129503060924,38065.7618144357,12455.0737980524
"z_1[1,1295]",0.999946490098263,36962.9222111973,12863.2100327699
"z_1[1,1296]",1.00011194319685,25679.6255806556,13881.166600865
"z_1[1,1297]",1.00011410691091,27097.3007173407,13777.024215641
"z_1[1,1298]",1.00039876042712,37042.7876028968,11446.6484184358
"z_1[1,1299]",1.00014580818355,33568.9106425349,11371.854455903
"z_1[1,1300]",1.00009375430537,38727.7828072133,11662.4010053085
"z_1[1,1301]",1.00059431633087,41158.5731670139,11881.9457503622
"z_1[1,1302]",1.00016420265412,35303.8457647278,12464.8360766337
"z_1[1,1303]",1.00084904848834,35900.8162487932,12603.6724570869
"z_1[1,1304]",1.00012611787106,31644.7941455667,11951.2672312934
"z_1[1,1305]",1.00002266703579,40772.8261912581,11650.5414992048
"z_1[1,1306]",0.999906220942193,37113.9640235168,10995.1905287508
"z_1[1,1307]",1.00042493998434,38908.1586307727,11816.4408633964
"z_1[1,1308]",1.00010590961662,39636.6541092186,10891.6293321856
"z_1[1,1309]",1.00081052107127,39199.3597592088,10443.3052155373
"z_1[1,1310]",1.00010783097033,40861.2860493094,10960.213962601
"z_1[1,1311]",1.00065323167774,38960.853893049,10850.7947183172
"z_1[1,1312]",1.00038023602986,43241.682457667,10976.8352808028
"z_1[1,1313]",1.00000453686294,34556.9965330893,11532.3524200438
"z_1[1,1314]",0.999886521908711,37225.1206300071,12779.7684151908
"z_1[1,1315]",1.00014500394595,26628.2343393359,11853.5085730176
"z_1[1,1316]",1.00028075765656,41598.7440957516,11690.0685031421
"z_1[1,1317]",1.00008679343939,35713.8935737273,10763.7808381659
"z_1[1,1318]",0.999961089068347,41123.211081079,11814.8771705488
"z_1[1,1319]",1.00023788785728,40211.8393792703,10969.6104802506
"z_1[1,1320]",1.00012091268512,38758.7916937092,10455.5952648824
"z_1[1,1321]",1.00117754179823,36682.4577222206,11623.1602744251
"z_1[1,1322]",1.00095727095481,36763.059037997,10877.7163460213
"z_1[1,1323]",1.00046419691881,41201.635725672,11274.7329219099
"z_1[1,1324]",1.0006444560506,43269.4646051497,11252.0737010028
"z_1[1,1325]",1.00027278916953,37790.5265678925,12074.5791978727
"z_1[1,1326]",0.999877935591608,42096.334479203,11776.1515766971
"z_1[1,1327]",1.00081437310209,35559.9814984228,12020.5475580416
"z_1[1,1328]",1.00007585964442,27971.4644942593,12551.2164286739
"z_1[1,1329]",1.00003584667232,30088.6065973696,11331.702125105
"z_1[1,1330]",0.999860760319708,42292.1684071405,10954.582340197
"z_1[1,1331]",1.00071727538398,43800.8594458477,11286.2925640497
"z_1[1,1332]",1.00029911213575,41379.0438850259,11361.108867268
"z_1[1,1333]",0.999871206950923,43223.7322502908,11657.6671238445
"z_1[1,1334]",1.00043843663097,42600.0501313094,11053.7779608484
"z_1[1,1335]",1.0003993335144,41243.8634922444,11756.7503410517
"z_1[1,1336]",1.00059982081537,36769.6801770061,12129.5788632974
"z_1[1,1337]",1.00048788666565,39334.1878566307,11473.0152311314
"z_1[1,1338]",1.0005455770632,37674.4251328424,10342.8084207915
"z_1[1,1339]",1.00036213130333,43444.9679145656,11060.2157649581
"z_1[1,1340]",1.00025874478341,33692.0581586111,13350.2583319379
"z_1[1,1341]",1.00027307468844,40516.5007578967,12044.8618845426
"z_1[1,1342]",0.999961002110465,19442.4129178122,10623.6135155333
"z_1[1,1343]",1.00058226256624,34563.7132060213,11948.3266702105
"z_1[1,1344]",1.00033670274654,34733.8650122362,11527.2431709628
"z_1[1,1345]",1.0004023760442,37065.2999278229,10141.5590184494
"z_1[1,1346]",1.00087797602919,33883.0214566631,11283.8178803984
"z_1[1,1347]",1.00070718416774,33977.0241906473,11564.7297479535
"z_1[1,1348]",1.0003376458323,33455.3675034095,12102.0063749761
"z_1[1,1349]",1.00031350314543,34168.8785030062,11423.9231675324
"z_1[1,1350]",1.00010511767695,33058.2255588341,11866.1834734772
"z_1[1,1351]",1.00002314696098,34337.7680753556,12031.6489847493
"z_1[1,1352]",1.00018869203609,32553.1551897738,10859.386157842
"z_1[1,1353]",1.00046021954071,36857.8389075695,12170.2527455343
"z_1[1,1354]",1.00000856165378,34520.5258980241,12364.9680323799
"z_1[1,1355]",1.00070466190628,31283.8158093923,10845.7337217498
"z_1[1,1356]",1.0003080013214,33159.0204423288,12478.5923322071
"z_1[1,1357]",1.00022575958166,26759.643157505,12468.2814714978
"z_1[1,1358]",0.999912635022525,29408.4344784378,13432.7662952107
"z_1[1,1359]",0.999928344861117,29139.5045536231,14671.8435885097
"z_1[1,1360]",1.00017361073259,29909.4358864479,13902.9351453526
"z_1[1,1361]",1.00052859417682,31695.4937744006,13719.8964469204
"z_1[1,1362]",1.00040494149374,30733.1474628198,12756.4693828812
"z_1[1,1363]",1.00032462208784,30768.3634896206,12665.2546155467
"z_1[1,1364]",0.99992352701796,22558.5955644804,14878.6469115459
"z_1[1,1365]",1.00009479798831,23415.799816936,14552.1064154051
"z_1[1,1366]",1.0004300107047,21364.8508041709,14084.7315513787
"z_1[1,1367]",1.00006350758963,31124.0715912188,12741.8719580621
"z_1[1,1368]",0.999961683422632,38297.5033329756,11716.493296463
"z_1[1,1369]",1.00053455697388,38947.3486937495,11743.7211134531
"z_1[1,1370]",1.00068305853201,42174.9603719114,10774.3196397125
"z_1[1,1371]",1.00026271793375,37963.1136608038,11900.9132987169
"z_1[1,1372]",1.00001873655716,28160.5283576134,13770.6836311769
"z_1[1,1373]",1.00020378882387,31181.480683677,12330.7622393875
"z_1[1,1374]",1.00086001103294,36428.2800881927,12455.8771205755
"z_1[1,1375]",1.00087694355673,38088.9507493129,11417.3398593233
"z_1[1,1376]",1.00034464905391,37725.6916126465,12808.4657418783
"z_1[1,1377]",1.00040733021105,30670.0336034188,11101.3959632801
"z_1[1,1378]",0.999911946854283,22078.6070925925,13823.0759040336
"z_1[1,1379]",1.00003219541708,21163.3877580677,13923.7756999029
"z_1[1,1380]",1.00016743417017,20852.5538264831,13820.9769094265
"z_1[1,1381]",1.00006839947503,22051.4852322468,13479.8081330933
"z_1[1,1382]",1.00005793337422,29503.3381994795,11219.051256513
"z_1[1,1383]",1.0000616151979,41759.220999525,11813.8356680079
"z_1[1,1384]",1.00037823993349,29490.2266941178,13424.5502222237
"z_1[1,1385]",0.999916173914746,30769.0207170885,12981.5450719713
"z_1[1,1386]",1.0003436959012,28639.5517089106,12836.9797721282
"z_1[1,1387]",1.00013202530378,29118.2559111653,13292.2992740927
"z_1[1,1388]",1.00032758540779,28996.9440452884,12394.3088650757
"z_1[1,1389]",1.00048820342748,33633.8225103794,12578.3056471613
"z_1[1,1390]",1.0000431581249,40362.259690645,11521.6483514193
"z_1[1,1391]",1.00095881179094,33261.3165784408,12443.8936954447
"z_1[1,1392]",1.00124735848693,38745.9936679442,11238.974425381
"z_1[1,1393]",1.00136092693885,40767.6365651223,11690.6280984392
"z_1[1,1394]",1.0001304496512,35276.0007915233,10692.0186552717
"z_1[1,1395]",1.00050310314004,39783.5132740451,11851.9731411428
"z_1[1,1396]",1.00012528702271,39120.5336281447,11408.3872512517
"z_1[1,1397]",1.00078908138608,39649.4314354947,11072.5086284393
"z_1[1,1398]",1.00070909809804,39608.9939947301,10826.8956488218
"z_1[1,1399]",1.00035115939931,27543.6362159756,11767.256919834
"z_1[1,1400]",1.00030170117511,27876.2143386485,13436.3179270701
"z_1[1,1401]",0.999930208701996,29686.9845348585,12213.6371358758
"z_1[1,1402]",1.00047052915192,28379.5073162636,13589.9394465672
"z_1[1,1403]",1.00049618434714,26600.254457257,12679.5407206582
"z_1[1,1404]",1.00061493582485,25109.3069982411,12383.5636256344
"z_1[1,1405]",1.00045272415146,38521.7531750017,11946.8281393935
"z_1[1,1406]",1.0003662528526,30984.2649446451,13151.3391057411
"z_1[1,1407]",1.00030223041984,33755.2617926824,13331.0403329819
"z_1[1,1408]",1.00016321413625,38427.6434817689,10499.4136480428
"z_1[1,1409]",1.00001138171246,43308.7058376886,11200.4882564471
"z_1[1,1410]",1.00039205752716,28876.7001878193,12795.2394056341
"z_1[1,1411]",0.999897934472647,30280.0764607144,14235.6581967465
"z_1[1,1412]",0.999888357142166,34881.9820882781,12734.5845539401
"z_1[1,1413]",0.999944882626241,39170.7804391661,11294.7667242027
"z_1[1,1414]",1.00060369424013,29283.5882535462,12099.5921100521
"z_1[1,1415]",1.00080030259263,29957.7714741507,11945.4887385369
"z_1[1,1416]",1.00042008606701,29886.4672897279,11945.8264238503
"z_1[1,1417]",1.00029809893016,32602.7802731843,11631.8430935868
"z_1[1,1418]",1.00043392429992,31187.5830369138,11056.5234485418
"z_1[1,1419]",1.00066554478471,33999.4222145649,11211.3665825653
"z_1[1,1420]",1.00058937306653,31442.0267705667,11287.0619154478
"z_1[1,1421]",0.999977150822562,31264.6731336917,11046.1100997508
"z_1[1,1422]",1.00001805323286,35151.747729522,11347.2225015759
"z_1[1,1423]",1.00075111711322,34250.0419851608,11727.5014896131
"z_1[1,1424]",1.00026943050743,34679.1938215017,11552.6247239288
"z_1[1,1425]",1.00037580658942,32718.7448809001,11498.5128899663
"z_1[1,1426]",1.00020532029682,32555.2049057252,11479.9396104049
"z_1[1,1427]",1.00053497248756,32822.7873720945,10049.4658933182
"z_1[1,1428]",1.00014287677177,32099.4902289891,11987.2974967824
"z_1[1,1429]",1.00015295224476,34144.6720247176,11249.2429657495
"z_1[1,1430]",1.00043733673469,32069.0918114938,11907.2855584251
"z_1[1,1431]",1.0002004307203,33317.9845825513,11592.6416689696
"z_1[1,1432]",1.00012807094451,36413.846176279,12355.8504640715
"z_1[1,1433]",1.00069960129078,33535.6580315939,11253.8163295459
"z_1[1,1434]",1.00057571304391,33295.4430684317,11802.0838823262
"z_1[1,1435]",0.999944330135514,31447.4713742919,11988.6056863674
"z_1[1,1436]",0.999917450710065,33384.1848782652,12471.0951618621
"z_1[1,1437]",1.00203925551693,31191.5150856296,10637.0446214948
"z_1[1,1438]",1.00042381872889,33315.4588613879,11296.9365822594
"z_1[1,1439]",0.999958665124387,31216.8600223516,11792.1296785764
"z_1[1,1440]",1.00022191135837,30341.7849955818,11464.1434350558
"z_1[1,1441]",1.00012907411812,31145.1468054834,11653.8817374602
"z_1[1,1442]",1.00039322605658,29955.350804165,11915.6111872812
"z_1[1,1443]",0.999848756085174,31090.6388797168,11426.997096138
"z_1[1,1444]",1.00045060238934,33149.9863025329,12257.2471177977
"z_1[1,1445]",1.00024866931699,32508.8220297565,12060.7620114525
"z_1[1,1446]",1.00012556051669,31650.8374171988,11547.4766165453
"z_1[1,1447]",1.00013463818661,32791.538355062,11142.0636952324
"z_1[1,1448]",0.999834889871808,31203.6426194906,11880.9992927725
"z_1[1,1449]",0.999985039149871,32907.8586511339,12312.5553459114
"z_1[1,1450]",1.00010459930157,29888.5006379814,10743.0003535552
"z_1[1,1451]",1.00057027579361,30320.0334524978,12792.5278830369
"z_1[1,1452]",1.00004955305718,28442.8975107479,13174.1521399761
"z_1[1,1453]",0.999888685340233,27236.9683919129,12412.4819369955
"z_1[1,1454]",1.00003517176556,29468.0404795522,13221.3613758538
"z_1[1,1455]",1.00088134596375,37724.2591357322,10701.3328643182
"z_1[1,1456]",0.999954883906968,37501.0765808538,11328.1396316198
"z_1[1,1457]",1.0001110613217,36666.9144852168,11557.222195773
"z_1[1,1458]",1.00022275187225,39231.4838529303,10398.7523310291
"z_1[1,1459]",1.00107639381235,39784.5958400662,11545.7746464266
"z_1[1,1460]",1.00045996969864,37283.2105897714,11143.1060961279
"z_1[1,1461]",1.00042293671129,38862.6917421955,11746.4146731046
"z_1[1,1462]",1.00059538892264,39794.8463216826,11263.1267696217
"z_1[1,1463]",1.00080713967123,40229.8183198643,11758.8535945413
"z_1[1,1464]",1.00005921297915,37589.6141663111,11515.2554441246
"z_1[1,1465]",1.00014527956482,38719.6277193613,11488.2779146499
"z_1[1,1466]",1.00034694991527,39734.469700066,12763.9482120298
"z_1[1,1467]",1.00039083370889,37743.5934658527,10710.1103303477
"z_1[1,1468]",1.00032988503411,35475.2727068803,11196.2725354598
"z_1[1,1469]",1.00060747411259,42716.1932275731,11574.7727158587
"z_1[1,1470]",1.00030618011787,37250.6516686882,11636.9602072585
"z_1[1,1471]",1.00024223190317,37464.0605706067,12016.8259236078
"z_1[1,1472]",1.00043196762181,39402.3050544007,10348.8874667219
"z_1[1,1473]",1.00031522452844,38116.7963224408,12290.7760146162
"z_1[1,1474]",1.00008494866137,39266.2651594986,10989.2188980305
"z_1[1,1475]",1.00052552863214,36364.226033365,12089.2736189319
"z_1[1,1476]",1.00004620855789,37947.3140473756,11323.564740609
"z_1[1,1477]",1.00003102803644,38127.6489358356,12317.1982924095
"z_1[1,1478]",1.00003135706117,24930.0444712553,14377.3670605472
"z_1[1,1479]",1.00014649643173,24207.5513709698,13855.443827232
"z_1[1,1480]",1.00078163460593,38735.6914472734,11330.1836420996
"z_1[1,1481]",1.00086905524798,38912.4366941071,10511.7548686157
"z_1[1,1482]",1.000645005741,41677.7049777135,11134.3870884371
"z_1[1,1483]",0.999898508561957,41989.9884878799,11436.2503278547
"z_1[1,1484]",1.00011022662944,38694.7380427008,10393.8684021846
"z_1[1,1485]",1.00024162959613,41531.6061168072,11346.4905973456
"z_1[1,1486]",1.00088102288959,41247.3636349252,11667.623680359
"z_1[1,1487]",1.00068610583572,35513.9269644218,11409.2755257617
"z_1[1,1488]",1.0000602849396,39351.4490213387,11635.2549968224
"z_1[1,1489]",0.999882842341608,38661.3907184443,10831.6289925588
"z_1[1,1490]",0.99991994738717,40121.6494993772,11291.9643786479
"z_1[1,1491]",1.00056569951062,40434.3542099973,11002.6151939542
"z_1[1,1492]",1.00081810290716,39088.0174173458,11806.1143784877
"z_1[1,1493]",1.00087881302955,37394.4009328823,10772.9564746307
"z_1[1,1494]",1.00000123714691,36250.6748854437,10882.3244659883
"z_1[1,1495]",1.00009054543424,37711.4457512711,11430.7654899568
"z_1[1,1496]",1.00027284969358,34574.0548907432,11730.4603310018
"z_1[1,1497]",0.999936077790402,31646.3289251565,10910.1459974074
"z_1[1,1498]",1.00055616105183,35004.2218769423,11434.2605979065
"z_1[1,1499]",1.00024475044767,34108.2729210964,11434.707397624
"z_1[1,1500]",1.00009131122185,34650.7133075163,11638.4030039501
"z_1[1,1501]",1.00038735574203,39599.3482386218,10602.124630684
"z_1[1,1502]",1.00016725515883,35128.9988503519,11468.6272352844
"z_1[1,1503]",0.999965067968335,34701.6478524875,11115.6845674189
"z_1[1,1504]",0.999991965053933,35857.8583643859,11781.4893012139
"z_1[1,1505]",1.00041313752089,35603.9079779251,11424.7808042768
"z_1[1,1506]",1.00063869583765,40423.3061592118,11177.1574163791
"z_1[1,1507]",1.00109556363928,34506.0399438088,11309.3947683761
"z_1[1,1508]",1.00006586291255,33520.9970407917,11473.6526895755
"z_1[1,1509]",1.00077990537982,35125.0291381383,10574.1067843221
"z_1[1,1510]",1.0000745273139,34523.7862068492,12101.2596269167
"z_1[1,1511]",1.00040234039228,34934.2433836084,12442.3217847819
"z_1[1,1512]",1.00061303380926,37669.8993852588,10883.4477634136
"z_1[1,1513]",1.00028610049425,40151.7956255842,10945.7091050361
"z_1[1,1514]",1.00062991285102,37241.9261457473,11318.1154865794
"z_1[1,1515]",1.00064874086962,36187.5186285992,10022.7067879639
"z_1[1,1516]",1.00035240173036,38174.3881858797,11016.5902207268
"z_1[1,1517]",1.0006811866851,39336.3580521821,10862.3290312879
"z_1[1,1518]",1.00001159624808,37556.3176586742,12014.930888978
"z_1[1,1519]",1.00025793566784,34393.1291596974,11293.7006861073
"z_1[1,1520]",1.00008424844136,42705.2512188774,11491.4146014799
"z_1[1,1521]",1.00075499866414,37991.4960874116,10976.2472165715
"z_1[1,1522]",0.999965253027716,36200.692870936,11334.5486547724
"z_1[1,1523]",1.00005783149209,33194.6289054314,12136.2071708673
"z_1[1,1524]",1.0005918600751,34913.0734254587,11018.0269375984
"z_1[1,1525]",0.999908371643671,31099.246111786,13380.6375993159
"z_1[1,1526]",1.00012968644946,32688.8287906607,12993.5486815045
"z_1[1,1527]",0.999995510579718,24767.6729115413,13573.4543156316
"z_1[1,1528]",1.00011086682966,29024.0523713716,13654.1314567815
"z_1[1,1529]",1.00026900053879,30230.7049753628,10815.7169925766
"z_1[1,1530]",1.00009399415622,31002.9055952844,11366.8327132115
"z_1[1,1531]",0.999943022192332,40140.3024126163,11805.0725826697
"z_1[1,1532]",0.999983697094922,38047.3104320802,11844.6599001525
"z_1[1,1533]",0.999993978512197,33412.571824766,12256.8744535565
"z_1[1,1534]",1.00011023790609,38350.5435996438,11419.9090511704
"z_1[1,1535]",0.999980487111587,28234.9149939633,11698.8333278728
"z_1[1,1536]",1.00026719998964,36407.5585829917,11064.2167030392
"z_1[1,1537]",1.00011037114598,37300.6511214895,10642.9272627626
"z_1[1,1538]",1.00074529977532,35892.2265789063,11471.3721452064
"z_1[1,1539]",1.00008978974219,36877.4605690588,12006.0774224326
"z_1[1,1540]",1.00036747253248,37002.9127940672,11806.2518771722
"z_1[1,1541]",1.00019121336655,38223.8452626196,11394.1144955486
"z_1[1,1542]",1.00020440572962,36328.4149072844,11427.1812711371
"z_1[1,1543]",1.00064613333278,35093.5299333845,11711.6009215729
"z_1[1,1544]",1.00052506420435,38410.0080539149,11880.5203028815
"z_1[1,1545]",1.00068093456048,38672.7827046231,11319.5981054984
"z_1[1,1546]",0.999972960953759,37160.4383318202,11644.8853125793
"z_1[1,1547]",1.00048493651174,39227.1977370356,9328.49833069109
"z_1[1,1548]",1.00046018539404,36980.2550452961,10844.2350954236
"z_1[1,1549]",1.00014697069417,35018.1282467187,11429.8265191011
"z_1[1,1550]",1.00075687752032,38381.5704224651,11463.2567773708
"z_1[1,1551]",1.00045088674367,36296.5591612876,11941.3848712032
"z_1[1,1552]",1.00001177637733,38521.5403243638,10931.0624452981
"z_1[1,1553]",0.999944737136254,38922.8544324736,12087.1875812858
"z_1[1,1554]",0.999992562635329,35300.1089393406,11450.4600534163
"z_1[1,1555]",1.00064503104127,40466.8141068622,11953.8794794882
"z_1[1,1556]",0.999918917329965,36165.1797744747,10499.3582813136
"z_1[1,1557]",1.00056979561528,34066.1977960595,10602.0349002657
"z_1[1,1558]",1.00047382534794,35681.0681050599,11721.1457280965
"z_1[1,1559]",1.00009268113934,36460.5347797487,11964.8815885605
"z_1[1,1560]",1.00017008602329,35447.6325575268,11187.0223784046
"z_1[1,1561]",1.00096230157518,34714.7197895437,11689.7498775781
"z_1[1,1562]",1.00033717477124,37277.4892023263,11872.2601273758
"z_1[1,1563]",0.999980298186316,39058.8419539184,11135.1877278307
"z_1[1,1564]",1.00008252968114,33590.1817460364,11613.7190234858
"z_1[1,1565]",1.00047344880834,38882.0887058591,10596.222930446
"z_1[1,1566]",1.00014084317079,39436.283448024,11017.5905373118
"z_1[1,1567]",1.00009512756197,36450.8351542095,11202.8854246622
"z_1[1,1568]",1.00024819581036,38318.6289251742,11388.9940784479
"z_1[1,1569]",1.00037976122014,34998.5396064556,11370.021630367
"z_1[1,1570]",0.999878476972075,35403.7357998527,11818.6371904701
"z_1[1,1571]",1.00060756472381,45968.377494288,10740.0617165761
"z_1[1,1572]",1.00009238949198,41451.5322819739,11384.7073300398
"z_1[1,1573]",1.00032262159815,26657.226328238,12759.1313791252
"z_1[1,1574]",1.00017035205399,39754.6249837088,11808.6155025836
"z_1[1,1575]",1.00026411067935,33799.9086964417,12201.9891360923
"z_1[1,1576]",1.0002964134834,35826.5129865829,12976.6362709188
"z_1[1,1577]",1.0004720152033,31423.7422187799,12235.7517728637
"z_1[1,1578]",1.00022952872889,35087.4660830501,11086.5915254304
"z_1[1,1579]",1.00025561533406,37265.5657868668,12075.0301716423
"z_1[1,1580]",1.00023499290554,29433.4331717716,12233.0459784855
"z_1[1,1581]",1.00001933182968,32270.1172056293,11608.8667602724
"z_1[1,1582]",1.0003195677904,28619.9654877258,12104.3697770224
"z_1[1,1583]",1.00053923198605,28233.0680176924,12634.3518933139
"z_1[1,1584]",1.00085848283564,28520.8392552187,13597.386347664
"z_1[1,1585]",0.999978490480254,38043.9143794257,11779.9741639743
"z_1[1,1586]",1.00050015579067,39254.923238339,11244.1748166171
"z_1[1,1587]",1.00041808062259,39539.1689767937,11794.3938188784
"z_1[1,1588]",0.99996022526346,22973.1174106925,12951.9528758761
"z_1[1,1589]",1.00072344834324,23748.3794385661,12649.3610536766
"z_1[1,1590]",1.00008508134744,24347.6722646592,13537.9505992511
"z_1[1,1591]",1.000065736832,26127.4537295115,13457.4879218488
"z_1[1,1592]",0.999860130564786,23952.5805525472,12494.9721594938
"z_1[1,1593]",0.999938830303971,21952.6486825174,12542.8837828581
"z_1[1,1594]",0.999949914219361,24184.4353022516,13248.103585492
"z_1[1,1595]",1.00011716726889,24345.9263222615,13383.1253875595
"z_1[1,1596]",0.999914777874543,39573.8167104424,11053.7967658734
"z_1[1,1597]",0.999982719056046,40626.452675786,11605.8523611953
"z_1[1,1598]",1.00035440965853,36791.7561305547,11922.6833863965
"z_1[1,1599]",1.00002835659663,41807.7150665361,11813.7591122869
"z_1[1,1600]",1.00021976204173,37502.5470424442,12108.4935012323
"z_1[1,1601]",1.0002009345266,38774.9965712538,11025.465832178
"z_1[1,1602]",0.999894491692633,37953.293246565,11635.2373657962
"z_1[1,1603]",0.999921869639967,38168.741713165,11470.8115936458
"z_1[1,1604]",0.999965058523524,36724.5196107029,11429.1190342763
"z_1[1,1605]",1.00046445894276,36781.3266274325,11521.0513165019
"z_1[1,1606]",1.00092934560049,36813.3512063806,12005.7659485449
"z_1[1,1607]",1.00041271142405,40506.9434881537,11030.8926667543
"z_1[1,1608]",1.00039111834154,33606.7832960623,11187.1253237835
"z_1[1,1609]",1.00003263320221,39039.0594355878,11487.2638513111
"z_1[1,1610]",1.00051442865071,31259.3131615197,11959.9694787261
"z_1[1,1611]",1.00009623922162,39698.5991378761,11074.9816347434
"z_1[1,1612]",1.00094368485114,41207.5222720582,10543.3506441846
"z_1[1,1613]",1.00016556333815,35777.6386898218,11551.5639397857
"z_1[1,1614]",1.00041195750467,28648.1633703012,11704.824968498
"z_1[1,1615]",1.00027758398366,29721.439111081,11887.7292870166
"z_1[1,1616]",1.00013662256455,39032.1355273961,11928.3805033015
"z_1[1,1617]",1.00030554062902,40864.9088763696,11821.7838028476
"z_1[1,1618]",1.00062560938004,31099.7483835458,12912.0395819481
"z_1[1,1619]",1.00002239369391,35880.0696090117,13449.6274454071
"z_1[1,1620]",1.00042942150947,34656.5565172255,12708.0917532245
"z_1[1,1621]",1.00028641002217,41228.6431540315,10922.6648112137
"z_1[1,1622]",0.999901192838321,30053.1463976273,11998.6790643225
"z_1[1,1623]",1.00034207379056,36560.7152687301,12338.4840418346
"z_1[1,1624]",0.999889214436985,31980.6772482845,13938.7275448736
"z_1[1,1625]",1.00035383411316,41573.4657286429,11289.9897636239
"z_1[1,1626]",1.0009732785007,38619.5717040023,10904.8142711147
"z_1[1,1627]",1.0002942204421,31753.4772618701,11065.2473532036
"z_1[1,1628]",1.000365604469,11556.8750623722,11396.8718206379
"z_1[1,1629]",1.00015486910182,11578.5558820229,11322.886513227
"z_1[1,1630]",1.00040098993603,12583.2026621875,11873.6405174162
"z_1[1,1631]",1.00043371151978,12777.6419759715,11965.3859840718
"z_1[1,1632]",1.00037238900746,12220.5683240944,11775.2283427615
"z_1[1,1633]",1.00007642842727,11832.1552817286,12186.4163904295
"z_1[1,1634]",1.00011605611111,11669.8721078162,9215.81845427338
"z_1[1,1635]",1.00027233873063,12521.5721596985,11255.5078564156
"z_1[1,1636]",0.99986480299457,13239.6107944934,11506.5528127122
"z_1[1,1637]",1.00007021418127,12820.9808057934,11772.5467252905
"z_1[1,1638]",1.00007646994021,13213.9893454007,10940.319307399
"z_1[1,1639]",1.00006698543985,13178.2161145577,11799.2103396037
"z_1[1,1640]",1.00018729457558,12936.3428578133,10907.7001771455
"z_1[1,1641]",0.999962144066409,13032.0046409325,12286.8646676492
"z_1[1,1642]",1.00003655569586,13441.1652651484,12285.9370180589
"z_1[1,1643]",1.00056764296989,12987.6858609836,12327.2570080683
"z_1[1,1644]",1.00027505483671,12574.450634768,10942.9588714063
"z_1[1,1645]",1.00014351535346,12550.0163702283,10126.4312403711
"z_1[1,1646]",1.00030785478765,13376.1099827317,11573.6474848896
"z_1[1,1647]",1.000548257531,13025.7167975071,12130.9946093747
"z_1[1,1648]",0.99997045817945,13682.0412547111,11691.2094002444
"z_1[1,1649]",1.00016564322768,13592.1873186408,11496.5886170747
"z_1[1,1650]",1.00022024284798,13449.772344704,11387.3703949109
"z_1[1,1651]",1.00007024030133,13431.9108691872,11998.4601274055
"z_1[1,1652]",1.0000116041058,11961.7099090101,11987.4086488004
"z_1[1,1653]",1.00052114880956,35173.9538556658,12216.0817345937
"z_1[1,1654]",1.00018429301509,38149.178628241,11474.9764662735
"z_1[1,1655]",1.00018871315408,37054.1843680568,11292.8290080842
"z_1[1,1656]",1.00145296201673,40219.9386179823,11657.748532551
"z_1[1,1657]",0.999940112334493,41826.8191626592,11881.1707817241
"z_1[1,1658]",1.00017859727675,36756.5080925615,11972.1685414003
"z_1[1,1659]",0.999962865569515,36464.1689161259,13662.7578229858
"z_1[1,1660]",1.00030843182819,36987.8200331383,10958.6442695007
"z_1[1,1661]",1.00001545066965,37143.9106854585,12064.2816354687
"z_1[1,1662]",1.00006244475228,38083.5361508953,12995.4604140554
"z_1[1,1663]",1.00011403930855,38288.443649984,12618.2026328012
"z_1[1,1664]",0.999853191003759,37367.5243993345,12383.6364969823
"z_1[1,1665]",1.0001315610423,37574.9693805957,11271.3698881621
"z_1[1,1666]",1.00038562355238,44680.6803855631,11345.4780152375
"z_1[1,1667]",1.00040308336463,39333.8132839301,11028.9435693784
"z_1[1,1668]",1.00004407546033,41042.9258601845,10966.348785434
"z_1[1,1669]",1.00050508510014,41041.9983720588,10019.8433193689
"z_1[1,1670]",0.999992271393358,41167.2063205219,11560.1695888235
"z_1[1,1671]",1.00042867307492,37862.9866371571,12516.0228143645
"z_1[1,1672]",1.00001679524255,35835.7929386314,11941.9714255563
"z_1[1,1673]",1.00024153497321,29554.2485824072,12203.5174077845
"z_1[1,1674]",1.00043879760567,32945.646453161,12921.8956438569
"z_1[1,1675]",1.00035360698198,32729.4020218169,12922.381534039
"z_1[1,1676]",1.00062082899279,36425.9609981688,11709.4694732347
"z_1[1,1677]",1.00010850832348,38162.38390957,12330.1211855467
"z_1[1,1678]",1.00064464112853,35899.8756001222,10778.216673421
"z_1[1,1679]",1.00006404197124,34688.1297198861,12222.466745632
"z_1[1,1680]",1.00014847744519,39573.3910813591,13173.5562840382
"z_1[1,1681]",1.0002181731396,38970.4464682484,11610.8224200272
"z_1[1,1682]",1.00007268570207,37678.5415965722,11593.0827169575
"z_1[1,1683]",1.00064671956494,42373.9433708069,11549.0208735377
"z_1[1,1684]",0.999929101420603,41491.2515400717,11013.9644885413
"z_1[1,1685]",0.999970323636402,37945.826440809,11902.7257449296
"z_1[1,1686]",1.00005783293003,41487.2072044566,10979.5450859108
"z_1[1,1687]",1.00057649120673,41817.6411206285,10348.4687918
"z_1[1,1688]",1.00025310172514,32991.2214103916,11930.5474500424
"z_1[1,1689]",1.00057644029166,38348.2596953333,12363.8120873686
"z_1[1,1690]",1.00030221267818,34280.8815079963,11264.8225869154
"z_1[1,1691]",1.00045353537106,34937.9811516242,11231.5728913132
"z_1[1,1692]",1.00013797112524,37204.6883190306,12299.2696745585
"z_1[1,1693]",1.00011400380374,35427.8326115887,12580.5185866886
"z_1[1,1694]",1.0001050750738,39040.3349606148,12357.2514905642
"z_1[1,1695]",1.00069395811352,42566.0709878381,10116.2964610962
"z_1[1,1696]",1.00011175131639,36663.1633615587,13188.2458898986
"z_1[1,1697]",1.00010815906285,37793.6219035475,11770.1660933734
"z_1[1,1698]",1.00074776343014,36257.9120845586,11914.2605549765
"z_1[1,1699]",1.00015429285587,34781.1454154689,12455.8261010373
"z_1[1,1700]",1.00014152259778,40371.3939666726,11787.5410439295
"z_1[1,1701]",1.00019564520047,40802.84998782,11591.4422899358
"z_1[1,1702]",0.999984412181617,42790.1375062471,10883.6326999778
"z_1[1,1703]",1.00039704541122,38802.5284429834,11321.4011401152
"z_1[1,1704]",1.00026118267057,40110.6682065967,11641.8399269728
"z_1[1,1705]",1.00008002186177,34222.2640449421,11788.7061869513
"z_1[1,1706]",1.00009107359434,38387.3493766899,10953.4596452747
"z_1[1,1707]",1.0002516823087,43055.9699840818,10860.9218057645
"z_1[1,1708]",1.00021493656001,38350.2876188206,10657.6568578267
"z_1[1,1709]",1.00038829707143,40401.3103824781,10777.1892680037
"z_1[1,1710]",1.00055401101398,39226.3141966016,10921.8765334713
"z_1[1,1711]",1.00039354918218,40862.5277133591,10885.3168212114
"z_1[1,1712]",1.00053167075472,41882.7879378099,11109.7260031899
"z_1[1,1713]",1.00008156390896,42519.4269471814,10373.5798204207
"z_1[1,1714]",1.00032998535954,39342.6786097454,11342.3500332311
"z_1[1,1715]",1.0007462987115,38594.2824902165,11349.2045557901
"z_1[1,1716]",1.00004400021832,42727.368907649,10544.9738441911
"z_1[1,1717]",1.00062432196418,40532.119096411,12348.8493824581
"z_1[1,1718]",0.999856360525527,40795.3660735465,11077.2682564251
"z_1[1,1719]",1.00146557605111,37374.8295935269,12378.9157463591
"z_1[1,1720]",1.00017000421939,27312.5729677847,12547.9001123644
"z_1[1,1721]",1.00023883048675,28897.6055507969,12827.8567756964
"z_1[1,1722]",1.00056342564462,33590.3272610818,11583.9062181222
"z_1[1,1723]",1.00008897244636,38321.1192649994,11550.382519973
"z_1[1,1724]",1.00003504996225,23874.7006668395,12568.3174113209
"z_1[1,1725]",1.00045553149953,23267.2164484599,13059.6041786575
"z_1[1,1726]",0.999903051131606,31980.6778912978,12271.1096148528
"z_1[1,1727]",1.00056588583105,31995.3781322011,12710.5702217414
"z_1[1,1728]",1.00018833067861,37214.4412780088,12971.7747395295
"z_1[1,1729]",1.00001086184232,32732.4148074341,12414.5958211074
"z_1[1,1730]",1.00095159896205,33978.3109247533,11771.6842090692
"z_1[1,1731]",1.00052514609509,37931.0839765396,11635.4755035485
"z_1[1,1732]",1.00034226986795,35148.2907679907,11819.1252563411
"z_1[1,1733]",1.00032010639828,34475.4501299065,12250.4793306636
"z_1[1,1734]",1.00022610587553,38882.5077594149,11999.3266253836
"z_1[1,1735]",1.00145106841017,40080.9693449685,11275.2819679058
"z_1[1,1736]",0.999992721830705,41999.0602938856,12030.6529370955
"z_1[1,1737]",1.00023497630471,42466.5471098928,12025.4658867261
"z_1[1,1738]",1.00036756544435,39111.2989997769,10567.2875237421
"z_1[1,1739]",1.00016004311075,41354.7973971499,10927.0436286208
"z_1[1,1740]",1.00028534185571,42707.7134224977,11089.7563584265
"z_1[1,1741]",1.00025847425678,44503.9665587997,11544.959370825
"z_1[1,1742]",1.00000010016777,36589.8059407174,11606.5173867926
"z_1[1,1743]",1.00042585997045,33982.1249431279,13081.1132063695
"z_1[1,1744]",1.00021554413165,35869.2742612158,12704.1086815108
"z_1[1,1745]",1.00033313956187,38629.1352755397,11085.5615660488
"z_1[1,1746]",1.0002004586024,20035.1540490193,12020.7815476199
"z_1[1,1747]",1.00020777133176,36183.6668624117,11333.3448742509
"z_1[1,1748]",1.00032803017785,24882.9432692069,11904.0345543174
"z_1[1,1749]",1.00006947705362,23944.9473489092,11694.7201859516
"z_1[1,1750]",1.00069365885674,23738.5765177429,12058.6545923008
"z_1[1,1751]",0.99998432019228,23090.8573815587,12323.9727566061
"z_1[1,1752]",1.00009243851036,22378.5150710045,12399.7571498853
"z_1[1,1753]",1.00005622064044,17983.0310867039,13023.3664790631
"z_1[1,1754]",1.00016131688617,26511.9136918704,11824.639769809
"z_1[1,1755]",1.00119308639314,23619.9711786005,12409.3714705191
"z_1[1,1756]",1.00015134094275,22662.9509418677,11732.6599844611
"z_1[1,1757]",1.00037524857423,24967.9770034951,13041.979448951
"z_1[1,1758]",1.00060671500457,26204.2225039465,11792.8717511229
"z_1[1,1759]",1.00018415080368,17059.859843079,13323.7396283615
"z_1[1,1760]",1.00024696271071,39227.8196191719,11187.3212094111
"z_1[1,1761]",1.00043318852735,36060.9901870487,10964.0169785255
"z_1[1,1762]",1.00100746453553,22400.6213908072,11923.8668103438
"z_1[1,1763]",1.00052709415303,23492.885245959,11879.4373693718
"z_1[1,1764]",1.0002431516556,37065.6617094306,11191.1479114043
"z_1[1,1765]",1.00015479450725,43356.3188301604,11284.8102398014
"z_1[1,1766]",1.00043048426707,36739.6469846859,11596.1563420169
"z_1[1,1767]",1.00013560140933,24628.8227297849,11993.4815914111
"z_1[1,1768]",1.00062600050177,41113.0175950908,11724.1019754382
"z_1[1,1769]",1.00043984124287,32902.8668417782,10802.8879989384
"z_1[1,1770]",1.00059248256614,33955.4365554755,12698.2064897964
"z_1[1,1771]",1.00040096268463,39143.6227173514,11596.6720090784
"z_1[1,1772]",0.999926711101935,38538.6461753006,13460.8091565457
"z_1[1,1773]",1.00014354584161,38266.4499538033,12732.5109839266
"z_1[1,1774]",1.00039316515731,39501.8905604691,11540.6139590956
"z_1[1,1775]",1.00021119606082,38379.0730689682,10910.6527916903
"z_1[1,1776]",1.00028044385728,35778.5680227843,11301.2468390482
"z_1[1,1777]",1.00006313820175,16063.2284402896,12675.0557722589
"z_1[1,1778]",0.999925141511733,14935.8807595453,12253.2887358273
"z_1[1,1779]",1.00013645408841,13579.6767045219,13061.5732174083
"z_1[1,1780]",1.00006680955743,13278.1402576887,12689.4004591528
"z_1[1,1781]",1.00019951383572,22963.8756024631,12697.99867597
"z_1[1,1782]",1.00029422929613,15453.8507359532,12573.3439841963
"z_1[1,1783]",1.00025554941261,10065.6242701229,12393.4000142409
"z_1[1,1784]",0.999983691100136,11733.6319334672,12982.9573611547
"z_1[1,1785]",1.00022016641093,9746.98512699807,11898.3232428914
"z_1[1,1786]",1.00013010324677,39457.7741601439,11642.0774875796
"z_1[1,1787]",1.00035554391779,42098.3750863559,11005.7350827351
"z_1[1,1788]",1.00061202997959,37114.0569194271,10904.3408934422
"z_1[1,1789]",1.00029038885988,38366.4352975733,12235.4880373072
"z_1[1,1790]",1.00001434852419,38835.1111620377,12329.5385463534
"z_1[1,1791]",1.00016168281334,41940.4223409014,11577.0105361378
"z_1[1,1792]",1.00018066155367,44176.7061138316,10622.4805359838
"z_1[1,1793]",1.00016319687534,41769.7166292128,11207.6934964371
"z_1[1,1794]",1.00002990487726,24108.9520371562,12034.922787497
"z_1[1,1795]",1.00031389954946,36610.3297614719,13193.1618318314
"z_1[1,1796]",1.00064710311637,35909.5886806518,12336.4761195409
"z_1[1,1797]",1.00002340362151,37565.3726429901,12816.7023679777
"z_1[1,1798]",1.00065969207598,34958.7955001574,12937.4297150609
"z_1[1,1799]",0.99999690110446,30348.6913834968,11732.8841490079
"z_1[1,1800]",1.00015182555506,30867.5941734427,13204.9552393438
"z_1[1,1801]",1.00007925997482,34998.166227439,11522.3932273338
"z_1[1,1802]",1.00029206523748,39224.689263027,12172.2725855529
"z_1[1,1803]",1.00084105392756,33574.2115119437,11806.4869837689
"z_1[1,1804]",1.00075379988817,33737.0263043054,11826.314706863
"z_1[1,1805]",1.00015606204693,30735.2560166989,13328.2000772082
"z_1[1,1806]",1.0005392171245,31814.6340276126,12483.1561451602
"z_1[1,1807]",0.999960760312867,34541.480407152,12512.1354806886
"z_1[1,1808]",1.00014817796678,35547.6196227543,11981.7870587788
"z_1[1,1809]",1.00002412675122,26335.100581339,12680.2353583607
"z_1[1,1810]",0.999967449765276,33988.3809492353,11834.855293573
"z_1[1,1811]",1.00009921600726,25438.4780552891,14257.4818291907
"z_1[1,1812]",0.999949224509854,36714.8517504957,12103.0307137599
"z_1[1,1813]",1.00039207482065,37184.1123915239,11675.9817337293
"z_1[1,1814]",1.00001277656716,32818.6018290953,13089.9046032051
"z_1[1,1815]",1.00032248397584,33192.3366304233,12963.3505104021
"z_1[1,1816]",0.999981725279591,31691.5277858402,13208.8974491773
"z_1[1,1817]",1.00060421206148,37161.6196962325,11227.2848985399
"z_1[1,1818]",1.0000748860478,30868.4581241719,12597.6897752958
"z_1[1,1819]",1.00076341780189,43280.4696350493,10810.8797419039
"z_1[1,1820]",1.00024524134703,41741.6889615073,11974.5149872072
"z_1[1,1821]",1.00059144691767,40846.4519823588,10870.060019309
"z_1[1,1822]",1.00043362180559,39677.5807383217,11493.2802748057
"z_1[1,1823]",1.00045391043481,39785.745540483,10861.3560685979
"z_1[1,1824]",0.999984348400094,37481.2115985243,12082.3001325302
"z_1[1,1825]",0.999953359843592,19832.9482193133,12656.8630786645
"z_1[1,1826]",0.999976656370954,19965.7014455938,12787.3936256504
"z_1[1,1827]",1.00029846089429,37029.5248228236,12195.4546222338
"z_1[1,1828]",1.00088926100433,39454.3852322485,11992.6896858153
"z_2[1,1]",0.999850952443394,40301.2733563365,11686.0676226886
"z_2[1,2]",1.00055188079953,35351.4178870357,12180.8662043012
"z_2[1,3]",1.00009521506916,35123.178401541,12566.6442295393
"z_2[1,4]",1.00027281616316,26853.0851441675,11136.5533562771
"z_2[1,5]",1.00007607683767,28589.4907443514,11603.9692334045
"z_2[1,6]",0.999871611456022,32420.9550695567,10839.9436727597
"z_2[1,7]",1.00059967370199,26331.9987637714,12485.3509512496
"z_2[1,8]",1.00000657078659,27905.4446039002,11673.7623127861
"z_2[1,9]",0.999946998008839,29075.2549742788,12125.0451196014
"z_2[1,10]",1.00004798148536,30892.9938175405,11549.1704389885
"z_2[1,11]",1.00038257169259,25134.4886001462,12458.7957174484
"z_2[1,12]",1.00033562334318,23550.0259627027,11201.097894974
"z_2[1,13]",1.00056622086781,36256.0151624804,12254.1926297179
"z_2[1,14]",1.00063309181824,31712.6791375488,12303.2816603444
"z_2[1,15]",1.0002046292144,20560.1189365615,12321.2676357267
"z_2[1,16]",1.00045212241915,21651.5981227581,11276.0430218569
"z_2[1,17]",1.0002135109962,25214.7366728491,12209.2119169307
"z_2[1,18]",1.00058434836127,23066.1536845728,11774.1281698489
"z_2[1,19]",1.0000820579189,29082.6875819139,12056.5500914162
"z_2[1,20]",1.00020365741243,25328.0950944154,12309.9649607681
"z_2[1,21]",1.00070567864236,30659.6895208958,12126.653400771
"z_2[1,22]",1.0009711755592,29474.1688543806,12837.7403374968
"z_2[1,23]",0.999891722572882,30897.0295122814,12151.1193495081
"z_2[1,24]",1.00006803467817,32868.1389315321,12647.5548034287
"z_2[1,25]",1.00080734750147,30039.2941841953,12716.7366863231
"z_2[1,26]",1.00023357141331,31663.4679193395,12424.8906514697
"z_2[1,27]",1.00050756414631,38852.6692431642,10077.6424167253
"z_2[1,28]",1.00013156716776,25186.8191141791,12605.885673551
"z_2[1,29]",1.00015490793893,33139.9011343363,12892.8339562616
"z_2[1,30]",1.00027102752845,34463.3271980637,12186.8861246338
"z_2[1,31]",1.0004182345926,31142.2670727011,11286.7200916995
"z_2[1,32]",1.00032059810853,27041.6546914819,12169.4176183606
"z_2[1,33]",1.00012076736949,31835.7086712245,12004.7153774685
"z_2[1,34]",1.00019731062824,32322.042818863,11467.2863267813
"z_2[1,35]",1.00019991444767,30302.6937202374,12638.5930238466
"z_2[1,36]",0.999801351878778,18026.9758550404,12227.1238914014
"z_2[1,37]",1.00005222954141,28343.6854453626,10817.4867779448
"z_2[1,38]",1.00012649826014,25907.3384297212,13180.1169306839
"z_2[1,39]",1.00001077448818,35011.0791783155,11204.5492977939
"z_2[1,40]",0.999938704987158,32117.706021868,11568.5407727724
"z_2[1,41]",1.00048109598576,28212.2211527997,11889.6080927018
"z_2[1,42]",0.999879783673511,24542.200986136,12440.861248027
"z_2[1,43]",1.00034991520379,29272.8307239878,11386.7940788981
"z_2[1,44]",1.00001426473235,29197.0414270855,10971.4286547325
"z_2[1,45]",1.0010140408142,31570.8968462929,11719.8680843454
"z_2[1,46]",1.00016368209256,30599.2558777327,12439.3865448484
"z_2[1,47]",1.00036654287577,29250.4343725787,12465.2520406841
"z_2[1,48]",0.999968106509007,31064.0246710093,12439.1402808968
"z_2[1,49]",1.00066994105457,20588.9458495888,11586.4740632994
"z_2[1,50]",1.00012846772335,20639.5527677365,12206.2284414842
"z_2[1,51]",1.00001320674927,21728.5582654342,12871.3095066521
"z_2[1,52]",1.00021858229988,29240.1502969265,11968.1154844933
"z_2[1,53]",1.00023073016217,23412.3660710959,12393.6790307805
"z_2[1,54]",1.00007561155953,30280.9350858637,11335.508045491
"z_2[1,55]",1.00030591391269,30000.3181978465,12563.4284757233
"z_2[1,56]",1.0002408086169,30494.9559628342,11302.163054364
"z_2[1,57]",1.00067970103512,21258.5259955354,10800.1840374878
"z_2[1,58]",0.999929859548693,24604.015004162,12964.7317505972
"z_2[1,59]",1.00013319714237,33338.3518247918,12439.7618888448
"z_2[1,60]",0.999883377891659,31502.4234073522,10992.8700263696
"z_2[1,61]",1.00047580376879,22581.6782099948,11662.8990720794
"z_2[1,62]",1.0007449156113,22368.3950934492,11820.7618755036
"z_2[1,63]",0.999926313158497,30147.9244146947,12283.1140834471
"z_2[1,64]",1.00059135261644,33380.137295269,12046.9606758243
"z_2[1,65]",1.00022092342937,31273.1756183814,12772.8721365106
"z_2[1,66]",1.00039368030136,27005.5148202946,12079.8803415814
"z_2[1,67]",1.0006123963541,37675.4000213131,11858.6018473588
"z_2[1,68]",1.0004156459936,34839.1767504964,12389.2170729875
"z_2[1,69]",0.999982953050839,30965.4573745623,12273.9401460383
"z_2[1,70]",0.999940660410735,30864.9534359644,12232.4146628692
"z_2[1,71]",1.00008316293,21794.0746141024,13732.0227259154
"z_2[1,72]",0.999985892627128,19615.4876393428,11839.5092122377
"z_2[1,73]",0.999924782301121,19955.0114810522,12989.6967025385
"z_2[1,74]",1.00019113239068,28169.895381656,12771.9530629715
"z_2[1,75]",0.999901504561484,26030.7307407944,13314.3964108046
"z_2[1,76]",1.00019818788913,32280.5026767805,13314.6303322446
"z_2[1,77]",1.00042163710059,20207.1829598454,11430.8419780391
"z_2[1,78]",1.00019275061304,20268.6736429125,13485.0493188153
"z_2[1,79]",1.00084815919259,36673.0907013803,11172.1534385439
"z_2[1,80]",1.0000951571115,23626.0770672276,11318.7732474944
"z_2[1,81]",1.00012093872213,28633.7707888236,11750.7341435232
"z_2[1,82]",1.00000059357628,30301.1660949785,11056.7148581925
"z_2[1,83]",1.00023857734746,27665.5879567449,11714.8795192632
"z_2[1,84]",0.999974919897324,27050.6584277637,12425.4905205619
"z_2[1,85]",1.00034943502407,32742.7805009654,11393.2003833635
"z_2[1,86]",1.00021079947466,31705.4125369925,11556.6814857616
"z_2[1,87]",1.00038943355192,30623.6376212169,11937.756159954
"z_2[1,88]",1.0002384029849,32200.8429591537,10821.1225076994
"z_2[1,89]",0.999998217620745,32130.74025624,11803.6392265575
"z_2[1,90]",1.00016770939017,21873.8807080283,11928.6889168226
"z_2[1,91]",1.00039481828717,31369.6986063901,11570.3192557177
"z_2[1,92]",1.00008660328919,32630.6271501612,11210.092375266
"z_2[1,93]",0.999916989095828,30297.8127107052,12556.9573951114
"z_2[1,94]",1.00030370888232,28090.5806296314,11318.701034445
"z_2[1,95]",1.00003719276265,30213.8572817515,11319.4006946984
"z_2[1,96]",1.00025234402466,30748.5153361038,11683.9245281008
"z_2[1,97]",1.00025109646961,39032.9811893257,11467.27419286
"z_2[1,98]",1.00022350797304,35041.9887242761,11779.2041907021
"z_2[1,99]",1.00008173772645,27149.6790253033,11305.9811400597
"z_2[1,100]",1.00070488161939,28857.0482545498,11739.455421017
"z_2[1,101]",0.999975059829014,32024.5345136033,12012.7010904391
"z_2[1,102]",1.00026998737302,26065.8978855481,11897.9865302945
"z_2[1,103]",1.00038655449953,26800.9597818754,11633.1368326453
"z_2[1,104]",1.00005108032981,22626.8408974087,11810.6220350969
"z_2[1,105]",0.999939050858183,24669.2971979891,11225.0851436289
"z_2[1,106]",1.00022431987367,31221.8612189049,11219.2057472253
"z_2[1,107]",1.00019807815237,29753.7691592207,11851.7953530691
"z_2[1,108]",1.00062699470815,29845.2713379378,11927.4813111717
"z_2[1,109]",1.00049292141884,22391.1234299913,12400.3909937052
"z_2[1,110]",1.00022746800815,30290.7317011257,11533.0416862328
"z_2[1,111]",1.00042328408334,33211.1401439354,11538.1034206502
"z_2[1,112]",1.00036266447004,30479.6754779483,10455.8572404631
"z_2[1,113]",1.00004165986254,29616.081297665,11852.107197552
"z_2[1,114]",1.00033582278624,28999.4285329248,11041.0533643891
"z_2[1,115]",1.00000291587213,32714.3618064553,11518.309703712
"z_2[1,116]",1.00053934047264,30778.0120569255,12765.1304480823
"z_2[1,117]",1.00024353115529,30369.1336022972,11712.7994134569
"z_2[1,118]",1.00009280715807,29364.4736457591,11053.5736610865
"z_2[1,119]",1.00039345655409,26941.3302657779,12874.4634381444
"z_2[1,120]",1.00001355153931,37427.5314010349,10788.3805408454
"z_2[1,121]",1.00010081305878,32969.2427238372,12707.5474157829
"z_2[1,122]",1.00009631014317,32037.2421473231,10733.783361584
"z_2[1,123]",0.999975772413346,33014.3480759065,12109.2575135307
"z_2[1,124]",1.00033506379539,27675.8770766738,12368.1130138262
"z_2[1,125]",1.00044704543654,30383.3562202845,11405.3722715571
"z_2[1,126]",1.00074994920498,34316.4709877551,11690.645111978
"z_2[1,127]",1.00029972902404,29073.5000204376,11527.5303395481
"z_2[1,128]",1.00169095930397,29544.3008151174,10990.4713514608
"z_2[1,129]",1.0001265189302,21392.8491841768,11677.2047892718
"z_2[1,130]",1.00060718431388,28011.352921577,11152.6818357489
"z_2[1,131]",1.0001353355211,30299.65440782,12021.3655529112
"z_2[1,132]",1.00036684072983,30940.0999381445,12107.3821637147
"z_2[1,133]",1.00026360785908,34053.648638311,11746.7794005841
"z_2[1,134]",1.00027443875792,29057.9558736551,11144.9075580837
"z_2[1,135]",1.00061309129178,19515.5288705572,10682.0374817676
"z_2[1,136]",1.0002793892444,28879.560157241,11502.3666027288
"z_2[1,137]",1.00013232389413,20757.8410134312,11478.9799917062
"z_2[1,138]",1.0009014937107,29076.3624181241,11915.1953739212
"z_2[1,139]",1.00057767283274,26738.8108216552,11468.0061054517
"z_2[1,140]",1.00015661323505,22327.4271383747,10921.4140003712
"z_2[1,141]",1.00003936376723,16300.8931040686,11464.4320983606
"z_2[1,142]",1.00021227441082,27800.4948433198,11494.1294756732
"z_2[1,143]",1.00084892931266,30718.4004654517,11514.4655338955
"z_2[1,144]",1.00101993228938,30730.961898863,11989.6547057399
"z_2[1,145]",1.00116134854036,31758.5889561611,12322.7467291225
"z_2[1,146]",1.000264391929,16988.3508156432,12069.3055052161
"z_2[1,147]",1.00008055207168,31538.593466246,11704.0459044985
"z_2[1,148]",1.00032027868258,18156.519696477,13276.378977485
"z_2[1,149]",0.999979015787819,21540.0788207812,13984.319259524
"z_2[1,150]",0.999908889655548,25110.0535507095,12478.3508312012
"z_2[1,151]",1.0000877274332,30732.9862175421,12422.0127047325
"z_2[1,152]",1.00074548141396,25107.6569511185,12153.7582122529
"z_2[1,153]",0.9999693546435,23340.7466421437,12867.5487987857
"z_2[1,154]",1.00048671612586,19145.9715932272,13440.971057321
"z_2[1,155]",1.00007400844524,30804.3303312146,11355.5748172492
"z_2[1,156]",1.0001898520634,34279.1934116663,12496.1074950979
"z_2[1,157]",1.00043946582436,31115.7122437771,13135.4624169312
"z_2[1,158]",1.00006802725137,31369.57987442,11910.9066038303
"z_2[1,159]",1.00022744460431,27631.4213140364,12539.2850314455
"z_2[1,160]",1.0000344608821,30216.9539581748,12220.6248587372
"z_2[1,161]",1.00078436576288,31354.2505116914,11354.010036865
"z_2[1,162]",1.00065885153652,31998.2708246561,11780.6135609308
"z_2[1,163]",1.00019590518323,30597.8536783519,11133.385622057
"z_2[1,164]",1.00001108410115,20190.9680093858,11954.2729976649
"z_2[1,165]",1.00019867385023,23882.4710337122,11603.8236950397
"z_2[1,166]",1.00045134093473,30421.4175366822,12426.3783693482
"z_2[1,167]",0.999890140222805,12087.790779935,10105.3964323783
"z_2[1,168]",1.00074484615228,29126.6421231619,11222.9469074104
"z_2[1,169]",1.00065248515548,30802.5244094366,11926.2366676571
"z_2[1,170]",1.00037488212322,29959.5871810314,12229.1823712933
"z_2[1,171]",0.999939356201739,30849.9820538271,11906.7614576924
"z_2[1,172]",1.00019266595097,26477.5955347174,12784.2959197979
"z_2[1,173]",1.00032408354939,39302.7048488487,11079.2013378524
"z_2[1,174]",1.00033211015887,28937.9672682261,10976.1095318634
"z_2[1,175]",1.00001074845628,23665.4415381001,11496.6591344521
"z_2[1,176]",1.00001223582945,25287.3974777982,12832.2782854547
"z_2[1,177]",1.00013117834032,27931.5265245368,11047.6838376636
"z_2[1,178]",1.00024045370409,30440.1177950387,11232.4056271867
"z_2[1,179]",1.00040069737388,30091.5445201222,11701.6909384456
"z_2[1,180]",1.00012443587682,31342.9333328901,12228.2004035137
"z_2[1,181]",1.00004891676991,27275.0635134118,11270.0051529019
"z_2[1,182]",1.00002394072663,33042.9913072857,11613.7120575125
"z_2[1,183]",1.00033002570825,30416.4985821011,13610.9671310361
"z_2[1,184]",1.00038372890692,29938.5622990433,11700.0415541548
"z_2[1,185]",1.0000766946534,28478.0851887837,11796.4187879907
"z_2[1,186]",1.00081758282734,26119.2459371149,12221.5731393008
"z_2[1,187]",1.00017944502812,27319.9836042438,12622.5371721499
"z_2[1,188]",1.00105854363294,30510.5494688068,12056.8336864296
"z_2[1,189]",0.999991297174541,30126.1790522528,11808.9827784195
"z_2[1,190]",1.00045833164109,26832.4302746448,12894.1970641921
"z_2[1,191]",0.999871837748169,24191.7694945544,12110.2199574086
"z_2[1,192]",1.00015337653753,33595.6271418683,11361.0364213234
"z_2[1,193]",1.00029876474752,27211.9523259863,11845.9661649694
"z_2[1,194]",1.00073444390128,32047.565821595,12153.1951625461
"z_2[1,195]",1.00094698067167,29752.9705740322,11891.6029290977
"z_2[1,196]",1.00027124935508,37788.2262044182,11946.8935878312
"z_2[1,197]",1.00015314326937,26319.618219265,12369.254663051
"z_2[1,198]",1.00031828547419,23033.1911691703,11569.299164524
"z_2[1,199]",0.999988945879184,26907.3314510477,11552.3211592828
"z_2[1,200]",1.0001011129925,34080.7422530048,11970.5238795408
"z_2[1,201]",1.0007076165938,30153.9721335004,11870.7523242345
"z_2[1,202]",1.00035421866285,27368.5612795713,12989.3345838974
"z_2[1,203]",1.00005222927621,27423.8052055225,12407.0631820819
"z_2[1,204]",1.0003195901809,32485.4164362275,11887.5664268933
"z_2[1,205]",1.00033017974461,26387.2878442376,11326.5579656746
"z_2[1,206]",0.999983375339607,30274.7739781036,12239.3300073432
"z_2[1,207]",1.00056122745881,28211.9506939804,11227.8675090194
"z_2[1,208]",1.00048919590923,24613.4145229006,11828.925507121
"z_2[1,209]",1.00005763053111,25816.2748074751,12100.7805355281
"z_2[1,210]",1.00045937413862,31767.3839071073,11803.5616880473
"z_2[1,211]",1.0003929560096,29369.1749993492,11831.9228440121
"z_2[1,212]",1.00022507793694,30534.8964781437,11467.3066267908
"z_2[1,213]",1.00056951679173,31110.0525415238,12516.0085980822
"z_2[1,214]",1.00040579389198,31962.7410669228,12751.9937690138
"z_2[1,215]",1.00019635074448,29706.711646247,10765.0231200332
"z_2[1,216]",1.0000801459029,28357.9727613329,12045.5835194185
"z_2[1,217]",1.00045411185885,32944.7317150523,12557.7306617828
"z_2[1,218]",1.00007754821195,15795.1849441346,10867.9095517147
"z_2[1,219]",1.00001779785728,29511.5087370596,12305.5700154107
"z_2[1,220]",1.00080709273047,29393.232280527,11337.0891914196
"z_2[1,221]",1.00023389321558,28626.7940215761,11439.0536540177
"z_2[1,222]",1.00006340930173,28923.8686617292,10668.4530393023
"z_2[1,223]",1.00035858073903,31677.5645073919,10622.015961244
"z_2[1,224]",1.00021970208397,10170.27478184,9316.40649209364
"z_2[1,225]",1.00060708754602,28480.9748949721,12640.6940763721
"z_2[1,226]",1.0000981898145,27528.5869629043,12560.6425826783
"z_2[1,227]",1.00073272193227,28815.1914322053,11402.2122743164
"z_2[1,228]",1.00005547737132,32837.1152715566,12470.1852091813
"z_2[1,229]",1.00000096703751,33022.2355464042,11831.6204824456
"z_2[1,230]",1.00016022456786,30376.934679706,11742.8409031777
"z_2[1,231]",1.0003128508294,16391.2979462615,9182.20277538573
"z_2[1,232]",1.00021749087953,31561.650233734,11998.0225741178
"z_2[1,233]",1.00037202788998,31288.5537336475,12198.3428393407
"z_2[1,234]",1.00042939648594,32687.4695911515,12312.5658017348
"z_2[1,235]",1.00014048180588,32287.2562044818,11973.388980522
"z_2[1,236]",0.999915292038802,29058.1471237704,11971.6110828448
"z_2[1,237]",1.00001170683167,34554.9349792221,11393.1308762166
"z_2[1,238]",1.00004464136587,32545.0042672153,10986.7561363017
"z_2[1,239]",1.00010641269826,27987.535352579,11758.1971982688
"z_2[1,240]",1.00096442006745,34104.0616124303,11604.6605291363
"z_2[1,241]",1.00087653790348,30819.5389179759,12634.3696299763
"z_2[1,242]",0.999937498781642,31044.7194528943,12564.6569448716
"z_2[1,243]",1.0004973203939,33776.5719292591,10779.9046360455
"z_2[1,244]",1.00092106472208,32896.6378114058,12053.3073111878
"z_2[1,245]",1.00007443669921,28163.6204415043,11352.1130340461
"z_2[1,246]",1.0003966082348,30211.2339819504,11427.1298692505
"z_2[1,247]",1.00003235153392,32443.15415725,12584.2490517418
"z_2[1,248]",1.00049639873938,28113.1281270767,12339.0505140496
"z_2[1,249]",0.99998486932567,29902.3427994624,11600.1077388017
"z_2[1,250]",1.00031593940556,31034.2786396258,11699.6665698293
"z_2[1,251]",1.00001341085325,28716.7106770277,12282.3200471242
"z_2[1,252]",1.00010111899289,33680.3137903894,12408.275591315
"z_2[1,253]",1.00024514382231,25784.8117032267,11319.4447883797
"z_2[1,254]",1.00023743623848,30023.2745070677,11976.9484985394
"z_2[1,255]",1.00037814109145,26677.2920859499,11007.0073681924
"z_2[1,256]",1.00002093220125,37376.6964656021,13038.7469399784
"z_2[1,257]",0.999998559425888,27663.9948347836,11987.028522584
"z_2[1,258]",1.00021429698499,28953.5495160367,10750.949996693
"z_2[1,259]",1.0005789156767,36418.6060765431,11928.5111817751
"z_2[1,260]",1.00059856453264,32818.5993310469,11776.5201254444
"z_2[1,261]",1.00015982802768,40466.5694112459,11816.257778688
"z_2[1,262]",1.00091900986805,28477.8643345515,13121.0542197139
"z_2[1,263]",1.00038081104287,30500.63289493,12097.5528072078
"z_2[1,264]",1.00056476804571,28306.869736694,10651.7666452734
"z_2[1,265]",1.00002615969484,30414.6402073259,11319.9077248918
"z_2[1,266]",1.00019470871788,33218.3543818613,12715.7562142464
"z_2[1,267]",1.00033308164052,28990.6610356306,11563.6419443962
"z_2[1,268]",1.00005653737722,34348.2720962085,11540.6603289145
"z_2[1,269]",1.00020897087293,30999.444519639,12846.0634883455
"z_2[1,270]",1.00018365986612,21619.3197751799,11933.2213907111
"z_2[1,271]",0.999976101509431,29066.2308483664,12674.0578430745
"z_2[1,272]",1.0001184382466,26268.7745937257,12362.1597875168
"z_2[1,273]",1.00067940300708,25667.180221882,12719.9040327214
"z_2[1,274]",1.00013963777077,20488.8344924018,12136.641495112
"z_2[1,275]",1.0000553338451,32428.9767621893,12044.9830725334
"z_2[1,276]",1.0002366646982,32367.9987378187,10659.5852522814
"z_2[1,277]",1.00013099813952,25202.179446232,11996.5453751518
"z_2[1,278]",1.00083178362715,34102.3202624875,11885.7262410054
"z_2[1,279]",1.00036958209319,34315.1203185127,10129.6890863502
"z_2[1,280]",1.00008244820608,28821.4500764476,12341.6010527052
"z_2[1,281]",1.00041303940172,27931.7018114716,12066.599489206
"z_2[1,282]",1.00010597596598,29357.6879731064,11883.1208435246
"z_2[1,283]",0.999990393570322,37590.7966734067,12115.6186338017
"z_2[1,284]",0.99995024534537,27985.2907020164,11313.8923582599
"z_2[1,285]",1.00029794218052,29149.2862019288,12679.1782258805
"z_2[1,286]",1.00028012971277,30236.2390584543,12226.3932100512
"z_2[1,287]",1.00048007446726,29578.3117969322,11938.5766818053
"z_2[1,288]",1.00028005166836,30343.3917625915,12581.3858121732
"z_2[1,289]",0.999909377660563,32401.4655008915,10902.5268171809
"z_2[1,290]",1.00001369415356,30948.9028065028,11914.7685945794
"z_2[1,291]",1.00030412472641,27894.9737420466,12407.0985029462
"z_2[1,292]",1.00031797692091,31713.7405305114,11205.2698734782
"z_2[1,293]",1.000851486723,35634.5697188667,10968.0681347368
"z_2[1,294]",1.00024911008135,38807.6799540667,11960.010089108
"z_2[1,295]",1.00003382183536,38037.2358467314,10982.086036683
"z_2[1,296]",1.00086412713173,29203.613289409,11778.969089417
"z_2[1,297]",1.00040577377015,30473.0355549611,12278.0201663998
"z_2[1,298]",1.00093209468779,30100.0243781021,11786.8563522852
"z_2[1,299]",1.00076792846021,31628.4675349949,11044.545535587
"z_2[1,300]",1.00023889846436,26955.2491125117,12243.0978349343
"z_2[1,301]",1.00062237446868,24439.1502703366,12144.8807565178
"z_2[1,302]",1.00038245004368,34521.898261492,11162.1029166521
"z_2[1,303]",1.00051728956136,31374.0089110278,11411.4282393383
"z_2[1,304]",1.00028125479881,32773.3206902989,12390.0931702358
"z_2[1,305]",1.00001132857445,22589.570322708,13262.6177664334
"z_2[1,306]",1.00024868003681,32778.2949440849,12822.7923713299
"z_2[1,307]",1.00035236130221,23851.4438965869,11620.109948513
"z_2[1,308]",1.00016405856201,28834.9227068197,11143.0635692244
"z_2[1,309]",1.00047381742292,29785.8304974045,11012.4862477305
"z_2[1,310]",1.00009882620169,28184.5466777877,12018.7459654951
"z_2[1,311]",1.00011679721733,28859.5357275032,12562.4802819346
"z_2[1,312]",1.000225846464,31052.9460644027,12587.5145894866
"z_2[1,313]",1.00063014608319,29846.6424203986,11692.1914012693
"z_2[1,314]",1.00007162443234,35364.7717123442,11524.2680061223
"z_2[1,315]",1.00025327190231,31536.260553045,11668.0076739235
"z_2[1,316]",0.999981454661499,31566.7507411529,11590.2399043472
"z_2[1,317]",1.00039999107917,32173.1982273509,11978.1470643117
"z_2[1,318]",1.00029520725083,27042.9054206083,12279.3153194676
"z_2[1,319]",0.99993754205584,32979.4969113338,11890.3600475256
"z_2[1,320]",1.00001712929458,31029.0192295504,11926.2133442025
"z_2[1,321]",1.00003919495194,33959.1778288534,12264.9366993517
"z_2[1,322]",1.00039505312385,31916.085863911,11619.1520115474
"z_2[1,323]",1.00015557060356,32348.2786310397,11919.1173957608
"z_2[1,324]",1.00011076847985,28582.2409454005,11329.1095358386
"z_2[1,325]",1.00060284543703,32476.5511866172,11979.1577149623
"z_2[1,326]",1.00005573776787,31597.2438962305,10771.2286854513
"z_2[1,327]",1.00013655175271,32460.285847449,11389.2928241188
"z_2[1,328]",1.00013394958706,25638.0910809011,12209.351704804
"z_2[1,329]",1.00052560673535,33115.2109169005,11148.2172064908
"z_2[1,330]",0.999956262930395,35845.9132902379,11629.5082556116
"z_2[1,331]",1.00035353273003,36777.0425115939,11877.9005175739
"z_2[1,332]",1.00018458538912,26509.0391063928,12094.3887352036
"z_2[1,333]",1.00015107846113,21709.8265604775,10828.7201637424
"z_2[1,334]",1.00012678828801,8408.24564992222,9094.26356445715
"z_2[1,335]",1.00072001279393,31587.2279179228,12300.3941318956
"z_2[1,336]",1.00070200596452,36357.3382055363,12493.0521555532
"z_2[1,337]",1.00021137838635,7758.29888943277,8708.99456467318
"z_2[1,338]",1.00012706833909,35888.7245962592,12552.3994169881
"z_2[1,339]",1.00027381284898,29848.4519803274,11052.7030082381
"z_2[1,340]",1.00033590549452,32284.3794514304,12579.9113646256
"z_2[1,341]",1.00037771379079,29273.1330784668,12817.762855095
"z_3[1,1]",1.0000783600218,15748.3302577124,12389.8356588834
"z_3[1,2]",1.00104778754318,43878.3818242706,10547.9005575403
"z_3[1,3]",1.00046769043798,40451.4175561678,10171.2754655159
"z_3[1,4]",1.00049793433518,42721.2344993331,10456.5450587556
"z_3[1,5]",1.00012552097459,39951.3290740145,10511.5585616743
"z_3[1,6]",1.00004656774726,18389.0829627002,12969.8741062019
"z_3[1,7]",1.00005886161686,39180.2217833849,10114.2166243034
"z_3[1,8]",1.00048137355395,41061.94708945,11018.2016031326
"z_3[1,9]",1.00031888846252,46994.276816494,11474.4544197046
"z_3[1,10]",1.00072248676249,40032.344825427,11378.4997647788
"z_3[1,11]",1.00022843189876,42820.3648577018,10425.9005978841
"z_3[1,12]",1.00058048210108,40549.129632851,10259.1735341893
"z_3[1,13]",1.00044590568547,38322.0972279016,11626.830244787
"z_3[1,14]",1.00054605900909,38958.7416059965,11598.6189030103
"z_3[1,15]",1.00079311489698,43199.8679426385,10455.1880024067
"z_3[1,16]",1.00041656928418,42198.829733164,9791.2131189313
"z_3[1,17]",1.00018095644033,42387.8001208105,10912.8932384082
"z_3[1,18]",1.00166214968609,42265.1517652664,10237.7214659737
"z_3[1,19]",1.00022630648428,39717.1671989787,10636.1585618203
"z_3[1,20]",1.00000712822999,32877.0426985038,11984.0255499186
"z_3[1,21]",1.0007881243397,44997.783381348,10128.6047347442
"z_3[1,22]",1.00019465908244,43214.5152960404,10887.8835978986
"z_3[1,23]",1.00030839368685,41389.760623217,10339.8515729319
"z_3[1,24]",1.00096260160352,38336.5570665762,10762.5770968597
"z_3[1,25]",1.00065563164192,39158.3119386354,10876.318469357
"z_3[1,26]",1.00055516953031,44581.7837888761,11619.3799336134
"z_3[1,27]",1.0003243247856,42563.0585961863,11206.9531231032
"z_3[1,28]",1.00114191021319,38146.6764459447,11854.3421719801
"z_3[1,29]",1.00008600693645,41890.9601656036,10828.2417338609
"z_3[1,30]",1.00017628212423,37840.0865610259,10613.9790010037
"z_3[1,31]",1.00007774516414,41606.614267967,10407.7600197038
"z_3[1,32]",1.00021666922317,39021.6654952341,11227.8409979345
"z_3[1,33]",1.0008059373364,42172.9226158587,12104.6670111396
"z_3[1,34]",1.00027013704428,40851.405241962,10486.9976225625
"z_3[1,35]",1.00019202236505,35721.9229752944,10857.132382062
"z_3[1,36]",1.00021343803483,41759.88084854,10071.8827923586
"z_3[1,37]",1.00020041145684,39177.613052433,10891.2189470667
"z_3[1,38]",1.00034149759349,43091.1944479704,11593.4688961553
"z_3[1,39]",1.00033249052166,44097.8275943529,10252.9239294573
"z_3[1,40]",1.00051246981295,35459.5122433853,12222.3084186191
"z_3[1,41]",1.00004024689295,40065.6799467554,11007.0721255263
"z_3[1,42]",1.00036531859699,35751.7516984214,11543.636357743
"z_3[1,43]",1.00070493610047,41048.4389949956,10448.6306217421
"z_3[1,44]",1.00061953714776,41350.5087485446,10730.0341365869
"z_3[1,45]",1.00037948316359,28547.7753756697,12382.3470292776
"z_3[1,46]",1.00009230964528,41114.2012301786,11354.8341017272
"z_3[1,47]",1.00029296566414,41043.370223426,10251.1938088658
"z_3[1,48]",1.00034618013828,38385.7743105821,11749.8068479006
"z_3[1,49]",1.00027979951462,39612.4827746229,10594.7771573532
"z_3[1,50]",1.00068760672063,39678.0323422883,10863.061409262
"z_3[1,51]",1.00023488302516,41318.3473295505,11301.3416982278
"z_3[1,52]",1.00000433605634,36593.0349999545,10498.5740329264
"z_3[1,53]",1.00046308083549,43787.9507621727,11098.4432158409
"z_3[1,54]",1.00051749527489,36164.5806178473,10661.1133236679
"z_3[1,55]",1.0001938744889,42351.6201476777,11111.6461447224
"z_3[1,56]",1.00000563856773,40587.092565684,11100.2783271219
"z_3[1,57]",1.00011252937084,38267.8680124298,11050.4614516103
"z_3[1,58]",1.00073798712841,44340.1349160993,10337.7659394401
"z_3[1,59]",1.00020697178577,40971.4932057083,10619.6591467813
"z_3[1,60]",0.99995768830872,40937.6791133564,11478.0041775354
"z_3[1,61]",1.00052625718645,38854.389711669,11178.7477739165
"z_3[1,62]",1.00020881949529,40217.657684192,11581.2618117003
"z_3[1,63]",0.999961265286892,28310.5848955535,11200.4565477044
"z_3[1,64]",1.00054611685228,40366.3170882533,11600.5339961977
"z_3[1,65]",1.00008424550088,40341.8481977734,11021.8147535571
"z_3[1,66]",1.0011166801055,44557.3242293889,11314.9668422518
"z_3[1,67]",0.99998875565875,41110.498257332,11486.8491974844
"z_3[1,68]",1.00008075177795,38736.8301131106,10184.4092125894
"z_3[1,69]",0.999890110573568,39267.3320165273,11846.165842323
"z_3[1,70]",1.00037030855259,38491.4971865036,10962.6017955739
"z_3[1,71]",1.00021777262044,41520.7213747082,10391.1586302687
"z_3[1,72]",1.00016218944178,36533.1488538915,11882.4278672837
"z_3[1,73]",1.00079592846363,45044.3244035937,11116.5194635966
"z_3[1,74]",0.999861567265333,41914.9343143201,10878.0088231019
"z_3[1,75]",0.999986914461515,34879.5786421711,12521.9535443898
"z_3[1,76]",1.00014390697882,40030.1249291324,11157.4916440595
"z_3[1,77]",1.00072238846252,41702.4975453304,10616.2937518796
"z_3[1,78]",1.000191349018,31047.2268452216,11764.6327547844
"z_3[1,79]",1.00064913386519,44071.1600453989,11277.786355339
"z_3[1,80]",1.00038396235528,40091.7533289715,11351.0191107142
"z_3[1,81]",1.00049378319231,41015.5029145039,11486.3016388627
"z_3[1,82]",1.00009119617867,41781.7282435287,11500.9607975772
"z_3[1,83]",0.999978345370256,38923.2338928778,10532.8276385273
"z_3[1,84]",1.00007328782421,17578.7998017506,12115.6691897683
"z_3[1,85]",1.00031174646638,41470.583315206,10129.9824520699
"z_3[1,86]",1.00092972531723,39614.6881653072,10349.1947006668
"z_3[1,87]",1.00000246140551,39480.0826852774,10679.9527193485
"z_3[1,88]",0.999838830997688,37699.0455870079,11118.6858338504
"z_3[1,89]",1.00061561670487,41220.2457951782,10746.048431768
"z_3[1,90]",1.00041985276656,36271.0943577443,10719.1338508281
"z_3[1,91]",1.00030291383388,42606.5080250701,11883.8113529708
"z_3[1,92]",1.00025134500623,28838.269255794,12119.4955069563
"z_3[1,93]",1.00060922477157,43415.5000830051,10655.6117613678
"z_3[1,94]",1.00039767828982,39640.1515541342,11449.793139585
"z_3[1,95]",1.00031486039444,43732.8934738773,9934.80730371505
"z_3[1,96]",1.00008794769284,40248.0988030776,10809.653846454
"z_3[1,97]",1.00104782781433,41737.2638960817,10965.0201656696
"z_3[1,98]",0.999998802739593,39256.0565604184,10831.2173926691
"z_3[1,99]",1.00037356565124,38652.1105134132,11258.6858742687
"z_3[1,100]",1.00019191962308,41010.4599906099,10533.4363957544
"z_3[1,101]",0.999947723109512,36080.0044485983,10344.2070763952
"z_3[1,102]",1.00002632758532,40537.0614480073,10382.3733473973
"z_3[1,103]",1.00033796884584,38765.7270222182,11721.53621962
"z_3[1,104]",1.00008646253858,39640.6982099751,11398.4258779426
"z_3[1,105]",1.00016761164534,41865.9469753275,11153.4511855206
"z_3[1,106]",1.00026326783799,42889.7005282096,10550.8308773374
"z_3[1,107]",0.999914850571217,30901.2743438441,12729.7050634523
"z_3[1,108]",1.00010591634997,45339.472056139,11140.2271191172
"z_3[1,109]",1.00014891830249,41959.1202463616,10251.9506820129
"z_3[1,110]",1.00049417800635,39039.9428562538,11669.8928449773
"z_3[1,111]",1.00038717352401,42180.776811483,12111.3713803753
"z_3[1,112]",1.00009333852438,47717.7281539274,10564.5235149399
"z_3[1,113]",1.00037734461408,40198.5232004189,10708.5597441385
"z_3[1,114]",1.00062156498853,41900.8136518246,10768.2120256621
"z_3[1,115]",1.00013693574137,40334.2016097159,10709.2125930615
"z_3[1,116]",1.00017884509126,40390.3989368317,11608.2910993614
"z_3[1,117]",0.99996788706721,39418.5715661568,10438.2015094817
"z_3[1,118]",1.00003498861247,41477.4938452695,11272.3057712656
"z_3[1,119]",1.00020338851445,40135.5808995233,10858.1215615125
"z_3[1,120]",1.0009753414611,40847.5864318685,11320.4688128958
"z_3[1,121]",0.999932740193277,41415.7626981815,11102.5595417287
"z_3[1,122]",1.00015465411876,22092.9706742027,11902.6948172362
"z_3[1,123]",1.00029903833941,26263.1923147928,13021.3923112104
"z_3[1,124]",0.999994855009738,44306.5992430124,10949.8347186422
"z_3[1,125]",0.999998973380657,38166.6448246325,11691.2609011272
"z_3[1,126]",1.00043890601012,44318.6100259414,10473.7233881635
"z_3[1,127]",1.00045519509901,41300.5862701818,11421.656364419
"z_3[1,128]",1.00014127991729,40981.1503880545,10454.5358775019
"z_3[1,129]",1.00010251449179,40070.7376618875,10867.5435700823
"z_3[1,130]",1.00055128572063,43531.2020699534,10929.5315448423
"z_3[1,131]",1.00006900543715,38556.3231633786,12080.0641047344
"z_3[1,132]",1.00043602961559,43345.9054547786,10543.7191888183
"z_3[1,133]",1.00007996999999,40640.6577048995,10708.0232547958
"z_3[1,134]",1.00032820337953,43938.5737860886,11604.1007789662
"z_3[1,135]",1.00117437486058,42828.6021960397,11748.5129073486
"z_3[1,136]",1.00040203117871,39201.4495831341,11094.2488305268
"z_3[1,137]",0.999968772205052,35783.9765141907,10849.3652923244
"z_3[1,138]",1.0003486282602,35133.8234925621,11320.5364376296
"z_3[1,139]",1.00012491896048,7307.37777497095,9524.99926135099
"z_3[1,140]",1.00016827416639,39079.3138503778,11042.633664758
"z_3[1,141]",0.999921691993341,37291.5322443875,10145.592836413
"z_3[1,142]",1.00031355005369,44932.3489455611,11692.2558488153
"z_3[1,143]",1.00006936089308,37865.9197202704,11175.9642711148
"z_3[1,144]",1.00100992876342,42227.6030924294,11195.3031691303
"z_3[1,145]",1.0000190211482,46382.3393628546,9803.55459272597
"z_3[1,146]",1.00045783146365,35524.0119755958,10974.583156201
"z_3[1,147]",1.00023716738004,40511.1940748613,10796.3986065556
"z_3[1,148]",1.00043184349115,44298.5107457985,11591.0152881668
"z_3[1,149]",1.00005569127708,38240.1572080653,11542.5953019526
"z_3[1,150]",0.999970759822798,36670.2759253744,11652.0594768031
"z_3[1,151]",1.0006405741893,40669.8573790947,10824.0193815149
"z_3[1,152]",1.00059245882208,39089.2346703727,10189.6463168751
"z_3[1,153]",0.999966223094692,37792.0859881343,10993.1996397318
"z_3[1,154]",1.00049328933907,36087.1173125689,11334.0874631473
"z_3[1,155]",1.0003388502074,40770.4438677447,11433.9587745017
"z_3[1,156]",1.00020554900133,37387.3839675451,11156.6781041774
"z_3[1,157]",1.00034641697291,41228.6560874565,10719.8119553826
"z_3[1,158]",1.00040236548361,43802.005548312,10031.2070143642
"z_3[1,159]",1.00021880898078,30154.6826509834,11947.3765426401
"z_3[1,160]",1.00034217458019,37544.227586302,10528.6098820795
"z_3[1,161]",1.00070340221215,42252.4287515497,10506.6341832074
"z_3[1,162]",0.999978225484498,44161.2893317918,10614.0486026692
"z_3[1,163]",1.00034252170378,39531.1039512129,10784.2286001298
"z_3[1,164]",1.00031867626215,40202.465220507,11593.4009976767
"z_3[1,165]",1.00112569406372,41308.7365807576,11328.7496174978
"z_3[1,166]",1.00062924134189,40421.1518309162,11374.7324002752
"z_3[1,167]",1.00057315555733,43425.533483304,10724.4135032282
"z_3[1,168]",1.00031471624555,42772.5520634002,11834.9000562561
"z_3[1,169]",1.00077180577487,43770.0382284336,11241.5969393816
"z_3[1,170]",1.00059854741295,24049.7053683018,12188.1634153339
"z_3[1,171]",1.00110793263138,43131.4794417691,11168.0320993644
"z_3[1,172]",1.0010016257666,43988.1765019383,10735.383728679
"z_3[1,173]",1.00060031307909,42621.2953231091,10829.5962707175
"z_3[1,174]",1.00048072298512,43673.8506243853,11418.7608746794
"z_3[1,175]",1.0002110506605,37768.0259887681,11076.2202501615
"z_3[1,176]",0.999943038616272,40411.1254337368,11483.3202527547
"z_3[1,177]",1.00044624482074,42288.8839594659,11488.3993716121
"z_3[1,178]",1.00051546166837,17623.0364877505,12089.7883249045
"z_3[1,179]",1.00046306345596,38167.7107461422,11235.7251165289
"z_3[1,180]",1.00012389124084,38624.2622114262,11271.0966520713
"z_3[1,181]",1.00064452331689,38115.4268109764,11290.8663432297
"z_3[1,182]",1.00036636911682,41735.6007938243,11403.8039721555
"z_3[1,183]",1.00011752664688,43405.449951418,10640.6543280929
"z_3[1,184]",1.00050249276708,39474.2398298248,10952.457394129
"z_3[1,185]",0.999959365282993,41153.0929480779,11330.1201549681
"z_3[1,186]",1.0011791538647,43921.7670389966,10793.2020692678
"z_3[1,187]",0.999971935120294,41036.0327145441,11254.1810555128
"z_3[1,188]",1.00039206784012,42859.392029328,11138.8734519628
"z_3[1,189]",1.00086150145628,44121.8152323406,10786.2551353096
"z_3[1,190]",0.999965925595591,47238.8147836726,10972.8944746159
"z_3[1,191]",1.00033505987252,38318.9581953549,10843.6296462577
"z_3[1,192]",0.999975530954072,36954.4661474899,11632.4917655714
"z_3[1,193]",1.00069172671931,44143.070192792,10423.9337406959
"z_3[1,194]",1.00006184191957,39593.0959852523,10835.0869972995
"z_3[1,195]",1.00014287485388,17285.5056289326,12646.6474093354
"z_3[1,196]",1.00052235803393,18601.833336448,11432.6587022893
"z_3[1,197]",1.00075956979939,41827.152438345,11584.8915367105
"z_3[1,198]",1.00150330007157,39161.8987935947,11162.3328892986
"z_3[1,199]",0.99999390504686,39353.9828669188,10508.0327542989
"z_3[1,200]",1.00031206518,42387.6549279266,10796.5143464716
"z_3[1,201]",1.00020969897821,42681.1305658444,9889.9479266548
"z_3[1,202]",1.0002899819716,32579.2854654778,11424.6784547813
"z_3[1,203]",1.00025899352856,39850.2957626558,11816.6380994022
"z_3[1,204]",1.00143859280081,39903.2275749352,11383.6817837778
"z_3[1,205]",1.0001226880048,36431.2694451993,11077.9534746208
"z_3[1,206]",1.00025449470396,43597.4686504183,10720.8626985023
"z_3[1,207]",0.999965381118758,40181.6339475979,11059.8284172344
"z_3[1,208]",1.00127476476159,38637.8800757277,10921.373888125
"z_3[1,209]",1.00037274238753,39903.5131705563,10420.0036898426
"z_3[1,210]",1.00056272187871,31555.9650161047,11978.3411673868
"z_3[1,211]",1.00030327088106,42474.843585728,10903.714629707
"z_3[1,212]",1.00057588174204,42329.9194629383,9830.41954931803
"z_3[1,213]",1.00011891344108,36663.4715203458,11147.8371884286
"z_3[1,214]",0.9999841108288,38628.6603970837,11200.2681588381
"z_3[1,215]",1.00103860817455,40876.6411695485,10934.5009105036
"z_3[1,216]",1.00065746955725,41396.2558014277,11104.3230896499
"z_3[1,217]",1.00022736474316,30081.6644551865,11873.3249946475
"z_3[1,218]",1.00020559197071,36492.9067186351,12214.8431969967
"z_3[1,219]",0.999917169913188,38996.127350746,10966.2177833213
"z_3[1,220]",1.00078071593868,40933.214520702,11132.3265852634
"z_3[1,221]",0.999870965980513,41534.3976674705,10586.0292441758
"z_3[1,222]",1.00026878718192,43667.6117807799,11297.4208114066
"z_3[1,223]",1.00007180827659,42472.3216559643,10625.4538168647
"z_3[1,224]",0.99994217950697,39328.8126479357,10978.4325560271
"z_3[1,225]",1.00000163417995,35901.8394752897,11202.3618442978
"z_3[1,226]",1.00032607514642,36369.072610582,11777.1054087935
"z_3[1,227]",1.00051326319255,38774.2121172438,10815.2693973562
"z_3[1,228]",1.00033044449718,36454.8121427251,12254.50905774
"z_3[1,229]",1.00033875498683,25055.5121265946,12279.2450977316
"z_3[1,230]",1.00058141393138,40667.9242338442,10109.2505950245
"z_3[1,231]",1.00060851746455,37897.3000884562,10753.4565394783
"z_3[1,232]",1.0000387927651,40574.8027841697,11491.7498325274
"z_3[1,233]",1.00026331489396,36091.5267334317,10617.7920237067
"z_3[1,234]",1.00036686196044,39767.8422323918,11296.0185101147
"z_3[1,235]",1.00102082973638,39782.2021533346,10487.9177779147
"z_3[1,236]",1.00063447667109,48817.4193638178,10954.7468236464
"z_3[1,237]",1.00041454113837,38992.5856869592,10556.8183975406
"z_3[1,238]",1.00015324388489,39126.5682218957,11938.0556398739
"z_3[1,239]",1.00030441923545,44397.322614681,11519.8482986719
"z_3[1,240]",0.999987744197842,40676.9561151376,11069.8795002217
"z_3[1,241]",0.999988106975318,27689.3277035047,10544.3272789409
"z_3[1,242]",1.00062981971507,38383.4952165157,10493.5811995729
"z_3[1,243]",1.00068573080731,37926.4651556812,10609.719788389
"z_3[1,244]",0.999947044100844,38312.1710644978,10366.9064751222
"z_3[1,245]",1.00068739203019,33396.9759620269,10746.9098018199
"z_3[1,246]",1.00021517964159,44521.959540357,11112.5072355074
"z_3[1,247]",1.00036183734725,33603.8751958136,12286.2674070209
"z_3[1,248]",1.00031565630624,43784.5631145768,11519.212342712
"z_3[1,249]",1.00020071719356,11757.3644958802,11483.9686543674
"z_3[1,250]",0.999942439082585,41320.31458706,11103.6989430109
"z_3[1,251]",1.00082907378991,39555.4244201517,10936.5752187501
"z_3[1,252]",1.00057895640101,41022.0738873785,11060.4188365678
"z_3[1,253]",1.00010918968235,40208.0441949539,11485.7918759909
"z_3[1,254]",1.00062695409748,38984.5847297472,10525.0678933715
"z_3[1,255]",1.00067726098141,37971.6798191353,10590.5264418943
"z_3[1,256]",1.00030189485489,43043.3088288069,11535.514062145
"z_3[1,257]",1.00041530140202,39997.339308822,11590.5910006814
"z_3[1,258]",1.00034783650092,41859.8740750914,10018.9383488634
"z_3[1,259]",1.00066757031581,41111.3239747321,11642.3848126851
"z_3[1,260]",0.999890768943304,39964.3421555799,9212.17148171994
"z_3[1,261]",1.00001860529635,40102.1538498241,11012.1410511643
"z_3[1,262]",1.00047512940792,34145.5935015405,12207.7680964873
"z_3[1,263]",0.999980990243027,42108.4121650008,10798.5018171264
"z_3[1,264]",1.00013895168062,37655.841778873,10739.7477399057
"z_3[1,265]",0.999925743930289,21297.4592640806,11319.8733272789
"z_3[1,266]",1.0003454651115,42456.875224575,10914.7495133524
"z_3[1,267]",0.999938841494685,40465.3280672928,10614.3346061047
"z_3[1,268]",1.00057338281784,31609.2528575031,10747.997702706
"z_3[1,269]",1.00017703485402,40274.2312885788,10829.1026477627
"z_3[1,270]",1.00016617718671,35627.4337107225,11189.8098361992
"z_3[1,271]",0.999983837700516,37641.2920406239,11548.889437711
"z_3[1,272]",1.00010275280939,44774.9157318496,10696.4868017964
"z_3[1,273]",1.00022344360289,22035.0558106367,12736.6838821724
"z_3[1,274]",1.00035300567676,41629.1885274539,11107.7786546993
"z_3[1,275]",1.00030074082932,41119.069119349,10953.8219244145
"z_3[1,276]",1.00003547524661,39264.6606759583,10217.3823562827
"z_3[1,277]",1.00020859673288,36717.1296403311,11245.6960558506
"z_3[1,278]",0.999858021872234,37594.6209814563,11785.8751165435
"z_3[1,279]",1.00090334512681,39794.1243200518,10051.7663419631
"z_3[1,280]",1.00140125161602,42988.1079128827,10345.5579220842
"z_3[1,281]",1.00027420982601,41099.7078077204,10708.7376092893
"z_3[1,282]",0.999984737104572,37912.1662893066,12123.0373981735
"z_3[1,283]",1.00056789108712,39401.3514317683,11293.9589362204
"z_3[1,284]",1.00006204868206,42089.5472613401,10510.6293171986
"z_3[1,285]",1.00019522283969,40927.6254950177,9931.1203956765
"z_3[1,286]",1.00073856311435,40908.1109240674,10899.6148325871
"z_3[1,287]",1.00075573019903,40725.591568813,11335.9884948665
"z_3[1,288]",1.00042114309442,36692.6797915045,11777.3976767657
"z_3[1,289]",0.999934712737749,42210.7997174231,11638.5572516403
"z_3[1,290]",1.00023488037676,34318.4030421468,10972.6378981995
"z_3[1,291]",1.00015567861423,38278.5422833631,12637.688275331
"z_3[1,292]",1.00026503830211,37208.1227572218,11235.3206733533
"z_3[1,293]",0.999865156504165,33403.255330784,11795.3669269469
"z_3[1,294]",1.0001896638981,40116.9629629234,10707.7347511094
"z_3[1,295]",1.00037746772859,39584.2984435592,10751.6011035612
"z_3[1,296]",1.00009431506718,42450.0739361393,10667.4098228326
"z_3[1,297]",1.00019415781387,44248.3017513237,10890.6181458844
"z_3[1,298]",1.00019411487435,37446.0444489734,11260.633355963
"z_3[1,299]",1.00088446626081,40136.0497083003,10362.1095995764
"z_3[1,300]",1.00118498262137,40371.1421943448,10784.1001232469
"z_3[1,301]",1.00067973645697,38244.7230047592,10204.6750326352
"z_3[1,302]",1.0002212495907,34596.6625506407,12487.4615804249
"z_3[1,303]",0.999986709482303,44781.7872877673,10977.2866918498
"z_3[1,304]",1.00055839934516,41608.3891850514,10998.5760836708
"z_3[1,305]",1.00073745431978,23479.073244537,12402.3839744238
"z_3[1,306]",0.999915243868674,43916.5491752443,10914.2227177601
"z_3[1,307]",1.00002610035269,37587.8361645458,11361.1193096587
"z_3[1,308]",1.0000246619141,39083.9463666505,11076.4378826032
"z_3[1,309]",1.00103112812241,40548.6420211627,11144.692928497
"z_3[1,310]",1.0001737703473,42041.1373416857,10960.43546575
"z_3[1,311]",1.0002435746378,39767.2260118123,10382.3216485465
"z_3[1,312]",1.00092260097724,42578.3137873826,11259.5698620246
"z_3[1,313]",1.000509070603,19549.3973630374,12827.6739949434
"z_3[1,314]",1.00026420177274,41483.8043872719,10806.2713723993
"z_3[1,315]",1.00014446035349,41216.8054990591,10915.7677817588
"z_3[1,316]",1.00045298944464,38865.1700151587,10816.8086774447
"z_3[1,317]",1.00027092377265,42380.679996988,11136.2930898347
"z_3[1,318]",1.00098485581333,20476.0456073961,11749.7932790037
"z_3[1,319]",1.0004785705322,37654.1111176822,10985.4182927791
"z_3[1,320]",1.00019630116344,23528.0470098701,10755.0571917634
"z_3[1,321]",1.00111806375252,40458.01391545,10291.3875384669
"z_3[1,322]",1.00043475902247,43016.849975971,10266.6837099009
"z_3[1,323]",1.00046882233157,39078.4532141007,10958.9013055362
"z_3[1,324]",1.00007310523432,43018.5014693355,10995.7704483145
"z_3[1,325]",1.0003233261504,40665.815396708,10636.8852783553
"z_3[1,326]",1.00079494856654,25735.7330486296,11419.110182152
"z_3[1,327]",0.999932209369438,39191.0741837632,11756.6792847979
"z_3[1,328]",1.00019165463601,40293.5320181044,10793.9653348003
"z_3[1,329]",1.00083193009937,40981.6015058359,11185.2038572228
"z_3[1,330]",1.000444216083,44339.8592911223,10797.7338008847
"z_3[1,331]",1.00000571964403,34945.9645164213,11614.1496754544
"z_3[1,332]",1.00002611085865,42949.1715478131,11009.4689729074
"z_3[1,333]",1.00025266234794,39504.7360517215,10724.0951241607
"z_3[1,334]",1.00076201877419,44245.2677006552,10942.8929968703
"z_3[1,335]",1.00010208407715,40436.8483835585,10669.1488262227
"z_3[1,336]",1.00016606553405,40125.8685384658,11366.1331803015
"z_3[1,337]",1.00014705181613,41047.2019862908,10882.9228129022
"z_3[1,338]",1.00048743715081,33863.554928325,11206.2691389873
"z_3[1,339]",1.00085087609415,43878.7990551544,10942.2838553572
"z_3[1,340]",1.00007316147892,39782.1837006171,11504.2567600134
"z_3[1,341]",1.00023931569732,42290.2460902593,10452.7557376699
"z_4[1,1]",1.00005237220047,34002.6604500769,11445.8602375678
"z_4[1,2]",0.999993234264499,34413.3686932849,11874.1668544716
"z_4[1,3]",1.00006598934137,24042.6657592534,13251.5755659294
"z_4[1,4]",1.00047667898293,28544.6352793384,11438.1976970239
"z_4[1,5]",1.00010323834133,29733.877726194,12069.4473268326
"z_4[1,6]",1.00019359653188,19948.8643323184,13817.0249781375
"z_4[1,7]",1.00022733720726,36922.6497257592,12127.0896033839
"z_4[1,8]",1.00081117537068,36891.2422861857,12204.424676205
"z_4[1,9]",1.00046972350923,31038.5980901668,12051.5378970444
"z_4[1,10]",1.00067922954857,33702.0133162898,11520.6214209012
"z_4[1,11]",1.00043315542249,35638.5061339823,12525.9051820661
"z_4[1,12]",1.00020333818021,21164.3604432042,11316.5680423503
"z_4[1,13]",1.00013984674894,34187.8501608836,11690.8797564118
"z_4[1,14]",1.00030140818941,34516.4122288534,11644.2242586469
"z_4[1,15]",0.999914213678486,22082.0332765622,12899.4840246545
"z_4[1,16]",1.00008500283847,28291.2635133303,13776.0476001837
"z_4[1,17]",1.00024721060857,38341.5657649635,11435.0916992356
"z_4[1,18]",1.00055998367937,31496.2531118182,11565.927596478
"z_4[1,19]",1.00002111251631,32426.9471705947,11379.2172785529
"z_4[1,20]",1.00028105696412,34308.7053903137,11460.9665453332
"z_4[1,21]",1.00034919918708,34154.2678467496,11029.2575706424
"z_4[1,22]",1.00010167267366,15527.4882610763,11740.2459287234
"z_4[1,23]",1.0002299913137,34671.7139460481,12408.625690773
"z_4[1,24]",1.00013596599104,37217.1784910311,11670.2233463619
"z_4[1,25]",1.00072900731721,41117.4508896984,10279.0124856519
"z_4[1,26]",0.999967674994879,34286.6998643274,12169.1925988626
"z_4[1,27]",1.00003837870153,8248.46494122923,8756.54343932963
"z_4[1,28]",0.999911605772298,29445.6711523053,12455.2787659227
"z_4[1,29]",1.00026443757898,35444.9200889587,11606.8622513983
"z_4[1,30]",1.00122994178099,37147.5922941248,12643.3453886851
"z_4[1,31]",1.0000433496512,26027.2158806262,12392.9146729607
"z_4[1,32]",0.999833310071326,36308.9462639331,12830.6185761921
"z_4[1,33]",0.999994845122286,32557.4031175828,13041.0122105351
"z_4[1,34]",1.00021819439641,33544.7050793059,12956.8876510657
"z_4[1,35]",0.999938267152247,38097.9642012995,11375.1430655737
"z_4[1,36]",1.00020465849622,20000.2293484466,12588.6155043915
"z_4[1,37]",1.00001671313053,19040.7095990558,12735.2677087268
"z_4[1,38]",1.00008639989837,33145.6560013444,12972.8464459118
"z_4[1,39]",0.999876555932157,33740.7584145314,12291.7542556916
"z_4[1,40]",0.999992270380127,33342.2302239879,12299.1601399233
"z_4[1,41]",1.00007967498591,20808.6320371636,13279.9867695675
"z_4[1,42]",1.00016110559733,19988.815198209,13621.3434285862
"z_4[1,43]",0.999982486243793,21525.8433493011,12879.1917384845
"z_4[1,44]",0.999935089599312,29160.2060155647,11772.0301766715
"z_4[1,45]",0.999954325607359,36041.661960646,11552.6055603028
"z_4[1,46]",1.00002911845022,36666.905512623,12020.0216328869
"z_4[1,47]",0.999857253340381,23806.9797362036,13373.2308515271
"z_4[1,48]",1.00021152940914,34580.8841528363,12075.647530067
"z_4[1,49]",1.00028443372999,30970.5952325349,12018.8613379394
"z_4[1,50]",0.999961780851436,28966.590185547,12541.3287879368
"z_4[1,51]",1.00026195004129,35873.0987172857,12344.9828691725
"z_4[1,52]",1.00040459739927,29563.7927274602,11229.8493152545
"z_4[1,53]",1.0006137716628,36512.0197994355,11711.3933208356
"z_4[1,54]",1.00020298245258,31668.5716486346,13009.141309413
"z_4[1,55]",1.00037481902851,31375.5348513179,11548.3347388342
"z_4[1,56]",1.00006685000982,28688.940232318,13520.6126878323
"z_4[1,57]",0.999981075198882,39698.1719524843,12286.1181461755
"z_4[1,58]",1.00012257500591,19298.5790594147,11646.1270521512
"z_4[1,59]",1.00001566232004,22635.1719983128,12839.7545388322
"z_4[1,60]",1.00002784568507,23997.5380009822,11978.1112213423
"z_4[1,61]",1.0000380549418,33044.3991177223,12463.7715968515
"z_4[1,62]",1.00045204163892,38697.2474334024,11197.8560388913
"z_4[1,63]",1.00068617986571,32346.8458216171,11261.5094712368
"z_4[1,64]",1.00005574635522,32748.0838895024,10954.913453049
"z_4[1,65]",1.00021104793388,29915.9356732755,11823.8997308913
"z_4[1,66]",1.00045233139748,32972.8809195214,11940.5403990677
"z_4[1,67]",1.0000706135043,33365.1196704736,10769.7409925657
"z_4[1,68]",1.00003641406326,31655.3435076624,12340.4907675333
"z_4[1,69]",1.00055423530637,27804.022576066,12936.4282244409
"z_4[1,70]",1.00001998147687,33878.3041227181,11603.7965960961
"z_4[1,71]",1.00053847236606,40147.1495815293,11525.0901676645
"z_4[1,72]",1.00065054538269,31793.3495891148,12403.4666176836
"z_4[1,73]",1.00005886931402,34534.3749838805,12352.4600970174
"z_4[1,74]",1.0002592218904,5422.52313305874,9427.90955801393
"z_4[1,75]",1.00038903216843,33827.0731209361,11524.6324752355
"z_4[1,76]",1.00039590333624,17144.3617268892,10782.5582754658
"z_4[1,77]",0.999916658861492,37314.8122096965,11593.0523337884
"z_4[1,78]",1.00024550814447,22236.1356589322,13542.8734255075
"z_4[1,79]",1.00010021481725,30366.0953609681,13096.5267350673
"z_4[1,80]",0.999933924343902,34918.7788281024,11921.961686385
"z_4[1,81]",1.00070904881575,16935.5631159673,13627.6130140208
"z_4[1,82]",1.00028614384274,33746.6927835841,12094.5762502051
"z_4[1,83]",1.00009739810637,16958.9538346086,11738.824193361
"z_4[1,84]",1.00025488254489,33520.4870935033,11525.2393517377
"z_4[1,85]",1.00011608498435,28367.8882119826,12370.7150033116
"z_4[1,86]",1.00003901487216,26051.8688959774,13484.8242212704
"z_4[1,87]",1.00045583531963,30388.753348122,11058.7020984164
"z_4[1,88]",1.00027485348943,35421.3728975849,12322.6642396479
"z_4[1,89]",1.00024982003752,34790.5321288247,11131.763914831
"z_4[1,90]",0.999984368469655,32439.7361371356,12079.6011047095
"z_4[1,91]",1.00011022588799,38043.6894243852,11927.6113875623
"z_4[1,92]",1.0002734982295,35593.5711676205,12448.2833561718
"z_4[1,93]",0.999992122616793,33028.7256774904,12196.0041227538
"z_4[1,94]",1.00082751360901,32116.3270693331,12153.1392632201
"z_4[1,95]",1.00013245006453,34399.5552247828,11194.0689730307
"z_4[1,96]",1.00033849029284,33518.4809593858,11523.3686736541
"z_4[1,97]",1.00043647623512,35418.4187142501,11165.0565506561
"z_4[1,98]",1.0003671632626,37666.3375760091,11813.2619922437
"z_4[1,99]",1.00054347829777,34827.6025109379,12345.7662125385
"z_4[1,100]",1.00003025394685,23331.3225852226,14244.135752063
"z_4[1,101]",1.00030369375436,35629.5908896272,11556.9625472316
"z_4[1,102]",1.00016576008956,31338.1203089205,12215.9871195979
"z_4[1,103]",0.999943593077849,30185.8180056079,12118.6160178019
"z_4[1,104]",1.00009549484348,35709.9785690279,11553.078124737
"z_4[1,105]",1.00069219145046,27430.5533244489,11757.2943272402
"z_4[1,106]",1.00043463265609,12927.4633675713,11176.3973796044
"z_4[1,107]",1.00045853065746,28986.5234649832,11381.0108839655
"z_4[1,108]",1.00019220857139,34550.2440613947,11443.6842640394
"z_4[1,109]",1.00013976209973,29865.3729219946,11004.3999398063
"z_4[1,110]",0.999930533418408,26037.3257300863,13814.3608978072
"z_4[1,111]",1.00010213236368,34824.7656844299,12204.7652492833
"z_4[1,112]",1.00020104367981,24742.0802132972,12881.4056325463
"z_4[1,113]",1.00010282622674,26467.0630316408,12805.6376535934
"z_4[1,114]",0.999891783804756,27520.4169954462,12969.0178034881
"z_4[1,115]",1.00019074467063,31944.1542662784,12951.9970540611
"z_4[1,116]",1.00089479035267,33927.0271527866,12545.1114717976
"z_4[1,117]",1.00010938210372,37429.1660751357,11639.6346732011
"z_4[1,118]",1.00026940504004,25676.9141438148,13062.7688789605
"z_4[1,119]",1.00047760694751,37894.533462783,11817.7235014181
"z_4[1,120]",1.00036702952624,38157.5215373518,11783.7384809722
"z_4[1,121]",1.0006242055547,24128.7006549744,11605.0145793284
"z_4[1,122]",1.00037138876215,28245.1372032636,12342.4974426175
"z_4[1,123]",1.00021564212618,28740.9671853364,12203.7847280186
"z_4[1,124]",1.00033177846816,35816.314723853,12034.2035019473
"z_4[1,125]",1.00043606144584,32623.6612769805,12313.285212767
"z_4[1,126]",1.00029526575841,25838.0895591605,12399.4839429965
"z_4[1,127]",1.00003478316984,18759.7832245159,12382.5867582655
"z_4[1,128]",1.00085489014275,40025.7062232766,12063.7939959318
"z_4[1,129]",0.999972144550447,29351.7660780382,11432.1983000312
"z_4[1,130]",1.00070617579616,29751.5375003984,12492.0956203432
"z_4[1,131]",0.999925295312165,30256.5135151247,12787.9088170163
"z_4[1,132]",1.00023197284374,14110.4083384819,12022.5452112003
"z_4[1,133]",1.00029898496225,30229.8625133472,12540.0381945269
"z_4[1,134]",1.00012818618387,32188.1759394891,12267.7817010069
"z_4[1,135]",1.000131311835,31258.2725734489,11210.6121847477
"z_4[1,136]",1.00004711935302,28656.8056774202,12473.9797645762
"z_4[1,137]",0.999969820916958,30369.4430717526,12292.4310758495
"z_4[1,138]",0.999953770275962,28146.0131117929,12660.7409655608
"z_4[1,139]",1.00052594695434,32673.9802124274,12152.0267898135
"z_4[1,140]",1.00079901293064,40478.6178765415,10482.635647948
"z_4[1,141]",1.00018290358723,24170.4564038236,12820.8429403666
"z_4[1,142]",0.999892127030537,19289.7044289343,11705.230832377
"z_4[1,143]",1.00018728804418,28183.7069968243,12056.1874768248
"z_4[1,144]",1.00020066076453,32664.4888669916,13037.2354026007
"z_4[1,145]",1.0002493502124,35391.339501991,11414.6801547985
"z_4[1,146]",1.00019304714206,33324.4844372543,11915.22046253
"z_4[1,147]",1.00054344249905,33246.7636998369,10807.6957272026
"z_4[1,148]",1.00008900310772,34718.1338305353,11420.8789727779
"z_4[1,149]",1.00019955873677,25453.7613183139,11391.9668908213
"z_4[1,150]",1.00037949690441,25943.6178007521,11964.2413270609
"z_4[1,151]",1.00017987268157,31574.6682165611,12138.6239894141
"z_4[1,152]",1.00049116688345,35188.8564664309,12564.5243699976
"z_4[1,153]",1.00002488301713,13785.9551594892,12230.3426370203
"z_4[1,154]",1.00017702276006,32674.6196733429,12113.012637111
"z_4[1,155]",1.00009295894848,37505.6147682488,12204.1448179751
"z_4[1,156]",1.00037392913304,31883.5379199571,12105.5771971409
"z_4[1,157]",1.00034688498229,30850.2991692434,11922.7810337661
"z_4[1,158]",1.00007874892497,25570.6549571003,12098.9567029429
"z_4[1,159]",1.00014022713392,25155.6916331959,11912.7503958582
"z_4[1,160]",1.00066406814808,31356.2432504068,10605.9368929875
"z_4[1,161]",1.00049795901069,27285.32101923,11748.4416699577
"z_4[1,162]",0.99993968370219,18454.0147057032,12959.1465431215
"z_4[1,163]",1.00031051400682,31630.7263577081,12396.8339619364
"z_4[1,164]",1.00002843828214,28554.3816364967,12959.1869000012
"z_4[1,165]",1.00035304593117,28223.631183285,12976.7285994223
"z_4[1,166]",1.00013266775945,34288.1503824971,10838.1365233908
"z_4[1,167]",1.0008063148786,35905.1147205578,11193.6036928664
"z_4[1,168]",1.00031487927133,32133.3942204831,12307.6352664468
"z_4[1,169]",1.00070096957478,25894.391671866,12308.7561816886
"z_4[1,170]",1.00022325405566,26619.2019899308,13427.6799037392
"z_4[1,171]",1.00011544604642,20895.6495058929,10999.0848955274
"z_4[1,172]",0.999956046662412,29479.6609318489,13030.1677058141
"z_4[1,173]",1.00000391774418,21099.9113041841,12776.0517803144
"z_4[1,174]",1.00032929323749,26878.3077239934,13000.1847465399
"z_4[1,175]",1.00059919927011,34626.658093877,11149.8280265531
"z_4[1,176]",1.00038622151706,36684.8457683573,10271.927663546
"z_4[1,177]",0.99999066061832,36249.8889939265,12197.7870255551
"z_4[1,178]",1.00016909095083,34224.5105059924,11581.1351664857
"z_4[1,179]",0.9999614125265,30163.1471295815,12307.9910677744
"z_4[1,180]",0.999980499246911,9975.74863380105,11063.7174886641
"z_4[1,181]",0.999872860902699,29715.2111467308,12295.2756330465
"z_4[1,182]",1.0004852299673,35784.1738657229,11914.0482667396
"z_4[1,183]",1.00040950901717,34350.8455489373,12666.0628812634
"z_4[1,184]",1.00004867493991,31234.0858063936,12201.4816006657
"z_4[1,185]",1.00040234578205,38768.5140601435,11365.6776384099
"z_4[1,186]",0.99991979253866,37174.5544128372,11043.8740669986
"z_4[1,187]",1.00051503296854,33834.9712137429,11263.4396771441
"z_4[1,188]",1.00012667200394,12886.9178816372,10966.8560577398
"z_4[1,189]",1.00037553281588,29809.3817847333,11343.5337760212
"z_4[1,190]",0.999937445435732,34295.3650788718,11939.6631883124
"z_4[1,191]",1.00014061854955,27031.5779870554,11053.4397720905
"z_4[1,192]",1.00024713393222,20727.3820012531,12621.5694781042
"z_4[1,193]",1.00019890907992,30429.455098955,11548.4318668368
"z_4[1,194]",1.00009854507516,38566.6494376581,11722.5279167564
"z_4[1,195]",1.00008336062198,34612.1999563578,10569.9356626713
"z_4[1,196]",1.00013231839511,36194.7725071193,12480.637675038
"z_4[1,197]",0.999994852932334,36620.544808461,11621.9358065346
"z_4[1,198]",0.99989269498322,36659.6553161912,11535.9872936732
"z_4[1,199]",1.00008379555304,33883.7196105831,11290.3036878344
"z_4[1,200]",1.00026044079813,8279.57851673325,10502.4958834066
"z_4[1,201]",0.999951279673426,28187.4922923626,10537.200303402
"z_4[1,202]",1.00047656849688,31807.0161036957,11575.4495998968
"z_4[1,203]",1.00021838877053,32581.8960625011,11933.962964678
"z_4[1,204]",1.00004693329667,33071.0432668538,12197.3801138849
"z_4[1,205]",1.00018119687798,35417.1798325469,11613.792572775
"z_4[1,206]",1.00013871899188,33525.2203235999,12584.9174740142
"z_4[1,207]",0.999830287564106,34140.9410238337,11380.8938419441
"z_4[1,208]",1.0006301621072,35658.2541933967,11465.5897608018
"z_4[1,209]",1.0002157217921,30306.9911333512,12914.7733418691
"z_4[1,210]",1.00052803632888,31744.476208903,11613.8626314665
"z_4[1,211]",0.999924825823274,34107.7084476092,12671.5375472083
"z_4[1,212]",1.00001839691599,29976.8141667601,11691.5062159455
"z_4[1,213]",1.00002994537009,33367.385380795,13350.5095760195
"z_4[1,214]",1.00000032608728,34841.825136132,11904.7392237725
"z_4[1,215]",1.00062581557376,34592.7241166619,12083.5014623338
"z_4[1,216]",1.00001311643468,34973.3979586015,12089.7627708849
"z_4[1,217]",1.00005844085173,32484.6306574041,13530.3402250694
"z_4[1,218]",1.00076151982524,36683.6383081945,11089.9953311455
"z_4[1,219]",1.00019272372851,38314.8309088439,10497.4080378378
"z_4[1,220]",1.00002754678555,35321.3132935828,11444.19742314
"z_4[1,221]",1.00050199699199,23937.57433273,12611.9826019061
"z_4[1,222]",1.00021569888908,27937.5712609358,13488.3352531724
"z_4[1,223]",1.00006100377342,27968.9379174006,12850.9481530063
"z_4[1,224]",1.00026532382012,38292.9779480641,12790.5093576837
"z_4[1,225]",1.00041097341184,34100.6627282104,11597.5292461348
"z_4[1,226]",1.00038677089,32206.2854957583,12092.1049520287
"z_4[1,227]",1.00009180355095,38279.1493758295,12011.052576097
"z_4[1,228]",1.00060596697086,35994.0385696982,12075.7457543211
"z_4[1,229]",1.00008634819729,26711.7828860643,13846.3675416055
"z_4[1,230]",1.00034026913921,26482.1544419372,10637.5262885218
"z_4[1,231]",1.00002753387142,29423.3631364426,12454.9816916586
"z_4[1,232]",1.0001789513026,30803.0979215151,12142.7738190917
"z_4[1,233]",1.00005122140699,36293.4472025762,9912.83400797578
"z_4[1,234]",1.00025442055515,28862.0734731861,11680.4182922314
"z_4[1,235]",1.00016870180202,30418.0014077806,11513.4906873935
"z_4[1,236]",1.00033670922236,31496.9198451685,11023.5522180607
"z_4[1,237]",1.00022184447346,33421.9329694955,11432.6456127961
"z_4[1,238]",1.00061222229687,35752.4723928533,11046.7920339524
"z_4[1,239]",1.00023864839044,23772.4086593333,12665.2565413285
"z_4[1,240]",1.00023224587975,32467.0170277634,12586.5239330692
"z_4[1,241]",1.00016059720584,36791.1625120293,11534.2275193351
"z_4[1,242]",1.0002957919091,32799.3254845934,11283.1079433712
"z_4[1,243]",1.00006588473547,36170.4980833303,11254.8267567901
"z_4[1,244]",1.00081225084183,18483.881564429,12974.3652968901
"z_4[1,245]",1.00001223004565,20782.3070924546,13918.866418872
"z_4[1,246]",1.00017145462405,32879.9733957012,13237.7569658777
"z_4[1,247]",1.00005084376876,30946.3712349446,12355.9940382188
"z_4[1,248]",0.999991733751256,23822.4089165317,10433.9737073952
"z_4[1,249]",1.00024538648555,26234.2329901841,11495.7777027717
"z_4[1,250]",1.0002536598702,30545.0200045364,12084.0389602808
"z_4[1,251]",1.0001167873491,18262.2454079197,12627.1471168498
"z_4[1,252]",0.999947043581742,22808.2633959627,12004.9225964068
"z_4[1,253]",1.00025581619024,30867.0040841205,11986.4133724858
"z_4[1,254]",0.999902010427975,28829.0589220728,11351.0057483491
"z_4[1,255]",1.00023006768415,34227.5358620017,10611.3156160995
"z_4[1,256]",1.00052813838686,31261.4686415361,11353.0127324229
"z_4[1,257]",1.00033741564565,28183.7394156641,12249.3147465891
"z_4[1,258]",1.0002466083943,25902.9372856048,13123.5329159378
"z_4[1,259]",1.00066944625408,21225.1755533841,11897.7989744081
"z_4[1,260]",1.0001456093835,21359.298224435,12704.8973620454
"z_4[1,261]",1.00029239104039,40283.9173444859,11956.7022680845
"z_4[1,262]",1.00000883802138,31824.7429777491,11731.3959518912
"z_4[1,263]",1.00009127900448,35931.7425940902,10961.028503897
"z_4[1,264]",1.00011887458367,31256.8639939436,12172.0227949337
"z_4[1,265]",1.00015125380259,22245.2212142559,10502.3351290832
"z_4[1,266]",1.00053544003964,36539.0664208864,10471.8759717224
"z_4[1,267]",1.00014714239445,30503.1200268928,11126.1905287005
"z_4[1,268]",1.00001611672406,33446.2361663871,11693.9054670747
"z_4[1,269]",1.00002256455208,36840.7909087595,12132.2385270902
"z_4[1,270]",1.00053738830921,33633.298419175,11874.9149315551
"z_4[1,271]",1.00013378841892,15288.4075886834,12022.8581716603
"z_4[1,272]",1.00003033453441,19320.2463152339,11148.3040019722
"z_4[1,273]",0.99997061335047,29639.2712624736,11741.1139937173
"z_4[1,274]",1.00058617742901,36960.5972906425,11346.0481054122
"z_4[1,275]",0.999972564149273,35667.99356789,12281.6624060947
"z_4[1,276]",1.00071908889891,21081.0202998808,11735.2980604761
"z_4[1,277]",1.00096145241799,32043.6325068077,11141.5529056703
"z_4[1,278]",0.999920016481768,23615.5396189925,11690.1525842926
"z_4[1,279]",1.00063588651273,29710.0694477288,11690.8658795467
"z_4[1,280]",1.00018000698687,31995.1356540081,11395.4197291727
"z_4[1,281]",1.00010131412032,34212.1876363499,11731.6231452028
"z_4[1,282]",1.00012702299205,30201.3378367359,12146.9777324036
"z_4[1,283]",1.00105493945298,29813.7054609942,11845.948335673
"z_4[1,284]",1.00028391076915,12300.4494322235,10628.6766472922
"z_4[1,285]",1.00032481666663,27335.5276414196,12543.0327841989
"z_4[1,286]",1.00023505735889,28264.0577067033,13150.1248136503
"z_4[1,287]",1.00072790091719,18242.2071220717,12578.0071042353
"z_4[1,288]",1.0004688888228,28315.0911715864,10964.9671857181
"z_4[1,289]",1.00006945212449,33463.6209531097,11852.4202339149
"z_4[1,290]",1.00031302864109,35246.4313677135,10916.1418151982
"z_4[1,291]",1.00035185058922,36765.8728482122,12179.4372798513
"z_4[1,292]",1.00036854063483,36642.2158476375,11907.7338090343
"z_4[1,293]",1.00091299918002,36725.3290498339,11572.243613055
"z_4[1,294]",1.00031012986212,29183.91856872,11815.7723324018
"z_4[1,295]",1.00033727367818,30261.600255715,11673.4831370088
"z_4[1,296]",1.00015683935549,34915.6349253627,11807.3204452124
"z_4[1,297]",1.00012982271854,32868.156318915,11579.4563803404
"z_4[1,298]",0.999949000580369,31062.6096931953,12547.5823135533
"z_4[1,299]",1.00026029014702,27327.8367346547,11911.4505405797
"z_4[1,300]",1.0001567229374,29028.2784207555,12106.5491273564
"z_4[1,301]",0.999935319402645,27608.630151653,11330.1153585113
"z_4[1,302]",1.00019112642016,14992.1902938905,12331.6276198174
"z_4[1,303]",1.00013296219888,29312.7753029371,12266.8886870359
"z_4[1,304]",0.999949830423623,15567.5842343711,13339.2484186503
"z_4[1,305]",0.999923762145768,27840.6115518105,11162.3939787954
"z_4[1,306]",1.0001463001408,27821.5216611532,11737.4044605978
"z_4[1,307]",1.00037794805562,33829.2089564206,11852.4842358373
"z_4[1,308]",1.00042032493051,28911.9254783542,11897.863171023
"z_4[1,309]",1.00052222067126,34077.5713676125,11845.5155462772
"z_4[1,310]",1.00045439324182,32272.9364004617,12417.6169676077
"z_4[1,311]",1.00109854391212,6630.69728840058,8706.3905726182
"z_4[1,312]",1.00013196377817,27781.711316709,10868.0695912873
"z_4[1,313]",1.00026010265293,24350.3585749227,13283.6223143035
"z_4[1,314]",1.00006225561923,32334.2691744486,11310.2032193285
"z_4[1,315]",1.00061742346177,30788.8908851562,10433.6799609937
"z_4[1,316]",1.00014550956349,29100.9058370379,12720.2150050407
"z_4[1,317]",1.00017615306114,15241.9032895842,12424.8988291829
"z_4[1,318]",1.00006026557043,17565.1646032077,12306.8934489967
"z_4[1,319]",1.00009085608644,32859.2268620118,10409.4972098899
"z_4[1,320]",1.00009961554629,32271.9642080994,11761.589801238
"z_4[1,321]",1.00009347934767,28145.1845421371,10894.6987524195
"z_4[1,322]",1.00006463755581,41599.4419341873,11327.2662046033
"z_4[1,323]",1.00008894189116,14570.3884497441,12424.5384273976
"z_4[1,324]",1.00015984054608,8922.30385470564,10064.4779194623
"z_4[1,325]",1.00014241990929,12139.4693112364,12180.5035828226
"z_4[1,326]",1.00028828732733,18626.327086563,11991.747650081
"z_4[1,327]",1.00005320398243,35996.7577191863,11865.9659055825
"z_4[1,328]",1.00046597900874,36835.5647409493,11150.2870514727
"z_4[1,329]",1.00126302612785,34179.0128805988,11099.670794722
"z_4[1,330]",1.0000721667123,24369.4082072146,11579.3705476351
"z_4[1,331]",1.00008550599268,29605.1311120678,11908.3404324737
"z_4[1,332]",1.00022704146961,35948.0231330154,10496.8770352249
"z_4[1,333]",1.00038273854707,24443.3025352045,12620.4663600935
"z_4[1,334]",1.0002300358081,32368.7638182098,12959.7856595711
"z_4[1,335]",1.0004410308078,32962.8102977433,12256.2284949364
"z_4[1,336]",1.00011203008586,29886.0304925639,11583.4000088998
"z_4[1,337]",1.00004668403853,33231.6793769502,13196.4335994971
"z_4[1,338]",1.00015791276857,23734.0221090356,12536.4757939531
"z_4[1,339]",1.0002310543141,22455.5735528088,11643.3035190007
"z_4[1,340]",1.00024974595384,30929.8197851923,12293.8734047035
"z_4[1,341]",1.00049681305308,31212.927384445,11576.5333343025
"z_4[1,342]",0.999983245924015,31290.4296067676,10428.7837002149
"z_4[1,343]",1.00015966603849,35474.3967315489,11448.8335933002
"z_4[1,344]",1.00010809664974,32569.5257427321,12286.2638697504
"z_4[1,345]",1.0001056252721,30815.8563207278,12184.2150712498
"z_4[1,346]",1.00047886360757,33633.7291678957,11990.2327542256
"z_4[1,347]",1.00020693674961,32570.7473105528,10996.881211785
"z_4[1,348]",1.00010892357397,38673.2385374603,11457.8619634904
"z_4[1,349]",1.00011284484008,28283.2088117917,12082.9381187189
"z_4[1,350]",1.00006109116147,12425.0211114017,11474.7393553573
"z_4[1,351]",1.00054348381309,29499.9717091512,11985.3562685812
"z_4[1,352]",0.999940249451385,29524.4615769624,12254.2739399865
"z_4[1,353]",1.00026106989367,30910.8701788632,11586.2252690001
"z_4[1,354]",1.00009531558506,34129.7179396474,11137.0135971258
"z_4[1,355]",1.00014629130603,29154.3769860279,12937.4661855912
"z_4[1,356]",1.00002852704458,29323.989217155,12987.8524539644
"z_4[1,357]",1.00075684785665,30984.5682358251,11605.1308545158
"z_4[1,358]",0.999952678204095,32565.9102383776,12295.4129160252
"z_4[1,359]",1.00007994088095,15983.0606935758,11748.2639505172
"z_4[1,360]",1.00007966280598,28602.1294904714,11442.6569214937
"z_4[1,361]",0.999903100981171,36967.0954240663,12024.5828127812
"z_4[1,362]",1.00019940702124,18842.3903926663,11663.9087290061
"z_4[1,363]",1.0000497049429,28748.0063789668,12121.9029890196
"z_4[1,364]",0.999931690276885,38585.7410372209,11862.6090064028
"z_4[1,365]",0.99997628383022,42383.9362156237,12104.3519180446
"z_4[1,366]",1.00002638780779,36022.7877810005,13069.8297702591
"z_4[1,367]",0.999948053914368,29056.7575993626,12421.3461547644
"z_4[1,368]",1.00035294151352,34267.8734251728,11985.7352134765
"z_4[1,369]",1.00033776671292,30985.6167374666,11609.4817970448
"z_4[1,370]",1.00022216128604,23885.5403636647,12911.8484336379
"z_4[1,371]",1.00004777102026,27644.098905587,12336.0451323536
"z_4[1,372]",0.999855107122096,29665.0690024443,12428.5617912326
"z_4[1,373]",0.999989293575703,33958.6840644992,11445.9605841259
"z_4[1,374]",1.0010285445745,37024.8576934948,11418.1194953803
"z_4[1,375]",1.00044011394705,8247.93730098038,10867.4586262274
"z_4[1,376]",1.00026976736228,30231.7623702418,12572.0611714481
"z_4[1,377]",0.999942652992421,20894.0669166491,11960.9567759007
"z_4[1,378]",1.00030855003754,5663.35672332612,8640.74250892616
"z_4[1,379]",1.00026205469325,24371.8387485926,13133.6533866275
"z_4[1,380]",1.00019414146548,9416.2036054694,9611.30837806298
"z_4[1,381]",1.00054266389658,32731.099882664,11275.1888648839
"z_4[1,382]",0.999865289417991,23909.4008630487,12850.377345501
"z_4[1,383]",1.00004172439683,28784.7932250853,11435.6701934476
"z_4[1,384]",1.00044988992476,29834.2438097214,11456.858524248
"z_4[1,385]",1.00016554719417,37430.2933131381,12212.8769151448
"z_4[1,386]",1.00072424600438,37514.7570643639,12030.4745345192
"z_4[1,387]",1.00018177489706,32650.6326564961,11972.5800790304
"z_4[1,388]",0.999964596349987,36119.1867265928,12500.5921762077
"z_4[1,389]",1.0001424033959,30321.4457931868,12013.8103872861
"z_4[1,390]",1.0002046861928,11678.4248610943,11982.2987283414
"z_4[1,391]",1.00026435358286,36421.0959092877,11293.817687243
"z_4[1,392]",1.00011208507116,13775.5643762745,11670.8738034087
"z_4[1,393]",1.00062984660475,31993.7236563743,11038.0261429889
"z_4[1,394]",1.00009876421004,36658.8113571214,11609.8861210609
"z_4[1,395]",1.00026843162062,30604.1393481724,11776.9662380317
"z_4[1,396]",1.00024565176932,40277.8832726158,11243.1467805436
"z_4[1,397]",1.00005347242871,28407.8655660382,12258.2239011611
"z_4[1,398]",1.00038668399944,30788.6544239866,12358.0140864618
"z_4[1,399]",1.00039017613429,38700.4250942513,11659.6166766357
"z_4[1,400]",0.999990478085942,33697.6655553237,11478.0271676394
"z_4[1,401]",1.00036584667912,32485.7677697594,10481.6855864741
"z_4[1,402]",1.00018852392787,28914.2142171708,12143.0534191254
"z_4[1,403]",0.999924543737565,29483.1349801472,10729.033440501
"z_4[1,404]",0.999988634399485,24880.4838908279,11624.411813675
"z_4[1,405]",1.0002620638803,25047.5413245006,12933.3924387525
"z_4[1,406]",1.00079491064812,40192.4024814565,11521.2343670075
"z_4[1,407]",1.0003755430778,23067.010848121,13815.7478628736
"z_4[1,408]",1.00001565787799,33248.9425503836,13958.9074821996
"z_4[1,409]",1.00040363632904,30513.4494742016,11342.7858421541
"z_4[1,410]",1.00017287614787,5695.94512229901,8271.10743476974
"z_4[1,411]",1.0003165923488,31990.2913995581,11063.2205780119
"z_4[1,412]",1.00005999102512,34153.0984390254,10843.1320283338
"z_4[1,413]",0.999871773501637,37427.3085194199,11693.1773122198
"z_4[1,414]",0.999991852057096,36763.7362682652,11803.980270924
"z_4[1,415]",1.00049417956694,23381.7548488651,10747.4542226289
"z_4[1,416]",1.0001886240819,29911.1270617029,11693.3521959968
"z_4[1,417]",1.00020919181546,27276.172436801,12234.8127434458
"z_4[1,418]",1.00122807269999,33785.7083130336,11364.9413626857
"z_4[1,419]",1.00001024981667,25662.6341901789,12607.4744822829
"z_4[1,420]",1.0002437989654,36502.2923111241,11641.6535900502
"z_4[1,421]",0.999955811182057,34220.8312173034,12242.8930171586
"z_4[1,422]",1.00008759837669,22716.3157544472,12743.6009371374
"z_4[1,423]",1.00034039012011,26058.8834422866,11122.8232631651
"z_4[1,424]",1.00020837923905,32273.6673476731,12112.9198262603
"z_4[1,425]",1.00059598949368,36390.7001043245,11398.7534853679
"z_4[1,426]",1.00016784112765,28162.7280517713,11658.9806129584
"z_4[1,427]",0.999882922805619,34771.8357038111,10891.298575947
"z_4[1,428]",1.00013979815693,31175.7507056829,12170.3622429133
"z_4[1,429]",1.0009539246472,37963.0746967892,11504.109977435
"z_4[1,430]",0.999929107393874,23172.5907787623,11731.5074600573
"z_4[1,431]",1.00101312462585,35468.7722844535,12020.9560530998
"z_4[1,432]",1.00040485867968,35651.0735129613,11072.6275337957
"z_4[1,433]",1.00040057462312,19658.751015973,10791.953769206
"z_4[1,434]",1.00019885813208,36558.8345861219,11802.7626590145
"z_4[1,435]",1.00004991084305,33900.7881745063,11252.3563469985
"z_4[1,436]",0.999974560706602,36564.4734141435,12191.1976325173
"z_4[1,437]",1.00041616457033,6475.85974252264,9241.77172352787
"z_4[1,438]",0.999958016627661,36033.7443567765,10416.5354761202
"z_4[1,439]",1.00059700078225,31647.3488292262,11900.6125096216
"z_4[1,440]",1.00029928870361,8815.24741722384,10943.9634688283
"z_4[1,441]",1.00043568589408,30357.1999649913,12678.0050500814
"z_4[1,442]",1.00017690501088,29351.1012635716,12361.1950153567
"z_4[1,443]",1.00033859657188,33440.7857981272,11760.1204995115
"z_4[1,444]",1.00008106229285,28557.7197647125,11369.9159732985
"z_4[1,445]",1.0004110975069,33058.7771055125,11385.3108707382
"z_4[1,446]",1.00049933797426,29110.0361730004,12291.2391043495
"z_4[1,447]",1.00077522795762,20120.6323737826,12017.0118225327
"z_4[1,448]",1.00007585882353,31849.2884702384,12092.0491221376
"z_4[1,449]",1.00040671641105,30295.4435009842,12693.3282001087
"z_4[1,450]",1.00009075734486,36476.9858245241,11614.7513964476
"z_4[1,451]",1.00055834111276,28922.2704141704,11317.8028784942
"z_4[1,452]",1.00025963985715,33578.3174514766,11778.5059924866
"z_4[1,453]",1.00007895688255,39437.2577506695,11188.6153035969
"z_4[1,454]",1.00029988009932,41801.7443552725,11942.4906585192
"z_4[1,455]",1.00003369687031,24473.9072892121,11707.4315665115
"z_4[1,456]",1.00013199833609,18501.7132796,11754.1394514682
"z_4[1,457]",1.00054961716664,30099.1781615624,13233.8392911753
