"V1","V2","V3","V4","V5","V6","V7","V8","V9","V10","V11","V12","V13","V14","V15","V16","V17","V18","V19","V20","V21","V22","V23","V24","V25","V26","V27","V28","V29","V30","V31","V32","V33","V34","V35","V36","V37","V38","V39","V40","V41","V42","V43","V44","V45","V46","V47","V48","V49","V50","V51","V52","V53","V54","V55","V56","V57","V58","V59","V60","V61","V62","V63","V64","V65","V66","V67","V68","V69","V70","V71","V72","V73","V74","V75","V76","V77","V78","V79","V80","V81","V82","V83","V84","V85","V86","V87","V88","V89","V90","V91","V92","V93","V94","V95","V96","V97","V98","V99","V100","V101","V102","V103","V104","V105","V106","V107","V108","V109","V110","V111","V112","V113","V114","V115","V116","V117","V118","V119","V120","V121","V122","V123","V124","V125","V126","V127","V128","V129","V130","V131","V132","V133","V134","V135","V136","V137","V138","V139","V140","V141","V142","V143","V144","V145","V146","V147","V148","V149","V150","V151","V152","V153","V154","V155","V156","V157","V158","V159","V160","V161","V162","V163","V164","V165","V166","V167","V168","V169","V170","V171","V172","V173","V174","V175","V176","V177","V178","V179","V180","V181","V182","V183","V184","V185","V186"
0.453457426316749,1.87287939168114,1.6805574584477,0.661078686307634,0.0333752129579278,-0.371650354052337,-1.19612092561729,-0.809575953024411,-0.255037154440578,-1.72385876291986,2.81210005684436,1.64170661964104,0.0831520950202338,2.12691732405287,0.518942151236215,0.184769388121386,-0.0975768639792272,0.800761137277861,0.879201570595507,0.420648852855798,-0.601808618860874,0.435715607792991,-0.396267282459291,0.41422167313121,1.0186139197385,1.84773874153748,1.62859504729165,0.91138761601108,0.720078521961193,0.073942912849527,1.50407293025869,0.316691163868309,-0.326521668420663,1.72682134792782,0.96615902019703,1.95899522095133,-1.3971414296249,-0.628061848133783,-1.88218696454709,-0.565160272237744,-1.8774141240309,-0.207391891066046,-0.384250778209994,-0.229763738377989,-1.3318842490824,-0.230964740147753,0.291941013276526,-0.57886801329802,0.0702388174050259,1.99155514613591,-1.10858651214531,0.312539190652139,-1.0060732505371,-0.643361377926669,-0.803674057788303,0.329882113241321,0.389893773211151,0.236058339435466,0.585075946014572,1.21735532946766,1.37607023098892,0.62835910229991,-0.644237522091951,-0.520665137714349,0.237977215638779,-0.337442715004774,1.02650443081159,-0.0977625415019171,0.29355836600722,0.954941288744395,1.12827419915138,-0.817967777197178,-0.241596370939667,0.396613472400161,-1.23906172878708,-0.310256483479171,0.144069634809187,0.0706416093965337,0.357379843673225,-0.163617731931146,-0.0703220489657245,0.784502326380716,0.89290502058988,0.906392497229936,-0.155107481494742,-0.241528288163915,-0.290878503328901,0.0123401847199932,0.152735161205397,0.421542820860861,0.807220467652068,0.794422029974241,0.458978768253954,0.12392145949089,-0.13054301599281,-0.388826418431242,0.520371304783295,-0.444290302151924,0.98367711011351,0.0422949575366413,0.486921707836934,0.0820683045067494,0.351213719556772,0.76604172717993,0.201533579249267,-0.130360257198915,-0.0367649725840581,1.06171550763742,-0.985217455786009,0.173703120377981,-1.45569146740933,-0.212196274768099,-0.616766408702285,-0.600006991322408,1.3955347964999,0.771158293449843,0.149260627431892,-0.18852731519344,0.189059332840982,0.242311760435668,0.42856433533968,-0.233877453972311,-1.26976012574747,-1.28873290185623,-1.23168950792474,-0.799699918254982,-0.089304548975434,-0.332657056241411,-0.664816281573128,-0.243206949487116,0.686438371628194,-1.45449198479808,-2.59705230445085,-0.908364391784846,-0.0660824843793391,-0.76518047693058,-0.845864024118751,-0.514917501620809,-1.32856244740885,0.155926220932804,0.103430112155494,-0.385110603777908,-0.286944762126316,0.480792821141505,-0.376786264513673,-0.237187890343691,-0.594716092372916,-0.312320098536378,-0.846097045554363,-0.469826745088441,-0.440559553350609,-0.338019763193738,0.0264625842008027,-0.460539630345834,-0.77259679474283,-0.0392181123836308,-0.482071215154483,-0.206541754037963,-0.404664376950329,-0.746591770661909,0.833352278942607,1.14401025091409,-0.439430415664994,0.615174519535913,0.0835614331863534,-0.864662586627702,3.34823593460324,0.37839500059435,-0.0874684659263603,-0.254761069515198,0.647315837415102,0.427416503830304,0.615170188493326,0.413952405619279,0.0331418519586549,-0.367387780864873,0.438710463922102,-0.768293242342463,-0.784231508822443,-0.29970896486872,0.210449090695682,-0.834373976962132,0.150338249488506,-0.855731474853287,-0.430857142442281,0.488649526180396
-1.00549380719393,-0.451287163857574,1.23672652096451,0.452869254002212,-0.0659931245546675,-0.428883091328929,0.956607657383937,-1.64195707934845,0.773912369268823,0.917726613108319,-1.27512204122315,1.06344145954701,-2.01078355442904,-1.29247391471927,-0.439946027198583,-0.652251297650108,0.253161326091355,-1.20795537201232,-0.517232750642654,1.20611661923625,-0.887098559027647,0.193927062910542,-0.631867530850923,1.35944520516096,0.993371283644877,0.597349538927286,-0.155917475136352,-0.0401926342258662,-0.247224875375109,0.585294623057076,-0.359059846123514,-0.0210271356781736,-0.641073857097532,-0.938761845433482,0.398232856013268,0.884439857476516,-0.934381718574824,-0.249480932334617,-0.0280560029935214,-1.80820046076041,-1.61416749053449,-1.2337452478292,-2.18409452430899,-1.39439975269053,-0.226036231909312,1.20569442967454,1.39385838467784,-0.392949839645578,-0.534215635444674,-0.0217968358579574,-1.45579676395553,-0.780161896309643,0.636862170686263,-0.298413194692984,0.927381022509641,-1.53139035986231,0.600299766074575,-0.146667492968669,-0.356791296158103,-1.06561844220669,-0.943874007047719,1.10873716363976,-0.38577585808161,-0.112722211960427,0.335920914546635,-0.0544912533357307,0.404549189428334,-0.0334900940391651,-0.827376293379827,-1.79213813663422,1.31759491160076,1.1958363218746,-1.77356117973178,-1.0981166453057,-1.5912706319042,-0.55969995869906,0.189629131951422,0.227598139725024,-0.396119718405913,0.185664124430455,-1.0826237336551,-0.351247743658248,0.586298563292367,0.468696595599786,1.054716284842,0.566539322427357,1.35091659902309,0.592563664230845,-1.01722414185459,0.257057919156346,1.09158216336708,0.222314381248497,0.634477629202069,0.092856717538616,-0.0780479665053145,-0.911835751787538,0.0841299724470358,-0.335800562453797,0.557472774256505,-0.194897565545044,-0.279766645695117,-1.174319776994,0.150032721827746,1.55481308867359,0.592380223342643,1.34876422878469,0.572115838200083,1.07513531878133,-0.160523069207963,0.700696995102128,-0.0589705319322477,-0.572863976304705,-0.000967571877829662,0.309915741579587,-0.300072206378278,0.182833619683772,0.449552319360012,0.199739929010595,0.361912693264559,0.570342040562398,0.172377563499194,-0.771995409264668,-0.645289702358371,-0.232071342589463,-0.746081950570263,-0.239530884467898,-0.917922550649299,0.204956824373805,-0.546155941993037,-0.406526545233263,-0.0805984202692352,1.04935262878525,-0.106177222632166,0.315642904485206,-0.92926813023725,-0.367778889633136,0.222727970303348,-0.115727437700255,-0.266967282097244,0.279930620329621,-0.228608052500681,-0.632244006184103,-0.827556457497252,0.0283272660769994,0.0191780510504581,-0.629204886118696,-0.210551088185751,-0.112540537432065,-0.87233841043961,0.119282400934288,-0.57633737284077,-0.0982808691306465,0.0763930788233707,-0.198816097131794,-0.855934024362763,-0.25938597541005,-0.826206327776366,0.03146656199846,-0.15201185067408,0.39742183499174,-1.97780657496181,-0.123026774314088,-2.81280530380527,-2.05067475282092,-1.93465851319132,-0.936891911572218,-0.630734345252661,-1.54752443266929,-0.221635944251168,0.920260205588646,-0.0983482850587733,0.270360120949236,-0.699103787596498,-0.609852066586158,-0.56109343965282,0.356627123339225,0.226078019020105,0.279886699471779,-0.835034522643305,-0.620259505572736,-0.877502847128217,-0.427128982230428,0.102338838175271,0.136987816162053,-0.19650811150674,1.18054707918752
-0.350826771123822,-1.57850704341594,0.770310371489358,1.43173138995352,1.49898852734237,1.11334731759194,0.880617776082144,1.5087952924552,0.859950846941417,-0.0795620799399785,3.1150799277904,0.299013505582297,-0.400942028714976,-1.15994268200629,-0.252915955456529,-0.959879319332693,-1.04803799106113,-0.149663189975455,1.49744316883543,0.481196259920626,1.20946324177068,0.973413157053277,0.693256692082879,0.594496935337405,0.345607783332121,0.482696391584878,-0.891512336187171,0.67720280940864,-0.0315702680360271,0.0783159540415044,1.69948439869798,1.67912069033259,-1.64212090576695,0.454834919728856,0.530119747205783,0.146499446946886,1.18517699834361,-0.65303167232212,-1.12974933051013,-1.02248355585013,-0.0134465759117352,1.75361939088492,-2.74564757007759,-1.04776489848261,-2.00721485938902,0.104592668330798,-0.875318216100768,0.088147250738573,-0.599463469916397,1.06279029246777,-2.06620800172078,-1.57669617252861,-1.75511416485209,-0.423880096802418,-0.267847301327097,0.697668475872086,-0.379189398126087,-0.76908577149248,-0.194994351134394,1.13335605292122,0.430669175124468,-0.14587743836523,0.483368472457054,0.335956341020307,1.02256366412944,0.351225945295731,0.858345208709557,0.856154595591253,0.299702840413163,0.268716296682473,-0.871002366514745,1.25613891583708,-0.406004619709763,-1.13001631741861,-1.41176090801074,-0.52110278898736,0.0924999038236145,0.941472076097619,0.666644407693862,-1.37061142231181,-0.31137896165488,-0.144305677892492,0.759932141142528,0.760197569217581,-0.924075735943544,0.198985596326138,0.865795229680416,1.05227068994071,-0.154560870283733,0.0113204741256627,0.529407640463831,0.286107409438542,-0.302714588867671,0.433883963532051,-0.429244721461469,-0.979510490612537,0.0699025361742813,-0.239585988913226,0.172466011606893,-1.0720830165706,0.00680307007944485,0.101612507136435,-0.406158608722582,-0.435617340873023,-0.000508483771415058,-0.471917378670716,0.00558423947619113,0.129787034119645,-1.54624944146333,1.69175373305203,-1.56386601501699,0.280416498166615,-0.853956412860445,-0.266295963332368,-0.572729930256368,0.289451628976177,-0.501539883659023,-1.09786916469359,-0.595490229860451,-0.359813415832026,-0.0385075150353488,-0.662127631935988,-0.154461827170351,0.570272959547352,-0.478496338173121,-0.305327660621885,-0.46226893171077,-0.405041978034445,0.622064280191949,-0.0688761508864755,0.207265231177444,-1.26959892329803,0.171483724901177,-0.631197195172758,0.260036403618631,-0.333618196679032,-0.461478976290523,-0.811476616124577,-0.754969792548455,-0.728683089361302,-0.83720858170051,-0.510410897393767,0.455470340689503,-0.235808386433564,0.0159126433305824,-0.922971401613467,0.467147354581244,0.526269501763957,-1.08047922560497,-1.11443349475655,-0.8360319104294,-0.499778288230712,-0.154022906320294,-0.130625758324807,-0.915932769608015,0.406984084763423,1.28677988663986,0.624532294210873,-0.215051631297573,-1.95379341027018,-1.54624319130107,-0.646314926867037,-0.993518077423868,1.04663847264315,0.622120293244608,0.874345581142921,0.949187001699442,0.793965134824398,-0.461619886538196,-0.299876060277535,0.242845501623063,-0.442840394449991,-0.385493981207415,0.233429915023001,-0.501531000290811,0.0732447223021329,0.414067458993801,0.00478302960831813,-0.865946850180539,-0.748551291438459,-0.992990216568701,-2.20106306193761,0.990726833928901,-0.104795210356215,-0.792241594743707,-0.227227041242376
0.506182328354022,-1.40955796105424,0.271517555210407,0.933112872054548,-0.599748359542214,-0.904724823022538,0.299098861439261,-0.986748848081041,-0.642021008054314,1.11202796996431,-0.402159469488071,0.028493624367774,0.781543530674284,-0.742362879233443,0.944742669612719,-0.196537622585826,0.183760249910819,-0.805549708210564,-0.043743456616311,0.017255052285129,-0.839652925808913,0.420164588423933,-0.304830241413461,0.343801213741948,-1.21343396598329,-1.09555940972694,0.221855138123834,0.118814893154513,-1.09570322229497,0.117269429351733,-1.09567834103003,2.41509007851138,0.0162347682464984,-0.0546056115231692,-0.708849089781541,-0.144385895102919,-1.24087211197742,-1.03252678968541,-1.19448602295986,-1.28471324880354,0.453377843489864,-1.52624001361445,-1.16496533556931,-0.888800106951245,0.105834997145976,0.410234297649571,-0.889475318436517,-0.386314042435948,-0.221190439852737,-0.082942092802854,-0.573871848449723,-1.94978558955984,-1.95861718466772,-0.617828558747298,0.0151374364247346,-0.439424701405049,0.394665700744471,0.559483163435014,0.453866122762125,0.306255416804588,0.0646859636640768,0.825913427228626,-1.58799398161895,-0.586617177424327,0.607588338130781,0.342281570169932,0.39122974367134,0.249323599911308,0.217089288793186,-0.251709510947992,-1.1978255126121,-0.78050053902923,-1.11993543042707,-0.155421801474569,-1.5086729184173,0.527806305067176,1.32377651671042,1.07199771467923,0.0320991007607173,-1.91799918729666,-1.14528504770487,-0.0800873423746313,0.519752754411192,-0.139892275721043,0.4130193378345,0.621278796004009,-0.0375751696074412,1.12844937239144,0.14617450831976,1.34090735203019,0.219546216713338,1.62760879102443,0.385381090080877,0.378427444357295,0.675092137786255,-0.228346774559106,-0.112388280677193,-0.935549837329141,-0.352186056788119,-1.06572910864967,-0.0110684379042578,-1.17393695813052,-0.255108031216104,-0.517857502129155,0.180616989144055,-0.216527402765579,0.0940743241390624,0.536120036326704,-2.14716156536649,0.589136220058738,-0.473579648927042,0.184096254357485,-0.0938774318189923,-1.24292781419785,-0.891386636497917,-0.797369288986889,-0.680558214496182,-0.868595226585164,0.586820113418519,-1.11150628341217,-0.497475372514795,0.27083701444265,-0.275321802931834,0.0744562054946853,-0.446473597071037,-1.13783481568953,-0.248532137552964,-1.3561900619951,0.3632899518783,-0.158344530442869,0.68599003420065,-1.51146930732971,0.186123977013455,0.877381191351555,-0.0535065904860389,0.689788497206348,-0.731692139304212,0.0313120016271572,0.123716186031721,0.221302059234988,-0.508310363941939,-0.338728817261083,-0.175480294793933,-0.731945861418383,-0.13036391761604,-0.58228725062035,-0.537302563358467,0.782380965648133,0.169393587737516,0.32130323916674,0.260542332138127,-0.828653538289621,-0.0595647655074321,-0.501996972602522,0.10850058567968,0.154101641269489,-0.10057031883941,-0.0885307254648561,0.770374147667507,1.30380207249045,-0.523713143470288,-0.313063272653805,-0.894812830225935,1.28822476126742,0.902253136569878,2.67720702836355,0.172227737662304,-0.178701927367925,-0.396912054981119,-1.19354985570958,0.128305484586609,0.107048773304464,0.864732270293854,-0.208876501761519,0.569035571197223,0.265132527128258,1.3393602046762,0.74993615441243,-1.39088830724583,-0.5304088981118,-1.81827508150263,1.27190122844841,0.526429495107862,-0.319403507140211,-0.757576387562559,0.655344133211725
-0.112259079192834,0.0580897442458299,2.01081080973969,3.27203103664757,-0.307244391119171,0.449022455896223,0.246169790430236,1.69279574477306,1.10974755219665,0.242687670937283,1.67572658982824,0.214965841996406,0.981086827752068,1.33093244002251,0.234109942692378,-1.72164756293799,0.572347425048561,0.428027393873378,1.42807820194277,-0.837186861808729,1.01133269676325,0.32639743966686,1.2709286301131,-0.537662960872894,0.405949245995692,0.280281488070662,-0.161677432348653,-0.277101903548366,-0.0557190352616936,0.0668638392462611,-0.183253306078842,0.81201005666006,0.877361630931225,0.516263229834308,-1.06260499783888,0.451035516277867,-0.00935313625218194,-0.297217301081333,-0.943883294109792,0.0185922000582099,0.0102670473817313,-1.41875211829764,-1.22685352706713,0.0483396500741213,-1.27582173061309,-1.39668710396028,-1.39150614489848,-1.02868255187009,-1.73914111436245,-0.339488893131281,-1.6280093920776,-2.1797529725957,-2.54907542448399,-2.35134492763807,0.149213701729365,0.32459558153112,-0.174529176507307,0.508486849254776,0.0526292551799008,-0.429807691682861,0.634341023330883,-0.375394772107452,0.409344149475768,0.276981483665817,-0.577310991356558,-0.443045946280016,-0.87819052104586,-0.538949315953949,1.34855932777598,-0.224478191368999,0.309257233110721,0.686325948839742,-2.19919533928933,-1.76541710218132,-1.48225402303349,-0.179981155159291,-0.0438662923361456,0.329976293929075,1.03118574987296,-1.15738089883417,-0.140399158132961,0.339800376923492,0.279291818970409,1.7082578699948,-0.266014440845297,0.303939393738612,-0.161269222552846,0.0766580929060323,-0.222412635197774,-0.705723454096386,2.4852667337335,-0.33417360764501,0.777142219010659,-0.0657261238043738,0.641239163303379,-0.501639549855435,0.50283338341662,-0.121135272410338,-0.12734064109669,-0.206950971134291,-0.0701095464123135,-0.591331082973621,-0.479572079801909,0.466410498473377,0.301795904261517,-0.131037710289754,-0.221756241734325,-0.46748622386997,-1.22663670351605,-0.97062831691935,1.02084354748765,0.945468862457169,1.32005416673664,0.670284344740353,1.05675578846038,-0.867470138145556,-0.233912508378336,-0.0373555566650737,-0.0105040261420229,-0.129769493132543,0.748625534567103,0.639513847085763,-0.943742417924689,-0.0478393497509223,-0.792138230824249,-0.0494470513177169,-0.0717355498970708,-0.583409287213123,0.130090959544298,0.398797668235187,-1.22707319051733,-1.35498636156872,2.11059681577227,-0.621216880469769,-0.610963233158166,0.00126199322189724,0.0902077814963088,-0.319951027040328,0.931944120752717,0.404135191102293,0.389349358043466,0.57897122688789,-0.0193241012432021,-0.865999288775536,0.0611219789274895,0.823695272440501,0.97678632153121,0.604512896874166,-0.296425873548473,-1.24213270205736,-0.0927816038449755,0.619179818311567,0.692738177658053,0.518609591409362,0.0517985648010309,-0.452752452090639,0.0858744412070442,-0.234939455566601,-0.646552145866626,-0.43269637446324,0.138375282325596,-1.80249234090429,-2.43029957499298,-1.16037454482513,-1.86863517228061,-0.159256596354786,1.83701667584957,0.709043202353899,-0.143952994395512,-0.547754426888717,0.0123360069630106,-1.14793390404343,0.443138434928811,-0.595649551177541,-0.728913981329006,-2.04968235500591,-1.36137059593148,-0.658795778548545,-0.353661612688219,-1.95523199145724,-0.856505788200267,-0.581924192844589,-0.664559448647482,-0.405512341870735,0.252812295101522,0.911534573450554
0.376584490070469,-0.646749306390508,1.25178208779851,0.372792022020907,0.213017570904366,-0.991243043884652,-0.726100546994201,0.200897646140786,-0.187456442119519,1.37730578009686,0.0587990802939969,-1.61165859989255,0.165508355137453,-2.06630833526551,-0.416403046801188,1.43417324202156,-0.349739946033029,-0.357672528823074,0.473605697701272,1.6781597948595,0.509113963954631,-0.882438110934091,0.792358760979174,0.34169356758775,1.65563173368715,0.294076962273335,1.5304712612988,-0.680455598847137,0.911792521720442,-0.764435510154635,-1.55138651153852,1.89556052018063,0.0114034898402705,1.15412620209093,1.70662877792117,2.23069574125941,-1.37308897462429,0.0745952433023413,-0.543311900190163,0.635961045860827,-0.0875085540673272,-1.97769375402315,-1.72953802998215,-1.37357294518656,-1.75659235943952,-0.0362591655331231,-0.0406233942624705,0.547834753421637,0.412347916635512,0.923521117543633,-2.14539141122127,-1.0440440569959,-0.233394003730057,-0.44346388332234,-0.210546073049638,0.186125534055552,0.134586513918356,-0.0374475250927416,1.20186065470691,1.06291353892724,0.187336087338456,0.496722067329293,1.07374208068339,0.10910841148068,0.567528466010473,0.635932827782447,-0.239386647517049,-1.42959146808887,0.200412286649735,1.44674214222157,-0.30301690552302,-0.0672424739758069,-2.52553012106124,-1.31707201781787,-0.975870627700455,1.01931097379984,-0.499659385882653,0.635532845052572,-0.643256552044439,-0.881317353419585,-0.0454736598780084,0.162874414736089,1.08364095038172,-0.501377717545856,0.456705057946116,0.45616552403908,1.16515757789972,-0.262054410822186,-0.357536756389242,-0.303688858768296,1.49535078001913,0.609264344060806,-0.121505598293508,0.0093008153269329,0.952715357299985,-0.460295894721792,-0.391640791045634,0.135525013708516,0.192443775855209,0.872340526656656,-0.443069535690167,1.19598650809523,0.212059757061702,0.00588737272339165,0.368415653725442,1.60375055549202,-0.482429764929443,0.166497342730176,0.012482913435723,-3.09646011114243,-2.44948942430872,-0.0838847034148158,0.263182304534223,-0.456002671507288,-0.414482789204848,0.478717878763057,0.196513305440425,-0.10622572238446,-0.0794577900522559,-0.544743695112224,0.236239320785837,-0.366631471827209,-1.78537398397926,-0.527262262205732,-0.46160548878909,-1.31951681589919,-0.236959086338135,-0.0459074992254057,-0.121744983280505,0.588964859503752,-1.06044825275458,0.0333500199270109,-1.1643393507391,-0.0885346843349898,-0.263183078368225,-0.212733866780796,-0.20902106658843,0.539113152367913,0.521538857335831,-0.24590813017464,-0.455034116580077,0.157881613768682,-0.375810409283557,0.761030979882298,-0.238591057875186,0.739960396430226,0.0522691092517244,0.399116825012756,0.836817733295103,0.393271897687088,0.439497004564125,1.10790246650344,-0.146197010444626,-0.0175376404220966,0.616670393691272,-0.936549784936864,-0.12486708744195,-0.529865418848664,-0.181202759465682,-2.38869334988789,-0.353800969176342,0.622661067045218,-1.08448783610686,0.427932945220317,-0.22946403473064,0.901222972338728,1.68283480443025,0.244582916953754,-1.10327803258739,-0.378318200600034,-0.520011589743081,-0.701414888005627,1.1472170454724,0.0103812446314813,-2.56296135903996e-05,-2.69117809177303,-0.497916640826642,0.485877060883869,-0.84973870293548,-0.505766496419139,-1.52000912772639,-0.623449998094564,-0.729710993511244,-1.0762401745101,-1.17723262852439,0.970948705419819
1.00827332628522,1.0932719776645,0.0422144494724367,0.34612992897751,-0.109350964037348,0.538660816877824,1.73119556071886,0.736524646294189,1.75195313056599,-2.47001837199278,1.23939679154033,0.0472358835104545,-0.157466572371681,-0.243504251737545,1.28133701586813,0.521164808887309,-0.940922001498148,-1.0244409081526,-1.01729983745699,1.86903918563625,0.646082251976306,1.46898159270338,2.27238804433121,0.580533161199868,1.7504917052998,-0.695069563502086,0.919757654982087,-0.659013009499649,0.807986276439811,2.04409364321911,-0.84661870661251,0.858822295736547,-0.0511929942539462,1.08196271946118,0.48249668430981,-2.55308943704279,-1.23129036643833,-0.715806715895359,-1.42946790189177,-0.921316792798869,-2.22067389138636,-1.48092960633256,-0.64868799990982,-1.99735896937461,-2.14090907967004,-0.949048123979827,-1.01547648383282,0.210125623240117,0.667696201654341,-1.06122182525132,-1.33584884941796,-0.777837737549975,-2.41376024201437,-0.795201059278331,-0.295086383312335,0.000616056970849873,-0.551075286376081,-0.707187566090987,-1.23644509755635,1.23187630215126,-0.148536181809585,-0.342605234849838,0.195260049869061,-0.235241516171239,0.311203261996171,0.0442157829035035,1.22200616464108,-0.780224482187489,0.300149355734717,-1.44541040480106,0.535685656415887,0.0817960262263155,-0.575961063749258,-0.199176272812799,-0.079564492199714,-0.0686134981434255,0.0259135943758959,0.317057981547646,-0.1009384566412,0.404659872541365,1.15635652109178,-0.458298839769894,-1.338516395229,0.546344555624397,0.0257004258134608,1.18224903300508,0.0887632411225839,1.12275887378648,1.02577456937186,-0.409630841896206,0.318577906444774,0.022155803380478,0.261425915136007,0.723853472635182,0.775626458371533,-0.222052349426322,0.67784136594848,-1.2825121223271,0.654745431914544,-0.491305527189158,0.249866520003212,-0.193141105144413,-0.307221412982219,0.970248015232462,-0.0851007356087667,0.171741785182632,0.166189952150753,0.535316912948612,-1.57560613064518,1.09798483092101,-0.664604920098426,1.79059145413644,-0.383013111980305,0.0181488449756625,-0.721029189110235,0.632192841318515,0.463716550812862,0.348443284769367,0.981618918974242,1.21634650608187,0.948789306106521,-0.0499485323958461,0.556010900583456,-0.251478270454024,-0.401295141662133,-0.266405050824156,-0.0136679853018362,0.272163818817557,-0.17220329773055,-0.208240611641022,0.417174895476246,-2.03280671059651,-0.170998805173941,0.105873217487582,0.577595063127885,1.11735558448881,0.382858525426007,0.182548693620347,-0.468121155256272,0.487904244293727,-0.244243531428579,-0.198080755536409,-0.917729997047963,-0.885808250055107,-0.0171805836432446,0.306117114491487,-0.672935853413213,0.883838049997994,-0.520423590231498,-0.518167879567586,0.0417885185522867,0.476090015247391,-0.258274820923468,-0.132113602771105,-1.11326194881532,0.273045737114463,0.481994052037122,1.19162852221151,1.1797949303974,1.36063054428718,-0.218279089707424,-1.07766148914469,-1.23652672193377,0.256796443354657,1.25178171959005,0.985316918265345,-0.244995181156187,0.804605295004701,-0.796410185346063,0.165459046224692,0.317167925152645,-0.40180886297864,-0.259074845322449,0.781129149988945,-0.470201688051988,1.20949054273524,0.143681523599218,0.259885292162453,-1.08709302384934,-0.745046037941826,-0.761415315595439,-0.843779948948411,-0.253303094194511,1.32098176062265,-0.292021610131821,-0.171973283108632
0.38813177787504,1.32086397505855,2.01717062938045,2.38860139655715,1.46807817824842,-0.562760117587641,0.660773072792036,-0.180943579725157,1.0246998914368,0.0142493207146711,1.89164435785254,0.438896347963165,0.581820251011962,0.645716546960909,1.58266456636667,-0.0131207186725983,-0.278010810698937,-0.167730221294274,2.01052301804023,-0.869395683446495,1.59221056307503,1.40061240383133,-1.55700145755788,-1.24906425363986,-0.109667090876881,0.0280927185193322,-0.445789095099468,0.610804534264443,-0.442027944960628,0.599899953646273,0.16169046015555,2.24005299778776,0.698240347922642,-0.962787499680848,0.662179920616445,1.76326737834916,-0.0503955996953353,0.683596091879161,-0.968603407130679,-1.80899190835335,-0.536571201586934,-1.19923686925337,-1.09252414413065,-2.55486730929983,1.13899994548306,1.11903100417583,2.11071549756516,0.524379845571015,0.949744932900384,-0.775492907509565,-0.714131941784031,-0.923611987028206,-1.49043665688458,0.260187432468039,0.00894476758380977,0.818720785413031,-0.190871492330106,-1.88192841725583,0.402287998369642,-0.415262930448553,-0.839675397290775,-0.160234282177634,-0.26993014462733,-0.299702558812055,-0.979987669431505,-1.57333695679112,-0.0172934502092313,0.0599164460632771,-0.447214734745427,-0.363022586072402,0.588267995859609,-0.396032932948835,-0.31408644879676,-1.69904240950349,-2.93545234859196,-0.11138616536313,1.2984980748306,-0.550745042911991,1.38291173624544,0.572930567627637,0.206756084862465,-0.156160033912553,0.123524818294856,-0.0376788617067487,-0.624766450679057,-0.110138584910259,-0.456319710930457,0.119007502230062,0.0407731324203863,0.165208637958117,0.29037700953899,-0.815793643832288,-0.558706721951262,-0.47692481594752,-0.470404180679249,-0.653258112635439,-0.472844212726071,0.363693984610779,0.48834013628356,0.591272742234549,0.913550735019308,0.861115900029176,0.767451364784813,0.241544579870729,0.472078919647698,0.0708125038104659,-0.589443381466624,0.520012137852106,-0.989508977938827,-1.1435274307444,-2.20780142183659,0.00811018788025708,0.621009505105209,0.297903210777598,-0.965496590882987,0.330132891291553,0.672769203922864,0.605086938921217,-0.455069281432457,0.130958936550147,0.286116828324707,-0.10279354677418,-0.552379994632895,0.20694375915627,-0.358714905022296,-0.269326529692947,-0.0270120193916255,0.385906676816875,0.874987953075892,-0.147285793601698,0.00661931882336135,1.22885048362242,-1.2496911393923,0.269950401944157,-0.330232339326565,-0.747116526874367,-0.576292479602607,0.273900240727309,0.130553928987263,0.257421551252063,-0.84698512209194,0.84581285231699,0.250995306301407,-0.478361005402302,0.142439311423623,-0.181221760892928,0.477735130342693,-0.741319578105316,0.188187317049219,-0.581052905412329,-1.62407972026758,-0.449067737481137,-0.58813889758225,-0.161628982764464,0.55566344219275,0.101953641996867,-0.0791232623102534,0.0934421487578897,0.48446043908347,-2.32908722122159,-0.807355761541808,-0.751232784072198,-1.53866252512588,0.964639618175032,1.510993987261,0.171106695942213,1.20174596268335,0.294887671639738,-0.155321194175518,-0.115571971232319,-0.95550844872056,-0.173723706995512,-0.212104652793076,0.143892525460439,-0.188551796835492,-0.843657052875439,0.09537466663112,-1.3300646681336,-0.812287199742453,-1.44853461230406,-0.175804379433271,-0.0735868904193543,-0.616101220283671,0.609448926517246,-0.600915943424104,1.11487005367556
0.358926396587391,-0.361260978204987,1.53415171711253,1.3280862526088,-0.221963182186235,-1.39006953360921,-0.274459371336411,0.705049288558399,-0.573413092975425,-0.371906638011352,0.578647151564726,-0.620141963448515,0.697478122200663,1.47770836103285,1.31594230827033,-1.00536294849923,0.0569464995693829,0.559191088769465,0.17756782515508,0.712573987092022,0.168310083568887,-1.18936902339635,-0.657676588654472,-1.25137904809854,-0.999201476916871,0.262993679484005,-0.0121295453731756,-1.22771795872135,-1.70469252698551,-0.128049156666963,-0.123490018462771,-0.628410008095488,0.0118951434620206,1.1727443402808,-0.553608502334952,-1.1158766864039,-1.37527487910479,-1.35661813327199,-0.604388024880754,-0.653788298110268,-0.44177948335293,-1.57796235893395,-1.30676409664765,-1.4908437076974,-0.393014990519559,-1.72342003919821,0.571922889524734,0.135920387334062,0.642891263367441,0.245315769319763,0.0204224758730007,-0.830336280944417,-0.151750176349126,-0.300029923535997,-1.02825547922744,0.514640007304064,0.397260581210606,-0.994372849934372,-0.619838253963804,0.352551454747402,-0.208056253123827,0.626023753994991,0.0636714586871303,-0.547025108816623,-0.405816105161435,-0.974891957799841,-0.182688374183522,0.27435660970239,-0.672092475844447,0.184494776479368,0.00426289541738069,0.913726777204762,0.100137451602775,-1.1844943878935,-1.55987308263482,0.433164425759248,-0.192781668175363,0.902846286881832,0.315984042399348,0.278237179501143,-0.0802117425045105,0.208491336191095,0.658503469603212,0.406872663034184,0.321222272643856,0.0930590549813946,0.343530663026753,-0.0324893794416976,0.165990669161537,-0.124377556317337,0.742224732916995,1.49611185739697,0.546460274376983,0.111247181568981,1.26737685194366,0.304891515841192,0.233510017166394,0.72755477872175,0.0913167104824582,-0.474705766774195,-0.201893936689426,-0.653257213194548,-0.306408607097462,0.540411752320374,1.01851762400044,0.505781081374646,0.405749565328848,0.333131428781216,-1.10391892404845,-0.212797829859463,-2.10069566133851,-0.306379400215633,0.459000592938926,0.0408841182078906,-0.0163021371566853,0.288596714731413,-0.548304787260692,0.607619911401894,-0.275414658468656,-0.464787108450299,0.734975312948651,0.323995821625091,-0.101647904837289,-0.390919282505493,-1.02361523165389,-0.528969850559272,-0.189326756958248,-0.338261088729484,0.0833847151311345,0.101816371968997,-0.256336976367134,-1.07139076929687,0.763142968643071,-0.285328596399298,0.311496511980442,-0.624849465653258,-1.14280408429558,-0.543787507580002,0.960459753491602,0.0528119226085432,-0.574916406734942,-0.366853031560419,0.145762786889108,0.0146125193843218,-0.0649300324494854,0.132394181317433,1.05516101963991,-0.386441314216884,-0.601091092004234,0.0226093147142985,-0.21512342647735,0.232480462572606,-0.393186451495132,-0.690035894742891,0.146021817112272,0.0284647333952232,0.868609653881254,0.804281420118468,1.18492858977873,-1.94580000246007,-2.69729094282904,-0.133549857465259,-1.31792048579278,-0.621875040306495,0.95073605154986,0.863049710539006,-0.83262304604222,-2.7449898591979,0.0567049220156552,-0.27283997981818,0.425500092826292,0.116350024273169,0.642773681169858,-0.350840991334761,0.0454507909289597,-0.569463176946466,0.759983956694512,-0.478127701220603,-0.60927511222771,-1.74798400483028,-0.925467109112522,0.561159993001393,0.750347690952971,0.583958599631486,1.32339093058541,1.14693425173545
1.1430168853238,0.752185084408067,0.91990197239454,0.662954657494057,-0.610980252083499,1.84726252681586,-0.65227791504233,0.494290895718184,0.305064085384257,-0.689571689212375,0.462411605732448,-0.0262343744424592,-1.09482330883434,-0.67846197881376,-0.325187860138258,1.2214412492936,1.54621307338684,1.82734266123996,0.175146702894401,0.274540642838517,0.442273579626506,0.0937393599082737,0.85256262623889,0.824620015975822,1.47461455783844,0.142436606739567,1.15927206131432,-0.101244320521649,-0.818424489734391,-0.360759659372647,-0.513806001805749,0.0566509381735804,0.307568740168444,0.478125504007449,1.34255447711687,1.17869707086784,-0.56908714173565,-0.636906304957693,-0.756710893915045,-0.930520961897909,-0.219140132651139,0.699771281021496,-2.27023379515513,-0.494973762054749,-0.878512241237899,-1.14138525607081,0.356312682164852,-0.683140954894214,-1.03699531880539,0.0274621882078209,0.268696256259216,0.226030920638728,-0.755417786586362,-1.11980980398966,-0.276793921843,-0.351702265619144,-0.351122076989447,0.334532651974407,-0.434724139120107,0.221147438679199,0.163868179951089,0.521972260343871,-0.964690503461353,0.353880265810379,-0.954050462205531,-0.158345139693849,0.229143833884961,-0.715585421021338,-0.663910582735567,-0.99921407825104,0.293643168866566,0.737203947254356,-0.899022402714553,-0.515126456872857,-0.716498381934024,0.33009082461745,0.982015827678688,0.819918537578019,-0.0617471312827612,0.0636013130556284,0.387580151898752,-0.610218777817544,0.308470850819613,0.669513383142073,0.732341801005421,-0.0715122799106303,1.08556587500259,4.0337664339974e-05,0.226291254084599,-0.535356040485449,0.481199438299876,-0.28120873589705,0.509570190043034,-0.038796012949167,0.587722766700303,-0.187979323485436,-0.709571163128527,-0.0677282609683874,0.415004284432392,0.311529821879884,-1.25899287449619,0.30963164683503,0.495899895901625,-0.706580917107478,-0.25378735305014,0.342170691802134,0.602481472042855,0.883509622757004,-2.71670359469497,-0.0823055459186572,0.0355015611588511,-0.186753118178871,-0.201718269341961,0.930370938099177,-0.0533118886308597,-0.504745129525061,0.996433507162162,-0.26373340155863,0.00575605150006811,-0.225231284616594,-0.343983028415655,-0.491610300010503,-0.139066832652696,-0.606463441334748,0.148422444968866,0.395364466411214,-0.693471294312674,0.381041073660643,-1.54816132487729,-0.46041933155201,-0.165998431722648,1.55882399524609,0.197649196170578,-0.228255822732625,0.0674141993444261,-0.348526187873207,-0.277470270992951,-0.132375301174722,0.0494686415681843,0.282736907374779,0.0624322413302403,0.352970914569663,0.176097782080903,-0.496409459104433,0.215386663371205,-0.410455805490874,-0.00970483282383377,-0.68587656280213,0.481065129236945,-0.142733786689635,0.0203662039568284,0.144002341162737,0.704091421485521,-0.196901905307397,0.520174418566323,0.985649220895336,0.972807770192489,0.801648011152583,-0.263612993059342,-1.82126448361531,-2.07916705172448,-1.04433936321192,-0.380114304448447,-0.662868202822945,1.3644388545555,0.0420445527773338,1.71263113753271,0.242715728097459,-1.49435507474736,-0.438515144028483,0.279741714179587,0.614285322925889,-1.03648772746551,-0.895619186134945,0.721074500408725,-0.0657984513882746,-0.57358649347991,-0.259904636175376,-1.01790072284732,-1.01602055260502,-0.834584454997477,1.07725951709677,-0.429475070945053,0.601378131988016,-0.56833894259129,-0.23281140430353
0.132745823189107,1.88566624292923,0.243739057063482,0.956188958331491,0.242032347874278,0.399143072353734,0.968747212548867,2.12819755222345,1.69800152774942,0.480110472548013,2.96282857505978,1.63931836188427,1.65659744010218,-1.16068752716107,1.66105650980459,0.762583002967079,-0.69035486497609,-0.783073070684985,0.456379746949059,1.79612795966073,-1.47588841336085,-0.67261328856126,-0.175874509833805,1.07113450126451,1.2843277732219,1.55660051552369,0.126100199968605,2.08122710048797,-0.0906186270044699,2.87964371040355,0.871993735148607,-0.0431341788783965,-0.164672807424585,0.578556711668579,0.95715374475728,0.922426595506444,-1.2595105049637,-0.894691715747163,0.00774615821841885,-0.393198045937019,-0.437885963641752,0.112107653279182,0.458212593037599,-0.343546193883017,-0.6198266659234,1.42809910653755,-0.0653636824480621,-0.677137328531418,0.141681394312237,-1.21456274654682,-2.30017163640773,-1.60362328064007,-1.71860918830297,-0.754235257874001,-0.185442529223962,-0.0490635188512611,-0.407360400856982,0.987732350058726,-0.534684154530166,0.205199538380195,0.0619915177163113,-0.106898985558948,-0.0783159373208058,0.10558761902644,2.04781325276714,1.10017721248905,-0.503494816619083,0.516715376917324,0.256674449929959,-1.41584670582271,0.00823044252428579,0.307883867642932,0.515537604830728,-0.103014591705977,-1.55622535454757,0.58025677806121,0.666501534777604,-0.354401124086287,-2.04317291887882,-0.534368940713368,-0.669102025632952,0.488234371331148,1.88814802025923,1.07426195378202,0.879609384161177,-0.411453996276233,1.5645864131783,0.695765477589515,-0.418769956522072,0.9084990707668,-0.143913031479194,-0.0383550930050118,1.63337098179628,1.69771345783999,0.14855543711389,0.0102220752119863,-1.63227650913538,0.26050236075421,0.619352063960271,0.300843486664961,0.527423386561666,0.260558330838545,0.397257496464934,0.261462153570634,0.452452261278078,-0.293950210900976,0.051993075964302,0.571070246204868,-0.0543811921466808,-1.02816345028391,0.462708540961431,0.743541663197123,0.231591069749755,-1.08828799748026,0.402772331449244,0.610606024353171,0.94409118293598,-0.114254002098065,0.773460440309838,-0.8432419154251,1.12550405076227,-1.08065814318935,-0.343151820402563,1.00355276512802,0.572161319459856,-0.317086482888636,-0.330626410173346,0.660424537885177,-0.21113159348203,-0.599501895200084,-0.866992906358192,0.393653239335935,-1.78023097313926,-1.11895870452791,-0.975627091860465,0.579471682980589,-0.129112745727223,-0.28530207858947,-0.196255638140802,-0.199243318315174,0.546371866027225,-0.929874576970609,-0.258164113350828,-0.265486730223319,0.117979228356848,0.477199605918268,-0.107258706759503,-0.0766915189571966,0.241118526455367,0.878074285976562,-0.201002291103142,0.0607720425090783,-1.26902146211931,-0.488764762731574,-0.913193881564527,-0.672636395951401,-0.140124295766562,-0.429105342520351,0.630187973764733,-1.48408590333559,0.687250500001864,-1.19597255370923,-0.474874895055421,0.327343489811804,0.0948766965476828,-0.39794541390476,1.77054210225178,-1.35297354873885,-0.942081930326562,-0.604367203317761,-0.817488358221465,0.158609604754674,-1.29558516044964,0.394488485588068,-0.26829902082919,-0.538935887025343,-0.212373484223523,-0.289712932956565,-0.80361675390488,-0.106330497233279,-0.795987874991263,1.7541375645445,-1.05384235938939,-1.07244158335201,0.688989424654793,1.02748588754113
0.0463440332942468,1.2247003681941,1.39728387719989,0.819474406729136,2.03120661943801,0.916634253001978,0.625991027978186,1.38263622648693,1.4094737307235,0.712768323399135,1.43801972475811,0.46762402362745,0.49119469910777,0.293676502001635,-0.69816822545869,2.20096411908498,1.94038331710102,-1.55906257803822,0.596454375029158,0.748194324416899,-0.859756633446209,0.037353700412679,-0.394606597885451,1.24357078128964,0.339898250871422,-0.573643985528358,0.490071328746644,1.21379701247939,1.80630082397182,-0.793769967040692,-0.843363143151492,2.18451951500005,1.02809219145537,0.706848019410227,0.164617396486526,0.52520894243818,-0.687941010756289,0.163054338300214,-1.29426365058352,-0.251198966040189,-2.42303129154639,-2.53898582255285,-2.16402853327419,-2.18258724193336,-2.27777853481334,0.669140154579872,-1.17590745839146,-2.44281807125769,1.57500676650661,1.68132351967086,1.16910505196441,-0.684284923859871,-1.47181817095175,-1.93500213327712,0.399854487923025,0.472441696273169,0.778121883079717,-0.674302124268783,-0.0111595371753141,0.627407649989536,-0.385145660775761,-0.188503677577582,-0.55722289305156,0.300987830116942,-0.22749851264673,0.634420231656695,-0.292664901625019,0.557251134376198,-0.965576899890398,0.00158298122724738,-0.696653995840369,1.11915907641492,-0.0904307056205374,-0.253187069535307,-0.586765779014157,0.178787974295567,0.733137793924976,0.806780202642295,0.0836293634092823,-0.300612238471456,0.593136053812438,-0.943072911210876,1.12595445371797,0.742869138349384,0.080091944489959,0.457731508720309,-0.207801501445201,-0.542563493629503,0.0673927070723961,0.172423990639189,0.770024428016108,1.30266982802544,-0.347604547845731,-0.468165788727823,0.455971121272494,-0.136590227885325,-0.38410415934519,-1.07381752620994,1.09540199911506,0.0981154825134457,-0.967111909895189,0.0728246264383761,0.32039412675824,0.622532274063047,0.793157969517869,0.760357159671568,1.00633866282224,1.01299886261785,0.365763663033302,-0.761837981055358,-0.00115933911149798,0.196190789904229,0.049408262769135,-0.0701893604164682,-0.0933711661092138,0.419574139180039,-0.141768585929799,0.0878695875173725,0.865712767949012,-0.160702334989218,0.396165030593089,0.883140571693875,-0.488794979653818,-0.11047691667497,-0.729686475730427,0.208319549413675,0.126587298772776,0.534070551637154,0.212440488334196,0.465432266436662,0.0295208188620836,0.905010811299101,-1.51805553531593,-0.520309897044935,0.298772682125754,0.260646185749502,0.810765323694875,0.236399025047432,1.36537146628107,-0.557293804359696,-0.10410630883125,1.11020705917735,-0.141161225726323,0.121516437189785,0.195491200697277,-0.404921441214272,0.0326493660567434,-0.369835523830084,-0.646498878655716,-0.445489699199873,-0.463192274140411,0.13249836587857,-1.23448524160274,0.272828189820726,-0.772894483976321,1.06957756281534,1.82283307457498,2.06487852317918,-0.132149552296767,-0.128059151467419,0.347469321935614,0.106464865266056,-0.468579463276084,-0.613553675927507,-0.507631026665909,3.40252868113953,0.483150038443658,-0.70971045458069,0.332221644390324,0.360687913449623,0.420380652919506,-0.0779120074602581,-0.0778914760695744,-0.79542373762919,0.119776152573853,0.0699894787037127,0.0877039334006055,-1.00936192741667,-0.812390878864857,-1.02181787961589,-0.748088062997984,0.274578502359445,-0.551994805608328,0.00223365466701852,-0.527056384034145,0.410534773975754
1.00963780362833,0.715368144693125,2.00517228814594,1.38475969224765,1.55201252266463,-1.27630702821623,-0.690787322416072,-1.23462896816724,1.83089042993895,-1.39936663290271,1.19724625908347,0.0715335695867236,0.306308036436825,-0.460657887815877,0.469208713343043,-0.612794476680942,0.550309962080891,0.620646439067142,-0.860302400307116,0.589862522889514,0.0300126477436836,-0.391730282257231,1.09631604227462,-0.209740982696726,1.90808120283941,2.2977017790008,-0.22980137194719,-0.310556319212517,-0.367151594936122,-0.127037128326685,-0.911316567970258,1.6234063552858,0.0543587142857655,1.23839969070355,0.452089306102419,0.45241957157653,-1.4310358251953,-0.0717888737413721,-0.400953735387956,-0.240168132276026,-2.49218650348034,-0.222759594454206,-1.574924438072,-0.863360039791927,-1.53431114410216,-0.00625055092423024,-0.895823295887169,-1.3911434735971,1.65727472347575,0.149375544885232,-0.279509190530229,-0.198681733799129,-1.01377855719735,0.392840819798935,0.162142319464327,0.481805431399549,0.544170316774687,-0.230924775264815,1.295700207254,0.699034147612162,0.258022110499976,0.124357591674104,-0.746569795529208,0.105266227874287,0.254687358935385,-0.471001627797737,0.691350748865586,0.444777868906226,0.0892321173738453,0.0229455401488165,0.588597427432547,-0.0890796222517124,-0.424702376586869,-3.38546153723379,-1.52415524059501,-0.271820784530598,0.541239053888372,1.02917040757403,0.336182749643434,-0.0807341784550157,-0.148294128266626,-0.136751863442821,0.370696558257585,0.773906481648577,0.0528115791463149,0.147207003045522,-0.574105139321444,0.848158933090661,-0.393811093932504,-0.171760663073551,-0.458261155961174,0.499100666280484,0.263303532129383,-0.20259662072633,0.210857915471772,1.00166461340407,-0.516868029278876,-0.141094240769441,-0.666023976797635,0.327190160523968,-0.172462965414929,-0.220733649903272,-0.328893002167334,0.388844241724551,0.190017680617704,-0.265321158359391,0.681985749934899,-0.406232823172848,-2.0843870922104,-0.381869263727062,-0.188874392031435,0.251482293041507,0.895436753226864,1.22031328602306,0.572550960002707,0.142172826892977,0.0618932852765566,0.963123165866778,1.90647053682555,1.11438948340916,0.383988135200456,0.00664333502523777,-1.25488142673725,-0.357223898336141,-0.948041699873762,-1.03113036267706,-1.36078039495207,-0.601219354841016,0.304376934575068,-0.222087554126415,0.223142874943508,3.33492913936856,3.38824809640617,0.172192635349623,-0.391779927834065,-0.231930422232623,-0.491514859615457,-1.07706188332499,-0.692992391132356,-0.596151485232422,-0.477205887387638,-0.804647926561579,-0.0479741417390058,0.6608020243612,-0.805372322372275,-0.94843445455179,0.417052873026619,-0.1942051363162,-0.105491456480908,-0.56432640165878,-0.382990296116163,0.02040738581206,-0.214411687174227,-1.17103881007949,-1.52452901061589,0.70086367654702,-1.22725334462346,2.02977451069377,-0.0905907648294965,-0.740800819961824,-1.27103877107964,-1.80099779502919,-2.68687303080955,0.680162532263124,0.643679705574942,-1.34965388956594,1.50950782170737,-0.307727891453491,-0.584870506816759,-0.817239903971834,-0.380590372492317,1.32392579792552,-0.44354079958659,-0.510197802992793,-0.517070543839287,0.613644437442628,0.658915564433177,0.0887280138337268,-1.34537869684176,-1.95255358011501,-0.748128882445745,0.320535496228638,0.238394149106201,0.835732164031744,0.151817615555672,0.747419673120616
0.938281143228255,0.831582827767403,1.83540488819187,3.14390923936838,1.22751224771404,0.127518578196162,-0.412201917095914,-1.12450087803025,-1.00875526011514,0.0585608974895879,0.252927978147133,-0.388249304472948,-0.678430453429768,-0.642392477588151,-0.0620562228943281,1.00980119163022,0.985638686299513,-0.935067045924249,0.812871551203744,0.644485867368645,-0.0220137663612912,-1.28052621895434,-0.236045647249984,-0.0601983834853118,0.693973930282248,1.4226367025411,-0.255392383978218,0.323829565392692,-0.394997360570099,0.63164322995257,1.04530673453503,-0.775910890279547,1.3233288206505,1.52694243607654,0.925949425654045,-0.444609546855023,0.434299329083889,-1.16353276369598,0.33774389051097,-0.357811540229598,-0.618126678047554,-0.622621702323227,-0.0625019890675615,0.347640988570744,0.659889307838813,-0.385680553745154,-0.456022156380811,-1.97529280610052,-0.881014701286452,-0.0367222127997582,-0.680614025656314,0.244185587127265,-0.0925926385123987,-0.0340193534987724,0.456192811698715,-0.250313169532523,-0.0379989611831663,0.258339813299021,0.474599920115096,-1.0165079293557,1.20276825188859,-0.434133628158588,-1.2660118096067,-0.283550514831185,-1.53982767804067,-0.589114933158055,0.00673671367962558,-0.415059456848056,-0.703751531140278,0.186658656294771,0.191104307309065,-0.664736149284787,-1.79329161591705,-0.618037126658763,-0.621729159389087,0.276700006781023,0.548904843449439,0.372244929138486,-0.689273982185856,-0.89600591380366,-0.703234912761385,-0.456498909687255,0.27687113575551,0.568464864614221,-0.0248545003479628,0.952343187129877,2.31700793876811,0.555649449644288,-0.81066531648422,-0.530079650898117,0.154546972416213,0.255587078069676,1.1317026666649,1.55965549651202,0.398384815147656,0.117281991142871,0.286977666577629,-0.642094489562701,-0.106700323566805,0.179858974693158,0.639457511093914,-0.124896205572058,-0.0666129786068939,0.222021008697587,-0.110839231337003,-0.786714788737305,-0.132083084374547,0.120674580358471,-0.65988150567628,-0.353470475086563,-0.860928506800137,-0.562882413512678,0.143953004128806,-0.640356789422617,-0.0290680635641581,1.19754265801059,-0.562707481340447,0.427886127154515,-1.25929455410605,-0.168353304314078,-0.946707523011703,0.223404975710731,0.347183253565,-0.323577877343545,-0.536642494693429,-0.914052983062168,0.537334852686125,0.38662198336752,0.313038380918632,0.913219985263492,0.296808490786556,0.43488174813322,-0.187221288614112,0.000480159924277272,0.467232740205563,-0.0124855923395499,1.21012481615005,0.269715226836452,0.262641972321194,-0.0810178643688551,-0.338978789165085,-0.393205551754196,1.05398019308702,-0.320351854725064,0.0318025628303572,0.249040501159259,0.151474783862682,-0.895364025371467,0.984411161890535,0.202106797450848,-0.098451630858857,0.704961771407821,0.122107226430902,-0.564902030649176,-0.457252476378344,0.549129641698817,1.03702593455856,-0.188601726720755,0.985139224051561,-0.855232876398504,-1.3044028553191,-0.502082596656848,-0.722244182293303,-1.5214602565072,-0.398843039153044,2.46729806597729,0.78569750637648,-2.30710726568448,-0.284355981826677,0.19545452890285,0.484913910685398,-1.70749548952509,-0.536671935446969,-0.283222314570724,-0.627791692135772,0.0319708121331768,-0.143106560770967,0.264170846401428,0.078109983546215,-0.0735287444172429,-1.12795019169512,0.168163471624012,-0.466308828075067,-0.459825766568915,-1.04552670364849,-0.398273193431176
1.01728535973723,0.282450005259475,2.40980295416481,2.05034532344651,-0.764090526226895,0.00345537638056208,0.0743317788447603,0.395186046077804,0.225042289729783,-0.0455837483337556,0.359986504697436,-0.566064994348128,1.40285367009213,2.50955338696461,0.0844200723797283,-0.350087437710839,2.21984810929917,2.04214983058004,-0.935658721236715,0.252186489432061,1.6393690788311,0.0467652046255881,-0.576746194502362,-0.597697473827427,0.389193705765447,0.7085570747743,-0.4120835152747,0.295337999872891,1.30977484334095,0.782688544713756,1.14402644915106,-1.57127414967236,0.869969649184317,1.70606258651713,-0.85445714722848,-0.119230272097898,-0.394663078934433,-1.18266162551568,0.262029895263849,-0.110812744112653,-1.47712835486245,-1.70856655314663,-0.0206208555646293,-1.24920615732844,-2.85900700885136,2.33264013822924,0.090182943870789,1.74968131843787,0.731742516788563,0.322285281290416,-0.246737711499326,0.61207862246065,-1.41180559207183,-1.42362857049224,-0.858453915189536,-0.48743620901006,0.749458754957218,0.594301222587612,0.436263919658286,0.266690478562506,0.174973405685451,1.08353830099359,-0.616979014479711,-0.64488558500868,0.0841809170122041,0.499333299708438,-0.913921136520699,-0.669410006738067,0.413834462180279,-0.503657727168422,0.122462418493683,-0.0268697259981092,-0.456000797745385,0.13522709177457,-0.835397169779631,0.431600208219023,0.456741529116671,-0.152449189950319,-0.639208446735868,1.37166599747601,-2.16164706544415,-0.138463991417838,1.15766578971308,0.642368623736421,-0.781509354716711,1.54286373095159,0.00614221763434415,0.78041944882879,0.238761570907815,0.84770426608148,0.787793401596584,0.0557287474319354,1.06055886467033,1.22495326925992,0.256779501773311,1.36957101673793,0.316292842732296,-0.473210565603536,0.641353946699136,-1.36320545142811,0.29192447922251,-0.0820034942203792,-0.356533028627761,1.30577730407838,-0.0667508753984944,1.39753513862776,0.827632430741943,-0.88008960311491,-1.51440467954304,-0.234119351580629,0.467265621250143,1.01888225105468,-0.650355496431419,-0.073174877815936,-0.650458485861114,-0.929264071996596,0.177283464922483,0.596675013795913,0.415202785559811,-0.218025944275348,-0.226814770248445,0.616075050144041,0.00100510387680964,0.0483583336334833,-0.423568937418256,-0.232020800920739,0.193142198036308,-0.0227587400750073,-0.396744348895684,0.0888104587847721,0.212452439540914,1.64746234320034,0.100030351230956,0.379488554526332,-0.5841230698406,0.479479364093874,0.901906619985958,0.205983900077167,-0.979147866733944,0.193630007595488,0.100951287816999,0.0910356242242877,-0.218184318095037,0.457591101900792,0.11840550894448,1.36107161304981,0.551228994420769,1.13208993627844,0.537720316565804,1.28991422364157,-0.368145347468294,0.387529762036096,-0.100782971411158,-0.111317174150553,0.132059978577524,0.853238196325563,-0.68434016706219,1.23060775405317,0.52963914132784,-1.8233886933651,-1.67380179918253,0.170338871802484,-1.96368962483694,0.804931740043373,0.646159364424433,3.30155679392153,1.83263832077189,-0.87359258650231,-0.945992783090927,-2.50453802778905,-1.19594621718976,0.460074777219887,0.192681729566756,0.179722668573403,-0.233586868527925,1.74744389893583,0.825737279415246,-0.43955175537885,0.162620692273939,-1.30270240517139,-0.554587373197374,0.478286110397583,0.334926997589611,-0.310731880134723,-0.0256393931508199,0.851431805234199
-0.417483017434779,-0.234532971276937,1.43055855528806,1.47744962785378,0.192670875632127,-0.559297518329069,-0.199403266537651,1.44055608065485,0.181579012705515,-0.274136745811605,1.74093612864424,-0.35574032323691,-0.866384885342412,-1.16428127866358,0.266076611571609,1.08540358106728,-0.308703036535523,-1.22857782456796,0.853648360996271,1.42700752877534,-0.342191734978053,-0.743493465821455,1.60139156683048,0.499911937411603,0.303847752060143,-0.590250385085618,-1.11621425394923,1.11154843327178,1.7783690017237,-0.281174043205258,0.903491424127691,0.607724933494467,0.567743458025219,1.50627766942756,-0.34086110695292,0.803355094825556,-0.65904315178687,-0.174324451665247,-0.239327032462226,0.565950116680248,-2.08242460650404,0.103940259210098,-0.479761998797961,-1.38124978423187,0.415621401912237,0.665950738614405,0.539873954818726,0.418239345453994,-0.776992187639791,-0.0818570479497615,-0.149074879043113,-0.16443189582928,-0.727736528205308,0.0784251635774865,-0.574540056602849,0.0554907437684459,-0.235230739520849,-0.138381442745437,-0.202351369885861,-0.214017280353247,0.104949585733848,0.0780467631568247,-0.117943392515349,-0.275332662756522,0.752535305864943,1.40577579940842,0.112870835575392,0.323920592844246,0.605848477698073,1.28311155082282,0.351983659050591,0.865095606906061,-0.417484111690971,-1.05071403487682,0.843118943411246,-0.257332446782691,1.09330438810479,0.195129812241898,0.595020080434493,-0.319244338424236,-0.68402835348572,-0.493270861215272,-0.0341338275317715,0.300976999006566,0.356867650183718,0.441607375903551,0.823108964468777,0.531580573346379,-0.136964588232912,0.914403083870075,-0.247108266771041,0.388783702037251,1.12107328517051,0.310514880643909,0.534915503367603,-0.37347316075352,0.0729781544990233,-0.0855658575745544,0.693652183614688,0.205961325341302,0.197584008696787,-0.341485012227022,-0.0972932921852239,0.451613621872485,0.930456008102806,0.334039577679579,-0.337142838803118,-0.513013245991126,-0.36958590620113,1.06779414250743,-1.67557613651609,0.465734820350185,-0.480832236776157,-0.0827360611884115,1.04401362725824,0.547164608142721,-0.0281586248678787,0.481884549877255,0.686185127576025,0.432251849648262,0.0626288976763672,0.899750850993011,-0.452472006716349,-0.458155912809515,-0.326305642377274,-0.364060241287002,0.494523562259442,0.155241430721055,-0.0761663718165101,0.435243189485902,0.493187519050698,0.583791814783215,0.174903657025713,0.039544478866862,0.433994839719113,-0.232717800086789,-0.184980562239544,-0.528319482379592,-0.11893165597403,-0.198449563330658,-0.244072055396747,-0.207807278947115,-0.518991441105582,0.205160587716043,-0.51535033600311,1.36268226135263,0.377889260520032,-0.14091892848078,-0.178270136087832,0.390681937862567,-0.356300527658604,-0.428817217184698,0.278442320649059,-0.673674552734547,0.01109509581388,-0.34514141770205,0.0944838303642613,0.385985183731059,0.277189908958461,-0.028311748413982,-2.19264371370342,-0.249492156714024,-1.36781814521454,-1.04155084347837,-0.586137233768161,1.32382591367852,-0.0212230051904034,-0.71398326811587,0.754450802577272,-0.289485759608326,-0.171676852531264,-0.67848036245101,-0.556838288914417,-0.358909158392574,0.104042333351055,-0.995201857816787,-0.94979665750401,0.346783282574021,-1.47362913270518,-1.22842886953639,-1.56998707018707,0.139460398118257,0.272144558594305,0.430328298933898,-0.373141874708575,0.298541274128844
-0.586483843487667,-0.132234672683547,1.791645883398,-0.664062215686626,0.997941892142628,0.474618685855908,0.683597854013131,-0.449858378389491,0.133008343092883,0.456457939121479,1.09066959963449,-0.249258173944416,0.262080295747604,-0.547323269729213,1.34689536790118,-0.177347744014596,-0.813797893134673,1.9645020508741,-0.466362547688239,-0.187371092970324,1.58127729041023,0.790158471371492,-0.806071690502732,1.04704234199638,0.789011001474215,-1.32142225074497,0.615566379527437,0.592594075986864,-0.597125600206333,0.31746074370646,0.600079821068231,1.58607542390263,-1.31875319649333,-0.45942327407904,1.39399562922742,-0.227607773100747,-0.344251144764532,-0.648232075665352,-2.08510939980762,-0.476173359469851,-1.66260322349166,-1.39844910022377,-1.49809867414627,-0.0710136544513216,-0.955473259310117,0.632959770687012,-0.354133178709502,0.65222505896509,-0.435943741670621,0.378453825650886,-1.95472326941453,-0.131967931974882,-1.26284746798226,-0.015416035509867,0.0222732554195028,-0.172803805450847,-1.26356850836892,-0.133412524734343,-0.269342469866978,-1.10647339533462,-0.457935257592023,-0.341875556291054,0.432544428817196,-0.544595791206947,-0.73942201771855,0.29424474382003,-0.172615105933892,-0.168213636828158,0.0110831416716456,-0.860184117742746,1.84766357045757,-0.340938547300294,-0.290084371428816,-0.23344883946435,-0.406001267059618,0.580157001364389,0.387420429446528,1.27042706927268,-0.355263558689123,0.0885516467637189,-0.683465856677188,-0.435319534501053,1.01990500182479,0.231553869062125,-0.344491672555745,0.269742298790659,-0.733465923889388,0.621295081358817,0.0348473187020886,0.438988378820697,0.728104982675709,-0.837423532536869,-0.338028555287987,0.156257522217113,0.196026903863222,0.0922267545913086,1.01409121402948,-0.0958302307266533,-0.674413878918535,0.876770869935047,0.747052040004216,1.34072497190417,-0.533226497162158,0.764378400020234,-0.697004119125772,1.03796176558226,1.0454791788057,0.295260076703472,0.139930808109739,-1.615878800171,1.57248522278321,-1.42651564404376,-1.85322696324968,-0.519865396609156,-0.194940987602688,-0.0413699179166938,0.925100656714236,0.426173237343728,0.14898306227775,0.36381886458823,0.239518085111557,-0.709104527875756,-0.716281850587242,0.576650168816176,-0.404868038001993,-1.26046755393153,0.508557613927447,-1.26887769832638,-0.476800263906342,1.41291114138333,0.0040529088201315,-0.971573459700224,-0.483945676478478,-0.574115990680824,0.0028696858449574,-0.736107919637196,0.332954212014539,-0.725151344614919,-0.459748622934245,-1.02790400932449,-0.801469774644834,1.01827070506838,-0.694327362970689,0.0420567544646317,0.425344318386064,-1.00370809518389,-0.01239462794027,0.0835242930435623,0.355034074695898,-0.0437256602279738,0.0174910498940873,-0.718279745659549,-0.568839877695869,-0.384336993009691,0.341895092316971,0.214555322666441,0.483717975839102,0.592146984836131,-0.714426688748588,-0.645712535825509,-0.957545781902887,0.41492160958934,-1.28924052377579,-2.04394217009406,0.628792691075412,1.07368850072692,1.56170761065101,0.00519760305381846,0.442443002823109,0.203131763293658,-1.10414055012764,0.658336063652133,0.793476383652352,-0.665995363957477,1.50766599197669,-0.590793275915343,-0.35757602589349,-0.891191679924162,-1.66722031489192,-1.12820652588441,-1.29955349379658,-0.16025912634168,-0.0515175932823686,0.547985317040079,-0.37790522483158,0.311907283062569
0.624991629587877,0.360716948271324,1.33758614927562,1.17667967919969,0.744977967162837,0.836021152289181,-0.227832014950044,0.87482899114565,-0.299430748021453,2.08991764427976,-0.256578872878045,0.52396171581903,-0.564997385803034,-1.01253043142314,0.151266337729989,0.0929511136502346,0.0221175857829902,-0.789111103223471,-1.37122804661847,-0.941393520883141,0.124628165834792,-0.18442066342665,0.609260022862156,-0.155549615563096,-0.75755032160505,-0.162312471322973,1.58990419843049,0.311317767426387,-0.430761750604395,0.220524536306154,-1.19854855587984,-0.27637393047242,-0.210542348365434,-1.30717784932493,-1.1494745933069,1.220086998546,0.469520887062991,-0.96435946508848,-0.602749308439076,-1.88731832557442,-0.761649705435941,0.326905666748156,-0.910412041050136,-2.08893801433956,0.00997479158202985,-1.55633207646799,-1.52732635530153,-0.406713218867911,-0.347598606691929,-1.34679997271844,-3.01786111412454,-0.40114849523949,0.195814904095133,1.33954092896934,-1.57053457565998,0.30976712315746,0.0325279392599766,-1.74589179212819,-0.376371210214593,-0.166785637070743,0.176569262795802,1.24294885307732,0.323766770911448,1.10280600189387,0.912216972497892,0.840699771455121,0.487098811628748,-0.0949464895221356,-0.206689250374993,-0.21642182428287,-0.22040368906149,0.559629846398175,-1.65708794514242,-1.77899977429938,-1.77404788424051,0.986722818123917,1.3540566417641,1.05891514484778,0.737876192949438,0.25898279673813,-0.298145194980698,0.236554169252455,0.640545095565526,0.462070120442859,0.690887966867361,-0.404170750954174,0.0357411162257626,1.83573248922437,-0.798654472923752,-0.399681768750152,0.661507159854405,1.19282528301242,1.10410886742512,0.568305940524252,0.377685766059641,1.12280011666048,-0.50871547823416,0.584570278319222,0.286072861344387,0.548287447993673,-0.209593836440304,0.145312568375756,-0.498254337242441,-0.206433464103686,0.265094792373879,0.681511629134077,-0.305639077309913,0.627233353999066,-0.95410845145906,0.165200057857858,-1.69955405791626,0.213273552197013,-0.818977413314507,-0.0504998637658173,0.187015251433879,0.639990569715583,0.265757688004353,0.142950642016007,-0.286967506807254,-0.228147756233222,0.769569669599864,0.748198756927987,-0.406872375483048,-0.184499639874964,-0.203836444223284,-0.0155620121809988,-0.0615795156696183,0.0107677421436442,0.119328387052248,0.731037673937252,0.506804918317946,-1.60304674183106,1.29488700367535,0.432142486829299,-0.465158636811558,-0.490347992538487,0.537222227349722,0.17454967492415,-0.3049093697268,0.652321909422173,-0.260345544106485,-0.00549905658589211,-1.24720810776996,0.888699414019609,-0.0748554502525656,0.304707598466852,0.749395373259449,0.503852977225663,1.16184769076167,-0.398261845905931,-0.449900389607765,0.148117745671574,0.208712225575128,-0.441096410484144,-0.00261285144991559,-0.543446894280338,0.17835424768577,-0.963711227420319,-0.249159016215782,-3.37123852396302,-2.00603656620847,-1.73781325900467,0.317395574868638,2.69714873567659,0.214818517477826,4.886938400082,-0.0669057437937072,-1.26498701724313,-0.286793557719618,-1.74554926374354,-0.349436219417716,-0.581342936754893,-0.816982163767938,0.71957167984275,0.2269748607243,0.680783263945431,0.399007869879496,-1.61172197429493,-1.94751941621542,-0.927563661592883,-0.113560076388543,0.748983219467288,-1.0323802959343,-2.31308889976898,-1.92114634322194,1.08517193812206
-0.428764656512239,1.46640761784603,1.23035311686173,-0.442431012118594,0.227904104725617,-0.411211583930224,0.581492589119754,0.530809249044372,0.788357993970264,1.46275706811687,0.671763193399254,0.736646869583731,1.21276854920094,0.620602276693138,0.295933878838263,0.811882028329471,1.73950662691727,0.85816293221857,-0.0601240262640383,1.91138085878529,0.987106986524238,0.760437971611223,0.751719527627305,-0.510569384864262,1.34754097430356,-1.06577154452768,0.0978727110735263,-0.860270141348083,1.08704980617561,0.950358154175423,1.03158084700588,-0.492758944277322,0.0166147909961394,1.58507687412608,0.932380485113822,0.841474979754714,0.218967160145918,-1.04283048992707,-1.50910118216075,-1.65384034282572,-2.39261191168031,-2.43470623768149,-0.675969123622662,-1.41573454126662,-1.57761896252745,0.832873938123779,0.324685285511297,1.28774096311632,2.21577076161149,1.08063737742339,-2.31097333817982,-0.533744368713235,-1.32698367817376,-1.74501559909177,1.6014676216052,-0.692814200812266,0.599266450206338,-0.164015449029786,0.68019062713594,-0.52791612778368,-0.0263618763628079,-0.8997026454547,-0.105066701094781,0.512762966572746,-0.348203949210263,0.765516928491828,-0.0798137104715705,0.0900956355232896,-0.416102385786854,-0.399199728240765,-0.722757951094382,-0.0476399364902363,-0.327440041903404,-1.69534001677628,-1.53917127350615,-0.549293305089288,0.576447056058703,0.914288876894777,-0.465772266837932,-0.33936537735802,0.571306901714671,0.689528698111754,0.131886846828372,1.00711338415732,0.0318851667095251,0.299364076047784,0.761154506349209,0.529947272957741,-0.0040880675190269,-0.498731829807082,0.633849471279999,1.21200172475095,0.464043760574194,-0.218917625974437,0.798000136385103,0.3963975629184,0.0925778329418224,-1.09381712946134,0.35600585608398,0.696587466032397,0.39755769153614,-0.397736216486431,0.286249604813436,-0.111068789365945,0.433950173405121,0.475147532004517,0.604360232061275,0.270321903040488,-1.28755811336245,-0.365454443982239,0.281640340176675,-1.40855353853534,0.748527871246446,-0.0207608742310011,0.579243769957282,0.240941327810764,0.217737810118494,-0.418148968737651,-0.138554292151594,-0.460158899229465,-1.02390742322213,-0.527479053868336,-0.280269123936929,0.568838287913203,-0.860310237852987,0.559856735569527,0.229374036842425,0.51490207624208,-0.805847970990808,0.940866253431982,0.237772983036866,-1.34739700357211,1.0477288387796,-0.413570832012233,-0.272065849580258,0.0396425500057827,-0.484825037948513,0.278262170072406,-1.19968845602707,-0.580200606522654,0.119357128009022,-0.206253335915444,-0.13470731649369,-0.0369845992998341,0.0928439417405043,0.5969224203737,1.56429332422908,0.224686259654864,-0.550889302040882,0.116265274184491,-0.176172150633872,0.378184364820356,0.0425163561491118,-0.617063382444009,0.127267115690204,0.813562849171319,0.241311820963778,0.708116204757644,0.0707746295119238,-0.686477292219767,-0.897485160562916,-1.8829880366924,-1.9363391373824,0.830162929285572,1.08864446397634,-0.306245356576236,2.57107903036782,-0.990826624373965,-0.546092253743956,0.226899962883647,-0.173818223836504,-0.198324032572123,0.552754456874187,-0.187507788840782,-0.26559007136174,-0.674006595584188,-0.499704687985453,-0.823336082937286,-1.02975318269004,-0.497188624936784,-0.60888974353499,0.316605667624828,0.309866135403144,0.781525883519538,-0.717344519800416,0.0050401335390152
1.07413514778323,0.587966303952849,0.849815538898079,1.30289242327794,-1.41786798247493,0.858179086290536,-0.48011624019932,1.37677046892223,-1.0873905220078,-0.803342305712285,-0.574026061057402,1.06464552554382,0.229178967747575,-0.0440101039417114,-0.681837670705988,1.48901303436911,1.74453404972682,0.842528648832316,0.72665211236525,1.63837754254834,-0.0762459457550454,2.08537650756447,-0.665694119765475,1.327850702165,1.21491683732668,0.475165869223114,1.07621553065617,-0.142244782769939,-0.116278278791714,1.9192343794908,-0.09556518146267,-0.927050231338778,-0.61270436209112,0.965053942389333,1.04672965883914,0.659288133858626,-1.55392501261791,-1.96661552306735,-0.498592929824721,-1.87984343153584,-1.50879125868014,-1.35908754959095,-0.966868374952129,0.566990860833528,0.853494710206135,-0.573867644969119,-1.74519422812889,-1.54367759690475,0.854724009635771,-0.453971114910558,-2.25424490029551,-0.660158807744825,0.472899363775058,-0.85715238462076,0.674632659303783,0.383750964595319,0.0127093488254799,0.176546868137058,-0.108825258261874,-0.589488074069961,0.912483308408415,0.209832281022519,-1.08047211404866,0.600929155538909,-0.369763365396761,1.07375106222241,0.766042602840023,0.887392018498943,0.864629236855367,1.72360439178966,-1.23263325549777,0.610453345198191,-0.479479541593156,0.149805435533304,-0.7993250672723,-0.388461647611143,-0.321637672532283,0.743670873911584,0.109177916093813,-0.34422243181777,0.559183786470085,-1.30331112374603,0.104548966404006,0.177326969546575,0.984094660474115,1.30431090823181,-0.0940180251341565,-0.580370958979671,-0.913581775806206,0.352321614342792,0.320103358390117,0.355774354711461,0.371583647280577,0.678307538512024,-0.178312240014494,-0.0332193248614664,0.271955111791777,-0.605709261523578,0.680874580178744,-0.661553253224242,-0.0506179185083489,-0.015191208102082,-0.413095301442009,0.378031190582482,0.529964918275142,0.0195566782507382,0.378611676205991,-0.102239729855632,-1.46283556412996,1.23513592442809,-1.38131293360051,-0.550638383788416,0.524183368071684,0.25011985205775,0.673898374142776,0.551326127159708,0.0915314257264815,-0.933069898594486,-1.05430214036087,0.649238662477638,0.580713071923535,0.0557138884508505,-0.0376912154129205,0.457710610965032,0.440376662400056,-0.691665891504691,-0.149191095858992,0.0729129966149986,0.0338414181573042,1.07091819396468,1.05933096229683,1.32778178194939,0.845445945329787,0.296072982482043,0.104256930737777,0.740101920767022,0.0783637897525919,-0.758509832281134,-0.199344235041745,-0.293384571851169,0.742137499174018,1.03334948880665,-0.681363886227078,0.544425102836708,0.0158338834383171,-1.24369820567574,-1.21695820810521,0.759419989765554,-0.406206922322014,0.555733851220314,0.831313747832992,-0.764761123939924,0.888849918936192,0.299060165141037,-0.0427910523075819,-0.264008932296631,-0.671307717091581,0.866827927987945,-0.0957079694022564,-2.21524981105391,-0.497641257525392,-0.850034535981153,-2.35941242010358,-0.231477461517318,1.40932117860155,-0.421960714891013,-0.996109869202836,-1.85688719440471,-0.27961191403857,-0.895656298342351,-0.338929393092848,0.043525927968647,-0.946646796775405,-0.900521882724715,1.02806854874151,-0.205305179430094,0.590801193452726,-1.10700852844703,-0.940453099194867,-0.777694125020465,-0.35274365295593,-0.11463523981855,0.342801444574407,0.335255070901269,-0.942742678270053,0.285528635399676
-0.0261444156954941,0.557142353267172,2.58791720050781,-0.351663621974898,-0.19076972651181,-0.350718576096932,0.793990433101875,-0.0453044932295847,-0.872903020768347,0.409066942298923,1.0868185744846,-0.399782005305018,-1.60999013450731,-1.07509660955633,0.929102857414071,1.37353394715354,0.954072457111512,0.458313342542321,0.974966870394715,0.582030341590466,1.60991560915217,-1.6591321834999,-0.158053303093546,-0.654123611519539,-0.69318663935808,-0.89984699828913,-0.952642553223515,0.128022582453345,-1.51403476949991,0.556929673766386,0.240587538081687,0.311625759814779,-0.76152743821697,0.465910648633113,-0.168935935268873,-0.493765612265718,0.0263703491933717,-0.575734929948276,0.00206098841496928,0.388685549855453,-1.24603149895883,-0.459904916118295,-1.1782443225908,-1.7991349141139,-1.62810571584074,0.318378542934498,-1.64062442108101,0.464720913230263,-0.267117382538876,1.57317004970443,0.297305030933681,-1.98816798195845,-0.899743397583167,-0.325750902219513,-1.02565295923611,0.298143760835791,0.710125913784528,-0.150453164947244,0.333135514672029,0.262174835538414,-0.626719950833369,-1.05343642362067,0.0516067771882422,0.596825906673114,0.181249812040868,-0.548165275334175,-0.116462074917407,-1.0673133583444,0.068219634617707,1.86183492716076,0.821854469352484,-0.319566906863211,-1.6896638703532,-0.830475387812729,-2.28406363927824,-0.7148332193061,0.940270708645024,0.968719638802093,-0.581874647416572,0.251986573051854,0.998134007795716,0.593082614466494,1.09733558979567,0.300031848416539,0.70583052758302,1.72254183915876,0.419635963425462,1.12311929831467,0.142722661631099,-0.0970604686974382,0.339971451615196,1.38878173514325,0.240572437677572,0.491439576147287,1.08832818722053,1.0267630238637,0.0800272556638752,-0.0841744241579519,0.313984332551778,-0.762330888587088,-0.942600463324956,-0.387474781989718,-0.229566729228262,0.804490910316786,0.522822611067531,-0.684724230019397,0.596683404313137,0.376109748256575,-0.729348976869571,-0.822027678188676,2.18241706877501,-0.496433265638014,-1.07717051019686,-1.00569155599592,-0.41538389660709,-0.344473654994456,-1.66413240484124,-0.87331393633917,-0.0799148961732895,-0.536172049840262,0.898543218904219,0.00502740311710175,-0.537369509773969,0.346023060156872,-0.371773884856995,-0.546453473201654,-1.3411784979502,-0.96492268519878,-0.103525996190494,0.248518734480958,0.258761089746918,-1.73943251752558,0.759702338913578,-0.983654337523716,0.410654151480927,0.255189533145708,-0.213215955249783,0.465651077464891,0.37026957915091,0.309034519629811,0.260588340260692,-0.0148554857764028,0.231889099399692,-0.413060207686988,0.299020585592762,-0.562224380680667,0.321138748887653,-0.863667275101598,0.432838315042502,0.380881730202082,-0.414317534272961,-0.213601479192437,-0.674817318324478,0.303471203198711,0.16089987128805,-0.289290128879161,0.470401071050202,0.677017984761976,0.529241741520744,-1.83289763562186,-0.888852779305452,-1.04353749245852,-1.90317391061159,1.11536680632838,1.9748943078043,0.170327522441371,0.924869577159222,-0.105489339681014,-0.336970622070279,0.278400117698977,0.38504088238189,1.18441190443076,0.348955544246715,-0.241886044530203,-0.686790671243643,-1.31203190812492,-0.507447043885354,0.969359876350247,-1.26648615109784,-0.69418320864997,-0.696699578065214,0.3052815919792,-0.730930854060093,-0.664660461958005,-0.427454070973616,0.410453450390524
0.843781569054364,1.0848808791308,2.13531695913845,2.37294872465676,0.853778443251696,-1.4826564784955,0.202096641025488,-0.88693627979578,0.74537067223088,0.976142621989783,2.12411547003847,-1.43447620803852,0.259180959505284,1.10910154200865,-0.705110317627955,1.56006560916307,0.791488226414847,1.73446834575572,1.02449115540368,-1.61149543345886,-0.335037660713911,-0.861902949312101,0.266129791395667,-1.18097824884131,0.278836725189263,1.36323853554378,1.11841169090161,-0.24002714680442,1.68090826325998,1.42615772509745,0.159031281260485,-0.443685875053233,0.636112262787277,-0.50626337038784,0.938955123893566,0.615128013584475,-0.647909821417635,-1.8015847812687,-1.11467553689004,0.231782093653374,-1.25908280003722,-0.675765109527308,0.310337969752599,0.747908420607374,-1.12269193132853,-1.10028215402108,1.2836094882754,-0.501516883582501,1.38742946934495,1.07624996454206,1.85913964408679,-0.258194318991967,-0.803415038251107,-2.08398295136541,0.342486035951137,-0.213853603001447,-0.352783217603825,-0.0997769553722034,1.87089554093501,0.318070841575683,0.0710561668076996,1.29072411169859,-0.919938731333676,-0.330811401723944,-0.388360024844161,0.00666666245343382,0.415090303242633,-0.774903864527285,-0.126321876447313,-0.132129797048383,-0.398160495712186,-0.327673665086966,0.563184219665434,-0.170541915200533,-0.599517643986502,0.165628386233828,0.451284699691014,0.947756735232839,0.288069187114927,-0.226869453114139,-1.25287546425646,-0.782283847622765,0.0567814451523254,0.416745832391147,0.12238249524873,1.57344618437222,-0.0499423833048541,-0.287285866444678,0.0498401582225637,0.254041580224092,0.20890863494807,-0.32987494368877,1.131051323753,0.267716695686414,-0.408720078183298,0.901678316533574,0.10840667139741,-0.342363030181039,0.564416545631982,0.656042423844471,0.70674148147837,0.62279441610673,-0.251530218515326,0.581011776235094,1.03615953085212,-0.0284772848933292,0.785096084099659,0.222912620949914,-0.43580140656804,0.486431207630584,1.23890381193591,1.12859614583925,0.0857823836191895,0.592136176576475,0.58803923879801,1.01417070794744,0.268305919575872,0.257410398304882,0.225464977051648,0.296175219690151,-1.33636046491303,0.00728308538972977,0.174802861929272,0.220784311665588,-1.36866376205717,-0.609714306318831,-0.346110532893807,0.529227939356679,0.603689435150466,-0.755667687852555,0.180740325904375,0.592002363812466,0.307259631934124,0.392071212755326,-0.548934594175815,0.958876062300427,0.09450995927763,-0.058686193421674,0.609715008373194,-0.372655977513659,-0.234964787962687,0.114729607489514,-0.195893637995825,0.0889150640310763,0.664611409672679,-0.625325655127587,0.555714453443667,0.7337925815269,-0.391962831323922,-0.672556522811273,-1.17053657842672,-0.151468684595899,-0.388682532188142,0.326533771453399,-0.0949318453370879,-1.13106643179303,-0.397637351161266,0.599225315109949,1.61464381309385,-0.616738611279247,-1.88049518076768,-1.07982101297872,-0.55991644506736,2.26828884371242,-0.0227145190677797,-0.0241295811201706,1.3909433160717,-1.70817997499931,-1.08127198356512,-0.12837801537786,-1.33218415374222,-0.00230529259054982,-0.831420076019124,0.346868109268604,-0.18306120470218,-0.147866744947912,-0.648625353744016,-1.40427187741679,-0.855394938562128,-0.588846906703259,-0.267100625117734,-0.632367349069739,-0.213057607041007,0.299660141490524,-0.165699165192178,0.309545228369234
0.409673423209972,0.246021471945764,1.43994362011436,1.35719547726775,0.169009543200096,-0.276713533618853,-1.28741470612913,1.8117673707032,-0.326944270794035,2.02881468486799,-1.1739439749024,0.693392306286595,1.86318128424682,1.20412618556863,0.605615954221355,0.0733126768583584,1.04143809897221,0.368807231633237,0.0603482522010542,1.15995956167525,0.494689416039081,2.02014689774111,-0.549764695296326,2.22248447198614,0.339489669948122,-0.307510865083054,0.0708207991334618,0.806613438143477,-0.130433174401397,-1.01729361878465,1.41324879600823,0.0692087682936903,-0.994367778309165,-0.691474970931809,0.45768904590199,-0.767671387321786,-1.5384432145076,-1.89571092611602,-0.855671584968917,-1.26831853498242,-0.164441409293682,0.44617837436933,0.532230344478422,-0.265706748308699,-2.24387333172966,-1.33277405165367,-0.0576033343771528,-1.01937459091812,-1.34929261191036,-1.52224118991445,-1.43388412889553,-2.18944734146659,-0.815653231390642,-0.0618416192032039,0.452162770607557,-0.613547323112943,0.618740989210699,0.597474795312637,0.358998259001839,-1.0430036608677,0.829236521931908,-0.507839714969508,0.0042352331504831,0.531054226861692,-0.678404061802935,-0.0285038766107687,-1.50235236188924,0.86118889068828,0.559071438717072,0.158484239715283,-0.327010281554861,-0.39026202338781,-0.23200225747041,-0.629545599210028,-1.62511327141199,-0.835310415827268,0.841941211976618,1.0657618984985,-0.74343684506999,0.691140981076884,-0.287324019436983,-0.324443635055178,0.753197364713901,0.13401036619576,0.47254903195014,0.801400830907901,1.0551363115383,0.873685759330697,-0.652314361970383,1.26362840444436,0.366939524967898,0.0331044426559037,0.0671263163031222,0.206234324026006,1.10217641398707,0.617547785832765,-0.0112384583887562,0.326378566217122,0.357828541924166,0.594404348323188,0.501212830850996,-0.0663909973672369,-0.0890455422285052,0.315833206271218,0.632881048736441,-0.399545389692729,0.461418049824752,0.317617160987097,-1.15093820199776,2.13539995862639,0.745109894250015,0.636497765002668,0.112661744421142,-0.331418796156945,-0.352730601357507,-0.287008651278332,0.409820818187393,-0.0672409455522555,1.80927428397857,0.525710526898286,0.575657809585518,-0.7863507625708,-0.48002496293367,-1.00807433264245,-0.509407949389969,-0.340130115827922,-0.139863714580994,-0.730226939345704,-0.105182004093405,0.407934446201524,-0.423759918966422,0.561465955069754,1.9879793556353,-0.00445944706418722,-0.0630055524259886,-0.69163274718521,-1.21095213841745,0.0369185806662367,0.158010513757757,-0.0133045234541981,-0.00589663873397028,-0.576964409473367,-1.00963970130526,0.131216272172887,-1.54303891613416,0.181134641953367,0.250328907518457,-0.21966867484139,1.05067200065188,0.421267432181302,0.201830109028666,-0.062349700943147,-0.132397517408161,-0.368890120219826,0.720290069248802,0.522056312594284,0.273820253055468,-0.230050902702931,0.762928938723012,-0.272189363685802,-3.15809265449028,-2.369659601214,-0.765800646682245,0.657450150238407,0.649326678936667,-0.701429517904603,1.42378208815583,-1.63287770825438,-0.568925999582268,-0.161109025713103,-0.026634138278558,-0.291726063214773,-0.212371147595569,-0.217305415284018,0.916590044843457,0.793924818249593,0.607473214411252,1.08265717409845,-0.877398824567177,-1.7094302641458,-1.12844057790771,-0.155669956892779,0.250828416994087,0.333097498534722,0.380132387825924,-0.487619408907081
1.88292593294029,1.51708262759176,2.12926299687282,3.64557417198097,0.87600607261614,0.980819231567194,0.527467849817718,2.07119571310715,-2.37153886046215,-0.756468685357588,2.17251877925323,0.135591542329888,0.854687046007285,-0.570157301079764,-0.0510805862282394,-0.57441631435247,-1.04401188937227,1.75671529868569,-0.924880578051227,1.69196492558982,-0.380934512327166,1.2787171585566,-2.17648319812775,0.623249243494522,-0.690558752619314,-0.522528796300805,-0.280301674199595,0.0813463207678408,1.23788206514699,-0.802667627128443,1.6943200099401,-0.408553946606414,1.18294164588809,1.652419451588,0.930874805971365,0.126709319019436,-0.57409952824339,-0.351323117167104,-0.58624813690424,-0.781678008356343,-1.53411467654199,1.17654030130021,0.998202850404585,-1.54822918727645,-0.340112174770148,0.659353977011168,0.949661518846153,0.942046364039405,1.10407361401845,0.240574472278289,-1.58868601886872,-0.618126038421389,-0.871911877948284,-1.19992797280625,-1.25537202129548,-0.117647585436956,1.24569312952708,0.0324188221699808,1.49224168906005,0.0455004966176562,-0.574045148076022,-0.668973099752559,-0.610461513332175,0.355768037447989,-1.25466940953737,-0.59147521281165,-0.579723782375082,-0.344318189031033,0.783131698176202,0.438289821627335,-0.0838180058097622,0.36805397529872,-1.00360854009507,-2.26242034657778,-1.24203246911061,-0.0248347466469368,0.672970806170715,0.138029724517605,-0.823190001959242,-0.237385212495615,-0.00378798496104809,-0.672039293646547,0.598427735724154,-0.060017436110924,0.479073843631267,0.529379759342362,0.904832845028909,0.124437199687184,0.0481830385981773,-0.306780068195017,0.791390233729121,0.355520027254687,0.445408581601271,1.04674269343037,0.905607422783717,0.144157447454996,-0.302707237049664,-0.507045557349158,0.459661324090645,0.608445006036782,1.37534807230693,0.661704410693427,-0.38777689708667,0.170541905970597,-0.526851032631201,-0.715794603645957,-0.477247840585501,0.261688498969083,-0.979302909102405,0.957541288926539,-0.11582663752272,-0.168237560776751,0.673124571514353,-1.05453975510296,-0.349047755558888,-0.350059299323165,-0.711246003724724,-0.606933820691845,0.653699675066512,-0.182581981149422,-0.524627223529084,-0.383456139151973,-0.605416534562692,0.152122244743581,-0.52188450922419,-1.19634743969215,-1.01313660155515,-0.221189200455697,-0.050928875152465,0.337125181950717,-0.126842179949432,0.11500977122551,0.109907291002621,0.23624793382292,-0.449439333122341,0.036052979358393,-0.654282509053684,-0.326147848276493,-0.142368107193386,-0.28024131006181,0.0329515292860787,0.107011533457583,-0.073955046856078,0.412533340350419,-0.129918201276016,0.235853903400437,0.174462298859566,-0.289995700168158,-0.988828805330982,0.386170865627154,-0.719288956424448,-0.516655225017117,0.468981225871472,-0.5352150393145,-0.0673233912283581,0.526684488263222,0.552983848818635,-0.95335258980295,1.23866305862471,-2.88925728477164,-1.98897485966359,-1.29335533014468,-1.85079251262559,1.24385542444627,1.25561631367922,0.0583206862487795,1.06500463822285,-0.126262111074447,0.00557019265270275,-0.511956713388761,-1.18945905594545,0.258822646940135,-0.138796727244851,1.15870365146341,1.06854933117342,0.0322485170511009,0.35679898819347,0.654358123016505,-1.21619916292557,-0.834365404591574,-0.836279090057622,0.298023104369041,0.645920620063167,0.462829789132543,-0.338071945292906,1.19009310277527
0.519300417054707,-0.0418653297008714,1.87183988114971,0.201088723674835,-0.542610191775957,1.7856168390736,-0.277458034794672,-0.0837411077022252,1.29394630470819,-0.135221084781635,-0.944801337234054,2.12769890446774,-0.78588401079867,1.15684920511633,0.0645605581442878,-0.328658643677573,0.153166344950729,0.214791619149964,0.0138415209678129,-0.245127035202613,1.42309626847156,2.08009239083624,-0.225110563397845,0.0243348416188452,0.471995101116955,-1.57999904716266,0.0690139214711438,0.662447985315518,-0.323391551779345,0.253906592345494,-0.64512373016468,0.689801543557216,-0.146444012406836,-1.52888841289364,-1.43208300041264,3.55593531188482,-0.422243131449936,-0.613297699614762,-1.04692102886156,-0.313683796434984,-1.52765092563897,-2.30388231403951,0.712429956180999,-0.565174962091265,-0.546701969416623,-0.580811236394741,-1.0160300536093,0.0902894474532186,-0.295007808878713,-0.67088301366721,-0.495459866477725,-1.04810440345103,-0.467749791246079,-1.5467780892884,0.383246818678164,-0.00849108994425351,-0.695003864611697,0.243827047743869,0.729197077683278,1.30829963736534,0.737342537280173,-0.578848738834744,0.0446277853401292,-0.793963840764061,0.343898736160821,0.902633332403864,-0.0615405287838192,-0.0316771482320426,0.370168351679617,-0.0559919983727405,-0.0393535304640203,-0.211440685753872,-0.915718789973062,-0.397558054874176,0.208384605439236,1.13697223439722,0.955922858269719,-0.359371713972625,0.136547683025983,-0.246512020281067,-0.239593654668526,0.399025119037124,0.889895090409583,0.384824478504104,-0.706967824555507,0.393514419792225,0.781328327228725,0.777007068109765,-1.03530394200159,0.768578837615546,0.586085253345933,0.559700956142339,0.250965232562357,1.66891835681419,1.16026356979924,1.12744104207725,-0.336858776866098,0.217256813804466,1.97137710653126,0.239882844622963,1.18845020079838,0.262914463393465,-0.317811235417665,-0.0128783807449439,0.0993155592560743,1.08624324211251,0.116835501264905,0.412615696917945,-0.985843565640631,0.0467044374083623,0.869769729661455,0.675868081350764,0.602278691792127,-0.310313382886632,-0.29386383286854,0.56048024383171,0.0085051001231749,-0.340698470248803,0.459038088919222,1.51495756572606,-0.123152162582567,-0.846286072383554,1.22049524842684,0.266855665108096,-0.166368943209752,0.451926178743803,0.348501523417299,0.170457324484266,0.817214883129437,0.0765076597533256,0.434835935806005,0.66859980576757,-2.09944875049399,-0.602300818576098,0.0997838616167056,0.159530511662454,0.166023198871676,-0.38375175562759,-0.0667832708585766,-0.486146713236257,0.28491805720286,-1.16420030285267,-0.264645309020759,-0.371251785250975,0.319843740641887,0.438194196460852,0.218016570350083,-0.131436953210094,-0.0372826283934893,-0.524866394133586,0.448806020758701,-0.59457083724479,-0.754435789126055,-0.232050676151144,0.0912616839884642,-0.316528088679071,-0.920732564636564,0.954088551712661,-0.255230594313186,-1.27351894541135,-1.66035225655781,-2.03698848380569,-1.43728015673209,1.65262631358011,-0.0974083413061812,0.716274990491258,0.797000595934525,-2.96133868842742,0.408890829977132,-0.981435677611165,-1.23777883645722,-0.580826061749226,-0.404621947587968,-0.510392833043746,-0.264391014820454,0.139943486855556,-0.194134803762262,-0.0977170872692232,-1.33426777236094,-1.73541095695867,-2.29080965988717,-1.4193009038683,0.619683602862076,-0.385244308735022,0.00464634191890357,1.01461100751976
-0.318311735175725,1.48771111146934,1.88557679625649,2.92843055431527,-0.251138242065758,1.21399585794516,-0.0751452664719852,0.540279681650754,0.563868067009503,-1.44254683354037,-0.645839068595707,-1.2098436978917,0.338917024871586,-1.53600804228003,0.355424218216686,-0.287311977266147,-0.647238782698856,-0.711821053732984,-1.43744980911976,1.0253371769212,0.186217057628068,-1.38042380762174,0.687007836448086,0.905389357671708,-0.659750520245651,1.04518767618494,1.68441503162233,-0.810282152575294,-1.40323775054115,-0.0222655118083167,0.00390334303420492,0.366725251027277,-0.708861049752828,0.754478444285097,-1.01906006638735,0.0212170096207612,-3.15202900741794,-0.776934139858499,-2.07140669006972,-1.20637816192,-1.67165186067322,-1.21881933691754,-0.855227105367778,-0.76782535858029,-1.63423867039795,1.74449068984878,0.064810314083652,2.06544960494003,0.0443575091346802,-0.948775599012411,-1.75281131142901,-1.77342591672264,-1.43170734960688,-2.10581704514489,-0.270092743827699,1.47100984896104,0.362012278451994,0.297073425411127,-0.213722530663761,-1.18450333225746,0.359257025140605,-0.636980438587541,-1.08584962458572,0.109281082139726,-0.935352652429484,0.533294547648854,-0.475525916834165,-0.231367900181607,-1.10369240732672,-1.06399411901123,-0.937276614033827,0.0930097706341865,-1.24208130427033,-1.76634787015755,-1.95075835028116,0.439914861839708,-0.256654168302486,0.527980862645144,-1.32441136809698,-0.633144827217889,-0.479561552389323,-0.479578843816705,-0.391263352787262,-0.200769531020792,1.05110582487063,-0.0698206847159641,-0.975721114822372,0.781232204205218,-0.721732127543461,0.322762365735082,-0.0246113172697996,-0.182957046353081,-0.689660805027684,0.570986282571038,0.574095775231044,0.238814353341492,-0.160772512534356,-0.0607678637287825,-0.566946994463282,0.826195720530819,-0.545885154782909,-0.131710298512225,0.60745573092059,-0.0940519418847729,0.197499208607272,0.556052826693845,0.432059552274454,-0.373464987551249,-0.994983998585404,2.47582796591205,2.63064706734236,0.0173279567774613,-1.25252707443076,-0.140729978262827,1.41362367378059,0.48196527379362,0.134785127224513,1.35619791286274,0.0353226989122553,-0.225232642629883,-0.798597602075228,0.0707572855941977,-0.795279637401014,0.44232951987196,0.218717388896872,0.614278769928844,0.00328102407335524,0.199041200938357,-0.408355085702274,0.57140500595925,0.78823836946903,1.02872578802786,1.76108674659654,0.137140354818596,-0.68355585437986,0.286992033969313,-0.601134781877786,0.0750169434559605,-0.054914229124682,0.226907468614293,0.481602453145251,-0.962133467122119,0.626627652873688,-0.444426187813288,-0.834196687696873,-0.956268707966327,-0.570151664529707,0.219694417463696,-1.37542135938395,-0.175282709730187,-0.84644263686619,-0.0269550472110151,-0.546668130523755,-0.35927309851378,-0.14990627967667,0.176297949549858,0.228381091131458,-0.0637228352351149,-0.0487262909711693,-1.76848547024444,-0.874064918851667,-2.1828060425893,0.186889738962005,-0.866344974964036,0.73514444497505,4.36705128802224,3.51177161347407,-1.95053570742768,0.104740661379693,-0.690521190063795,-0.57027123065567,1.6964591684541,0.47945138152046,-0.479398678236883,0.0906326372649216,1.1892729307418,-0.26720859195098,-0.688904624804765,-1.48037060064015,-2.21316029921923,-1.60125377160975,1.45831922470581,-0.445236904363535,1.03291509524884,-0.731377402645482,1.39354627802618
-1.2006488956611,1.11887636279505,1.18644921783169,0.312458376951992,1.48554812879906,2.5478623173627,-0.674732595977764,-1.0529103555665,-2.07064504371772,0.375329078676109,0.371267196777602,0.469768411489824,-0.0450741763102816,0.260702906960598,2.10965682653256,1.07513895098604,-0.17875990100085,0.0787377422868557,0.192715945911241,-0.596377422506268,-0.187741934682423,-1.58601340525296,-0.481036235322794,-2.17598167635508,2.25102534647901,0.966057659127465,1.23134010764274,-1.06836069809913,0.63124522630123,0.25910686074615,1.11313137246553,-0.175216067717952,-1.3239996208313,0.334974704678549,-0.323371370266061,2.35299740524557,0.453904501920247,-1.08542183281961,-0.615209549090121,0.183659343457904,0.235658250672541,-0.613823773096366,0.256630807779302,-1.38501865865481,-0.25986067973568,-0.846894393944476,-0.547713468692893,-0.555675110930468,0.562084692722547,-0.793678435973384,-1.91621508621865,0.27891118587182,0.042273539819044,0.325548006205266,0.394020534468373,0.60764800991608,1.37929344834289,-1.23136024550853,-0.322054448613611,0.343205722884033,0.694522606186843,1.14366486206409,0.13086238813282,0.511760070302149,-0.291344622673403,-0.0946407841542274,-0.0294816569203103,-0.433539614401798,0.986196423658979,0.39753069671453,-0.291957595106794,0.0870147536777862,-1.18695413304303,-1.2089679483379,-1.03393992471229,0.685402771253482,-0.178161240825497,0.151840472362334,-0.531059840044154,0.317138709032872,0.0894455791384833,0.921976221878949,0.917827869898894,0.354613908274183,0.563477725043591,-1.14439918700912,-0.142172773239755,1.19320375631795,-0.414768151631347,0.0764611702148946,1.00168988950718,0.734567029836155,0.406005897209401,0.951837319901952,0.278581758615397,-0.798736131126279,-0.330606727837866,-0.189494990877632,0.0192099662724565,-1.02864978805682,0.0618859990435006,-0.437867707579342,0.10189520692194,-0.579364579198627,0.426294401930355,-0.12383476510564,0.834656581045063,1.16951824495064,-1.05988846832197,0.576881764076488,1.17533251226188,-0.0732793517673489,-0.00465529253488513,-0.374596944720109,-0.386449276482655,-0.291051999246631,-0.660240824761882,-0.953296858907035,0.220899550256773,0.708343890181106,-0.34802005944919,-0.284343658400197,0.720023474509157,-0.920329681966242,0.0965809822678293,0.65031699222453,0.972210742531013,0.540342434969597,-0.259350096537329,1.01075258259633,0.409388885612004,-0.486170252311202,0.492385972731135,-0.87525280266646,-0.045161927261198,-0.525187512165002,-0.31873037503688,0.187106863144556,-0.489972575801934,0.488941084502006,0.306488667762713,-0.817904997563475,-0.558670360990946,0.911730168103703,-0.337808381606865,-0.0847361506569795,-0.417097883530549,-0.645382185597708,-0.421676901111654,0.0331402810889555,-0.403197719208158,-0.535115843472647,-0.749431626445739,0.7245481216488,-0.623487530598698,1.08416372682664,1.29765901867907,-0.160295233124782,-0.548360654045548,-1.53785676119872,-3.2490700737601,-1.10372911557921,-1.25084381501866,0.347357270842353,-1.73441615034758,-0.838588269616737,-1.27852564239364,-1.05130691053395,0.00404065997716752,-0.565410772128972,0.0245347096852755,-1.29431151542904,-0.0629045747810227,-0.843273312876266,-1.95293351341438,-1.01346697938044,1.42113161411578,-0.103179427309192,-1.29531214852548,-1.11925228766438,-0.809104379866007,-0.0919800287049315,-1.6047246501709,-0.355278798017335,-0.465281083470479,1.08832568855908
-0.449725584107323,-0.468882193313992,1.50854908139079,1.56130799264817,1.45239102556627,-0.572839560177638,-1.94957364381951,2.14225364986051,1.08284824611654,1.12565148840974,-1.2708477371524,1.43760410616653,-1.57523414323192,0.711150948414523,1.09564228990661,-0.119329324905732,-1.67609965700457,0.91404709602315,-0.749451479890617,1.07075657438738,0.109921480288231,-0.409204526064142,-1.61598339762372,2.03745510125594,2.41956431113896,-0.902511651280332,0.710387259038294,-0.197467097875985,0.194360360987728,-0.634338525754831,0.00921700327487918,-0.523044102490921,1.60647402694611,0.97464655049492,1.08414426778748,0.24187804336966,0.935758007884233,-0.277979103227435,-0.594372760487905,0.330061436690668,-2.02776728230911,0.0870530648159253,-1.57119996831846,-1.43270258993169,-1.89007689538915,0.437925218272551,1.53197824351836,0.224324216618461,2.16774448563355,0.913735968664692,-0.412708208431515,-0.432691476703782,-2.53875299617165,-0.837105982725683,-0.0219811323521728,-0.844948644042412,0.389508023530389,-0.324603626443356,0.10196496598635,-0.90118153121469,-0.139289586442039,0.684400784146497,0.401170846929644,-0.474924066825441,0.603124335021662,0.120487518141721,1.88302074360043,0.0509057590175263,0.189480802346715,0.25824146630832,0.350602609224115,0.284865152270027,-1.24913588158399,-0.88407652782606,-2.30588615992249,0.52045882068013,-0.451671876407049,-0.773843928318789,-0.380650977825081,0.845445305788128,-1.20256713582891,0.918334491125809,1.00145357249212,1.16618285278738,0.4285755262833,1.3788855565575,-0.996409133750446,-0.00257740628135374,-0.0541747066315564,-0.27609899339739,0.0574838153781253,1.5917735717942,-0.523978079200226,0.0606723393559135,0.342410886220887,0.254025477236588,-0.18714892786878,-0.111035947349451,1.09888942687985,0.427793116749142,-0.439547864177147,0.62342060622448,0.386175798168827,-0.705846677191426,0.865690890048232,0.582679409812942,0.781525101697071,0.276324360849746,-0.35955485461808,-0.197523993983658,0.0650855822340296,0.0288857472547371,-0.0123637303861633,0.0528265019318842,-0.210196703011246,1.1743064356936,-1.44575899863296,0.259871246006033,-0.70632858499174,-0.238031982106517,-0.101773068601434,0.193648493250133,0.294552574840503,0.11411874800108,-0.738612398312549,0.102393810831752,-0.401768105773565,-0.788653058904436,0.202888509604205,-0.27643895176806,0.798170886546244,-1.98984854456363,1.16681202851656,0.430556797437368,0.256923153591468,0.0988942121422011,0.773271117965089,-1.07863807283717,0.194522542357943,-0.644050782537879,0.415899060868722,0.280878694671142,0.697393803487267,0.642591711341088,-0.310324247532282,-0.100760323461096,0.358992718092434,0.0115479574818644,-0.00316134568110614,0.645161156535823,-0.104181116145271,1.12477982761297,-0.20267866853521,0.658984164571187,-0.411247078749213,0.757024853207345,0.082907224562561,1.0747886115247,0.561431896804478,-1.1604721458876,-0.817492753031036,-0.451880331096218,-1.11685848584264,-0.476651843427233,-0.165633699415832,0.271171510864989,0.529229399314265,-0.375130361573418,-0.64533745493968,-0.270580243840287,-0.657399883994898,-0.385163258946139,0.242088157514555,-0.925001188688159,-0.289469690479596,0.255423223678451,0.327532911083742,0.073254960782529,-1.55718618616737,-1.87244998695125,-1.68598510189668,-0.248891761604183,-1.25345103754147,0.876343380712053,-0.107313179329364,0.734169963959139
0.36979991626969,0.705290324139966,2.78020660776322,0.705091583316808,2.19014918823529,-0.180797583801212,-0.728879503435028,-0.360199065925902,0.156568927023554,0.232061595125922,0.214403592185213,1.379116069973,0.811571928208195,-0.07338146356603,0.827575120222014,0.417898071941998,-0.818958051418086,0.868487816846731,-1.42562715957099,1.80141812974553,-0.248630968997608,-1.14765388671838,-0.0503921007620175,-1.14397586471325,-0.253540310931386,0.489975436791735,0.254063963726807,-0.0638287610584649,0.204544208118384,-0.00326827521764012,-0.374625692229432,0.220676237795768,-0.15129821596304,-0.192607838847526,0.80773412252593,-0.12018762246132,-0.578661849622441,-1.26071793269319,-1.23848658947845,0.997212127749702,-2.60888053211829,-1.11909492850344,-1.18614013545032,-1.29113750128274,-0.936353890636745,-0.236790416718644,-0.313503432182777,1.56866285965052,1.21737126471294,2.11709806714019,-0.450440386521178,-0.850343949538038,0.186709513108528,-0.118891413533216,-0.830487421863193,0.272194989408722,0.854185009314609,1.1179802182902,-0.34745173178616,-0.530829896749368,-0.116269057242833,0.774032243239193,0.559738595707068,0.955543245771026,0.173074252421997,0.752553003297973,0.907357115014477,-0.310878292468275,-0.331892294263056,0.20221054623957,1.33716633125298,-0.464581111470565,-0.376058078173817,-0.909122811110953,0.0283677601375545,-0.249086125776342,-0.498020443591826,0.891593283646355,0.0345656230024548,-0.710861606286044,-0.30726336567627,-0.663515943962181,-0.32428134961355,1.32099817180488,-0.232633462741358,-0.285380571723065,-0.490100326223239,1.16133962808741,-0.99894553147572,0.146780511468382,0.0478936372904575,-0.365347358588113,-0.507875950057779,0.0044658997552962,0.208691557970188,0.468403289157772,-1.05474671049771,-0.00285337574521864,0.167894406312811,-0.0669153795108614,-0.369030842881046,0.281728696787634,0.026209900549775,1.54254112601674,0.947069558614289,0.400047534378588,0.0739253812306805,0.559659958732455,-1.63491475426496,-0.98081941630973,-0.0146959238551313,-1.17768061604838,-0.249995260556813,-0.217123136829335,0.408673474872619,-0.328091121562149,0.809262935479609,0.0241562052094381,-0.242286174970489,0.4005270482983,-0.488317797760776,0.00380167722828134,-0.554403876211646,0.216328755936828,-1.51935865212059,0.13139946889397,-0.423764653114532,-0.302692243735118,-0.0704561228480071,-0.739927757880335,0.430966707114768,-0.516804277508484,-1.56849949434195,-0.174538594310113,-0.20295367959617,0.127415344208354,0.100492891930237,-1.46989528001809,0.15004460086201,0.39727047196422,-1.09050144891778,0.556986635236781,0.16052933494526,-0.0669196374049661,-0.696181111773654,-0.960726099775157,-0.422697189678979,0.250418223591683,-0.115010202991037,0.0616086763245738,0.288818504280286,-0.239807283201751,-0.143459841403691,-0.271366176723585,0.346031028881234,-0.671863305600895,-0.215749888071536,0.43988804661791,1.25660478683451,-2.00967669924268,-2.2058708548599,-0.979140986513684,1.33219282939971,1.07745307431708,0.19514038798829,4.62668075603882,-0.547343205429684,-1.94250091794178,0.242314894367925,-0.520859515169115,-0.869847874927382,-0.875159923734226,0.366068772766795,-0.00223957037831465,-0.798688933735059,-0.369271439349191,-0.734429198041248,-0.080002796770489,-1.76693626149495,-0.88834258997806,-1.73141498437185,-0.602742561425219,-0.803526061356848,-1.0393001510907,-0.0645684312550088,0.877762575652976
0.519557041010982,0.693834188889971,1.32088938142033,-1.03058529888243,0.16013657626056,-0.377691149124421,0.29807953995872,0.854774375597892,0.337927311657086,2.22781514627179,0.595383591150292,1.65510511837987,-0.189695816392307,1.21202192070524,0.342826938032169,1.21749492471034,0.372059134682284,0.784540380635072,2.90355258605999,0.133957857105582,1.38794688803991,0.517394811650234,0.172813113685815,0.938861466412796,0.373254045790573,0.573854435292781,-0.470931372692448,0.666735826770528,-0.0954194642135754,-0.913212252412277,1.68044179242905,-0.308218671431293,0.123869408374533,0.171616736361396,-0.266737624942442,-1.22703205988215,-1.37679390776478,-0.0968228924137907,-0.496344401811119,-0.806961322548517,-0.984821712200314,0.194874268498674,-0.322095874387946,-0.0224873876137719,-0.792815099235901,2.07436826770044,0.720048572560238,-0.0208361815650775,-0.361479901006943,0.64081413376898,-0.617103746429611,0.812001519646546,0.490860012131596,-0.655504836744392,-0.913048436387494,-0.535308005672148,0.870953273747726,1.20802875660403,-0.230769557932143,0.80935415384792,0.0232047916759846,-1.01400140072695,0.348837603953015,0.116287790779775,-0.549072747456528,0.11346648325314,-0.912100471473668,0.205333435730059,-0.0324170506147569,-0.561703974644534,0.564675648941908,-1.16212149775471,0.0656482033538794,-0.549482404292216,-0.795290414246039,0.900972409228369,0.686344427384755,0.72947393161167,0.113540036239247,0.775123001845917,-0.343699226087959,0.314687165619944,0.315237808828839,0.0685643945582968,0.593768531326204,-0.0477118254480013,0.187371838074803,0.528840829207328,-0.210697478886265,-0.0108782185799542,0.466734445661428,1.099427692754,0.255353062561955,-0.270965593784056,0.829137606161604,-0.265453959923336,-0.279734679083702,0.0372824761411611,-0.137019418380651,0.342167156960908,-0.734183780842101,-0.848034254903484,-0.464507893555126,0.437182294533859,0.690528670165477,0.705430006020185,0.182935202775998,-0.32114296404195,-2.17585245173224,-0.17788186010561,0.524839695883796,1.2431526228951,-0.473911841923383,-1.3073624853467,-0.139043326334251,0.118537086783216,0.144483195994609,-0.184637304380464,1.18066987545191,-0.0924641034358942,-0.249167364439198,-0.164757988946929,-0.572566182954791,-0.77881520386062,-0.944511532755988,-0.158469816204245,-0.847483082017862,0.806314199088366,0.334519383344562,1.18191668061788,0.795213666648324,0.305917930612641,1.39751406432161,-0.323718259925181,0.348767402283496,0.3405009326492,-0.585904317514844,0.22297193098377,0.393382670987546,-0.447248104733812,-0.477736278055248,-0.774711713571857,0.0645143258510221,-0.3287564582609,-0.525203662457914,-0.590053832408246,-0.0813844771743158,-0.415383482869306,-0.41674502410069,0.396177028571578,0.236417236274887,0.795403023215914,-0.814783053111048,-0.152659540141412,-0.0862511555932509,0.152968256764998,1.11096650104639,0.298506118750273,0.847718775943441,-1.65824801941307,0.763421853338032,-0.618678487082812,-2.25675198721063,0.300149761706433,0.542315820307505,0.412492810588875,2.51975491947613,-2.02232372726379,-0.398580897512053,-0.716778739575173,-0.576751362238603,0.80894615386548,-0.152740694174097,-0.43774064527885,0.659121406270113,-0.345912450241328,0.0459193612429227,0.339388721028365,-0.811051906795048,-1.07549074083124,-0.0345300166985797,0.304912807930939,-0.298464287944511,1.00395927486582,0.666810826879816,0.42650238457674
0.420978736901763,-0.162456397809281,0.689163784400368,2.6053688963989,0.770921064674227,0.454147747163323,1.7461682966938,-0.122435443354938,1.9515425603886,1.69776784795165,-0.149604469310878,-0.857891427935323,-0.190633929183913,1.84184072307282,0.622240843070665,0.692911797792175,1.33414672250894,1.37782967737145,-0.501074085992371,-1.65732838744024,0.547201902037218,1.8371195797634,0.907079019772497,0.843295945010082,-0.0380491677614202,2.30630849740264,-1.57643313149125,0.343223141030409,1.54061543667033,1.45114955037568,0.777467032709245,0.77079634640348,-0.183842943537145,0.27276767482477,0.454376188607136,-0.0342501827785616,-0.7258952104124,-2.04929624145899,-0.798486040143114,-0.170581022087011,0.39373008995865,-0.529224302679728,-1.28939323151755,0.53744173446984,-1.40272333121088,1.21825952843211,0.768546618882533,0.568038775129966,1.30784254203706,0.76941370142411,-0.679096506487297,-2.08855808694317,-0.406433180586871,0.264422401384529,0.536073232464891,0.697879070853286,-0.545337961432491,0.32218753663254,0.233579613433564,0.164191892163412,-0.474719312320291,0.7874575253394,0.279576011267313,-0.0555939744214846,-0.436182645015411,1.48265143132277,-0.923193818137448,-0.50237116539786,-0.832080287800398,0.870734785501059,-0.19601045179268,-0.226670155018442,-0.667603673467031,0.195776973845491,-1.31227436232123,-0.749958445101745,0.0393927616616346,0.655863335340457,0.124523364619983,0.181093520579969,-0.841213550732058,0.61656109058127,0.433625833030786,0.00637636501837441,0.363703232785332,-0.0105604156343093,0.754350682272244,-0.153151659355584,0.371548123904317,0.472536666704298,-0.101159577447238,0.814229090231041,-0.849557963023271,0.0925035271529534,0.0630985164894273,0.60192737672843,1.00192896559308,0.601106010394617,0.00322720923329363,-0.0939977860071153,-0.396904523031255,-0.41447770726181,-0.262123250475209,-0.668812905841217,-0.247404908211319,-0.954871554954469,-0.58343619315439,0.662606837629134,-0.401181440807822,-0.0411318285912378,-0.516997065976269,-0.656026866781111,-0.020986899272132,0.559618341227978,0.793275038267425,-0.234986460080367,0.339684479237075,-0.878699913924229,-0.838092828722552,-0.025911350243678,-0.0406794302957116,0.239417339751473,-0.138317731156624,-0.375078671229437,-0.966411213608295,-0.218447967199106,-0.194050817673439,-0.0771750897911637,-0.0955145613237269,0.234518687810307,-0.0982146303784285,0.931043307733966,-1.01046007089914,0.514299554120308,0.118219723705974,-0.156164158005156,-0.0613536814154876,0.602245693073047,-0.496793809089678,0.296047368026507,-0.33441607845209,0.0259736622037924,1.00094379518603,-0.0847446156068788,0.431959976725459,-0.767946725467528,-0.530930376946638,-0.151023919229206,0.169379908398076,-0.17084791438665,-0.259904903070628,0.172989970325677,-0.757699480226977,-0.583841856176047,-0.487982749110988,-0.495477725974014,1.11576372092969,0.115312668349638,-0.234707473937526,-0.494616331844874,-1.14461545019143,-0.640299242119693,-1.96167351595772,0.434065292752536,-0.61372274651907,0.714146027932853,0.62151868914627,1.6379010743789,-0.626950066322353,-0.740274968818238,-0.372613896989687,-0.237307251668898,0.110570381592101,0.259418231763739,-0.947784957207685,0.444697769746794,0.307849802270293,-0.293345285643513,-0.870017732723242,-0.871082746344863,-0.47961726579633,-0.580649330291258,-0.571857358055351,-1.25775418310807,-0.372811412097355,1.83758027663179
-0.605346435739863,-4.51992714788867,0.580639802014369,0.282716066863136,0.296597308057952,1.27935601762859,0.992874537596569,0.827997425688519,-0.894362931923446,0.13611917121109,0.951675367233714,-0.531304829197397,0.622343096145146,-0.218375464181794,1.47926520883512,-0.283569450968434,-1.10735781037757,1.29493097748133,-0.252107125526528,-1.54459717862992,-0.126041090704601,0.260943479676827,-0.907057425861926,-1.37762213698669,0.818176024536717,-0.56993230465623,-0.850190289626475,1.17315477677625,0.0502343513932218,-0.0116015288924555,-0.032945879853229,1.58821953655744,-0.674645136777553,1.50524423380305,0.444347606969568,-1.32674875111873,-0.119008754985071,-0.791900518697225,-1.23130051404094,0.127107139070748,-2.06794845413315,-1.15514427091802,-2.03889907624686,-1.46575673739976,-1.83429652822077,-0.617533358215754,0.844717897065518,-1.4657060520304,-0.554263100754761,-1.11892026815688,-2.157389183736,-0.671343904363813,-1.75360607183243,-1.62952756436983,0.179675130500181,-0.517644398409461,-1.2084065713388,-0.891634810306884,-0.137396910352774,-1.02857568354255,-1.58239170476382,0.62058536581438,-0.190709413948857,-0.830416506752213,-0.165752618903405,0.372184409827185,-0.817153385208443,1.01372500179269,-0.453489684252828,-0.917248336752193,-0.228010303591651,-0.474619859047152,0.196269085727321,-0.612605951967225,-0.348982318600289,-0.483588492036329,0.750503026433495,1.10406027090966,0.769176265793295,0.261796160448349,-0.247701049143259,-0.337848318798805,-0.407672973698369,1.04342995838164,1.52763468844372,0.896565847619217,-0.657421916448401,0.963731360611974,-1.11978183156231,0.662343929680369,0.53583024380383,-0.749512714036805,0.492013008190449,0.761963019072343,-0.59234917784735,0.494093272119644,-0.228809970607101,-0.451180174175354,0.445764744872713,-0.905297706754167,-0.771280443540898,-0.276646857443518,0.977016940231081,-0.39403556974774,0.268910932747981,0.786730000866821,0.365679008419895,-0.646475192573849,-0.995766966295149,0.316247640210306,-0.503254912229184,1.07255140288683,0.0716347711698012,-0.158156712236425,-0.257511949908492,0.978355979127178,0.33438237676816,-0.00156810415144912,-0.05901212763875,0.994828479700008,-0.0790027604904804,0.169607603057198,-0.204396932681203,0.104878528774177,0.581007750110474,-0.549856549203194,-0.487749515083349,0.204614318013617,0.322185039973639,0.410885804885917,0.270542736566947,0.265349761001265,-3.42551042806615,0.363565110731773,0.161019109031126,0.639292515806808,-0.879159247079496,-0.00809256373051481,-0.82874240000955,0.0652891008171025,0.393348695249063,1.73032227728864,-0.928963118681283,-0.823312756561308,0.476024716653633,-1.03954149309438,-0.241302571207854,0.529206743082806,0.864660890326723,0.281738887239792,-0.32333979550488,0.063696254568772,0.352474344734288,1.77757132220386,-0.751368207203976,0.766647944725872,0.700550454492195,-1.2171995667693,0.544984027608405,-1.05730472904051,-1.49684502501459,-2.63280310532721,-2.71394108466477,1.12149179566181,-0.92448160421629,-0.00318006238333344,0.618961450235152,-1.82059444908808,1.01121794862178,0.0538588256141404,0.496934926101676,-0.464892161032801,-0.981075454086918,-0.532832892243468,-0.6148329748446,-0.545451679666086,-0.387651984421448,-1.26105305531121,-0.68617582363767,-0.475695879264394,-1.28316885624815,0.798256779167335,0.919738846048086,-1.31291560158335,-1.07720411250148,1.70059052730698
-0.0517556663282054,1.9031849055603,1.76700101365662,2.48390480766592,-1.53692342926423,-0.684050610179049,0.148384315574784,0.111458677744933,0.621930110515871,-1.48441528243653,1.63011159134654,0.656887449597688,0.314194980541471,0.239635602042522,0.766657813379191,0.07226823816136,0.866159518776074,-2.09375912783175,0.567023271049447,-0.0493730739170255,-1.47727811575536,-0.136073670117745,-2.02572487187519,1.31238408639843,0.436423394889971,1.03826437595106,-2.01791517281682,-0.118309047108959,-0.876106254764826,-0.0710598360764318,0.596814083547333,0.455087853295788,0.276753609041058,-0.240004838716823,0.325893066770538,-0.316585774421334,0.729424822532039,0.261985670016066,-0.193681486946769,-0.414448911498563,-1.29040306045244,-1.24293369171925,-0.304993535787061,0.448052908359324,0.130300173175395,1.33021416665059,2.12630982423182,0.661055029722436,1.65560593230864,1.52520712046501,-1.99333125040043,-0.867481406643971,0.032707027822849,-1.68415768313124,-0.00545855483346605,0.195272277955482,0.10108841814808,0.176587798628974,0.699732526431424,0.914380324731968,0.261325094034531,-1.63832571428403,0.23054231653029,0.473085227038391,0.89811905762669,0.452141265211795,-0.189482853812537,0.417050606793084,-0.289438636425144,-0.236088831350118,0.374883481924233,0.961941184672553,-1.58925433538946,-2.9655144060309,-1.04297439308045,0.401113822113082,0.29494365606617,-0.467088373658658,0.382093384589772,-0.158905691480621,-0.382966365706269,0.789095817467365,0.986554645500848,0.62834445291628,1.06464513013263,0.519789962937925,-0.0128577104481369,1.45568868314498,-0.512842345263414,0.492174552368005,0.207725191459058,1.39098600763817,0.0245974418530282,0.726616679536855,0.764416771369629,-0.813048579287274,-0.0204119529646905,-0.0321181876042059,-0.443395174886962,-0.427818052329565,0.0324107675359754,0.389266424177176,-1.11873484669152,0.310322980911185,0.700504275077403,-0.071301259538631,-0.742467906474613,0.662609321961406,-1.51377805019996,2.73930986274628,-0.645601531124362,0.291766658496204,-0.802487917229492,0.431484149635998,-0.921152483407746,-1.1109988326194,-0.180812273187984,-0.874161167478052,-0.751286130755487,-0.474841948489921,-1.07426833182918,-0.806529993743783,0.323444713156997,-0.178373070671055,-0.192713306340083,0.0467308901708774,0.778021414200966,-0.891951612033483,0.879053250641334,1.07436256551902,-0.422639854635915,-0.766773537213931,2.06859320095443,0.330543008161072,-0.790135008483621,0.0254047313304043,0.959724010046472,0.92677992762773,-0.137494233569319,-0.195950160803316,0.93822541722468,1.34316556302751,0.545815117087189,-0.459814698450343,0.0827704256524594,-0.614729282227515,0.0194718501845236,-0.42003707783297,-0.489316082191996,-0.0553398130906414,-0.378557418578133,-0.134153228196447,-0.0140096963597162,0.181416924125857,-0.457575401853174,0.494019263545699,0.583659130994629,0.36675564621907,0.440261838262659,-1.08052096401684,-1.16190750273452,-0.106782790076534,-2.24887056465574,-0.259799106521155,-0.704760772885126,1.01730781030911,0.785629358223624,-0.832975667423883,0.0360645097218484,-0.628167335227274,-0.209365608816107,-0.333642812269835,0.111016979299212,0.0705168477273919,0.335790648091439,0.264346336175897,0.293037213950157,-0.414827418840888,-2.2555273558989,-1.5453401561568,-2.22417131861244,-1.22596946161609,0.00529173083356221,-0.0187550660587557,0.114516850845772,0.375935826689344
-0.478143844809437,-0.156810496050601,1.77442234509415,2.59722276144626,2.40688892272249,-0.785873767842844,1.71958478002338,-0.325168400811617,0.0264308507684104,-0.801587326742928,-2.27198927039142,-1.15004483583273,0.8006468139186,-0.594057650995899,0.253569372866819,-0.41012388685573,1.60382336692666,-0.821017385743697,-0.498461225623604,0.505063075745143,1.25325673421526,-0.608558098612106,1.75814516072316,1.0016892841428,-0.0397910849649076,0.107615746849514,0.0863030302199025,-0.750138068052875,0.351581235763515,-0.0765299946569339,-2.04979625832234,1.84867577031694,-0.574236917355,0.355311486554327,-1.61872378400214,0.210880151081171,-0.623843199484357,-0.860298336963579,-1.05096398629966,-0.409865813423779,0.22920187468723,-1.07663567512647,-1.18943617793916,-1.06099810201277,-1.54659941666105,0.987799266782042,0.386679437488708,-0.311565708451564,0.795602076120089,3.88909749255958,-1.97594248827702,-0.388232717752604,-0.448989251875667,-2.69495190185656,0.0841400244137467,-0.281062747656713,0.0719773793171365,-0.781252902789934,-0.0808818390304138,0.0281719953079137,0.353943660245926,0.353070915470535,-1.20020630782077,-0.07517036120813,0.298080034425971,-0.319451730291016,1.01703587780661,0.352106771529233,0.983148949184997,-0.751011668090435,-0.107147296329266,-0.331861200200513,-1.31512753784165,-0.333141587319022,-0.850301833884085,-1.13926460540309,0.0227447682073677,0.82512337818993,-1.2445020860412,0.223025398553278,-0.494989924612235,-1.24508360714232,0.36247921134945,1.06023590678794,0.0252400529509189,0.252739642424874,1.70019501701745,0.615448871506553,-1.06140084355603,0.80542756665067,-0.204166680634017,0.0689579135316582,0.174382424622519,1.07987795238688,0.00265281728815119,1.21943777877742,-0.23570298264829,-0.578784852564522,-0.717196824027711,-0.970153109938053,0.128675281238433,0.498341526552414,-0.718552547082186,0.306264150609744,0.0308171593044812,0.435770945336369,0.970225360963174,0.994298590388481,-1.97667530943015,0.522384315558085,-0.299896396190515,1.60816863134541,0.0659785216524573,0.227192195843394,1.38281330115458,0.286270785155834,-0.114549798714461,-0.236646467969456,-0.279635203156278,0.812563936092883,-0.0669302112853192,-0.641293005121326,0.980667477193853,-0.37297522868221,0.191935010424957,0.165152192124798,-0.57671669995491,-0.469808626610682,0.984190395097449,0.306038934966048,0.822995178424231,-0.530185528408947,-1.5284697224308,-0.0869713716517889,0.155634065516496,-0.23956961925877,-0.491222911511403,-0.13219492389723,-0.0783396535569807,-0.646106995407025,0.418954553459183,-0.579258776589571,-1.24813436438795,0.804791782714201,-0.307799315276474,-0.0941495571366777,-0.439666687186943,0.501307275448929,0.230240332502245,-0.168758980545289,-0.400789020987586,-0.355533703436314,0.542287833265593,0.418322156328598,-0.884096033143113,0.889532329282313,1.25893277287569,-0.40496749318107,-0.266306414996577,-2.64289848153378,-1.57340206980109,-2.31033637674486,-3.93441387031301,1.35109179151925,1.81430792765458,-1.20335750576369,0.673403772922809,-0.403867285456468,-0.277083969594959,-0.719831333545497,-0.556910661297285,-0.47730967567669,-0.261967248823011,0.864172223242058,-0.0364964797399156,-0.416263491396983,0.933932896499637,-0.776051497492364,-0.514530894375077,-1.65579447258909,-0.183539426910976,-1.29362223380574,1.28964167869887,-0.925405872271027,-0.158180220332275,0.710183670593522
1.20162013408413,0.723328295297956,1.47700652260301,1.85296397103112,1.51664851386671,2.12135842267511,-0.129354325793274,-0.0708632293724693,-1.06140814510814,0.185557101986258,0.146329857087012,-2.33614909877004,0.401240050480235,0.709009296527639,-0.449981121811339,0.972462649325227,-0.701940628293429,-0.36290947326874,-1.84092085276741,1.45578592919655,0.780186903936489,0.914443682652196,0.437290671358242,0.323414576133259,0.435413054127314,0.662203086101936,1.22336652784863,-0.129120096148415,1.30696257528307,-0.153944892981477,1.77970381449537,-0.118896789019943,0.273605884838887,0.237488645716679,-0.344867851218044,1.28150232461492,-0.144916257939382,-0.369872943273051,-0.153156158696674,-1.40210487045948,-1.74517041650731,-2.16836898924958,0.309809058703744,-0.835969636423972,-0.636201453827381,-0.524916451024956,-1.5436090332292,1.17196040247472,-0.90603460222068,-0.335242374924759,-1.065159446882,-0.525312735306586,-2.05298997100778,-1.83060734160094,-0.89974448183097,-0.386405822843,0.465285678537246,-2.00327599460399,0.523849557627863,0.772861198842636,0.673284400698387,-0.796422791500238,-0.340054280991168,-1.58646541098136,0.147526111938454,-0.3684985937993,0.847386495487745,0.672544094898604,-0.763815448985291,1.73678961392862,-0.059262547877271,-0.18246799265865,-0.514127600024153,-0.787383900438148,-1.79261201283888,-0.310217661486876,0.425571683844397,-0.336603558619846,-0.307444195171461,-0.01019819580778,-0.709457543014606,0.44376453284735,1.14129359614868,-0.444036856972885,0.321771519271264,-0.652867612497642,-0.429072376111972,1.1151347665591,0.390163565176347,-0.505672031367866,-0.000346319411324993,-0.151070089906549,-0.243062089284136,0.106146110046706,0.0322556262663033,0.530853184952437,0.295776059506145,-0.320734704277589,1.31119622670456,0.267605691275401,0.53749519045648,0.250116112726313,0.653919714508121,-0.173197829363283,0.220729519074973,-0.72776966829055,0.593141101946166,0.689479146060172,-0.920425404420249,-1.31028243983979,-2.14427534138706,-0.112507145247459,1.64245206016923,0.240922783241565,0.977467667986667,-0.479048105367606,-0.247497073492184,0.858999293474238,-1.168035210213,-0.920842713765266,-1.19991514367959,-0.650489797331908,-0.181834632606863,0.291303641841565,-0.940637478945164,0.295455588649086,-0.37195849715861,0.0311689460086325,-0.232674944509268,0.244581509771097,0.0182959052796935,0.580659276614417,0.6905768705497,-0.118777227165677,-0.553424416408054,-0.266621576343096,-0.0400466736074496,0.403620844612832,0.669075242058096,-0.558919161940919,-0.284851496548187,-0.981069116741331,-0.240243434415915,0.0872461257485948,-1.02902617494868,0.216322111118971,0.951723851181708,-0.0216856344543912,-0.684595904178059,-0.270498618977246,-0.535896094430985,-1.1833018959877,0.130156034450009,-0.444692082260835,0.191086791539472,-1.91773517504271,-0.641246546857773,-0.519022576918249,-0.701539895218177,0.0537467141219734,-0.0496580643081085,-0.88180441973297,0.701771819016385,-1.48100569185633,0.165031848715921,0.187409754428528,-0.329277981006659,0.496607334403844,-0.337644824684873,-0.483927400929604,0.61252220520986,0.309099493677777,0.364302490286464,-0.563188317398594,-0.0605400637746078,-0.387453571483475,-0.797585201305914,-0.500728643019473,-1.09427002098288,-1.68193350297238,-0.906892886505545,0.88541243350606,0.66467805619173,-0.0748901628216723,-0.583831937997697,-0.326260828047501
1.65450471116381,0.286511458592458,1.36388260579423,1.14879127337233,0.605193654226485,-0.589943270006341,1.77671982151315,-0.312475688356197,1.42815056610248,-1.36655333027325,0.792265345656886,-0.335986612111552,0.240894541702379,0.214253647664706,0.506616608973203,-0.0407588709155283,0.59821615700363,0.54984776539667,-0.807159015752936,0.611563232504712,-0.17225003645473,2.82933171415533,1.12550569797343,0.399259735978637,-1.35363094989016,0.249930018656937,0.911310255159298,-0.0257621510492559,-0.754640346855371,2.3592387191365,1.10321130471212,0.856325771514872,0.000986068018942105,1.75972279098165,0.938088776151224,0.361516945571779,-0.323522930195529,-1.11813995899677,-0.867931047960031,-0.859557371557472,-0.0827256998351017,-1.01845267467215,-0.931413505993025,0.0370987064100324,1.33972259463728,0.386257246812055,0.668671651685536,-0.40504170692792,-0.775092795173809,0.173256035641362,-0.993335585074651,0.624415945200489,-0.782252702016892,-1.08462747914934,0.306895856899897,0.517694670369595,1.16858837843967,-0.473322865077073,0.1829456682613,0.290733218069537,0.298047992418426,0.757182904092477,1.17490406188316,1.33104711799355,0.390870859761154,0.235660353482437,0.461649354377598,0.844865783988441,1.19140597472012,0.943795953000577,-0.41960008881132,0.425700023266769,-0.872543183949389,-1.03440409097672,-1.42698354498472,-0.259490606393772,-0.242311146276671,-0.157678661705523,0.658875310506643,-0.291801386718156,-0.00577670886904578,0.414372395213854,0.759449687053819,-0.0237797161937051,0.889171035988897,0.164028069352356,1.00464239720042,0.475263111249425,0.214255986730406,-0.474317017346213,1.15396882856463,-0.451878445264239,-0.835490013412478,-0.663946500828983,-0.0729646242685798,0.659447661269769,0.0937392775448641,0.760050533518286,0.117404720133293,-0.582676809602501,-0.654493136397259,-0.139088509210252,-0.0395114338861139,1.09471081663585,0.995820230677425,-1.16606019611375,1.38290507847705,0.466520012124186,-1.14670688549864,-0.947667081609715,-0.386989840724523,-0.218641213637979,0.797736916772407,0.941343669503687,0.809422245389591,0.039587677730783,1.32140569504327,-0.453571317413606,-0.338371659618029,-0.797991877363398,-0.321425563674903,0.21342824759947,0.0838281660061636,0.229744813437153,-0.250640664897343,0.18887666345991,0.0618131307254132,-0.433552619745616,-0.850226321105527,-0.00634049803513125,0.912971046443518,0.370313124373655,-1.09097709220506,-0.924257315811859,-0.899723005427841,-0.212931043722232,-0.573705124241625,-0.26188124619872,-0.771090056173846,-0.154340286952828,-0.743576120879033,-0.337778278680736,-0.389366326059116,-0.401703624118704,-0.287523485049785,-0.559729303019193,-0.599373520367694,0.809396542242615,-0.0884476314318972,-0.801601485382149,0.327927037950174,-0.834216803847653,-0.738080708802573,0.236770135666591,-0.022285614737038,0.153825548392579,1.05919873186932,0.108825721948442,-1.02333697096967,0.691339155255225,-0.729634028561206,-0.353032052052223,-0.426915597196483,-1.34765858509117,1.09890030788433,0.558064304629044,-0.632349004264697,-0.85948868212413,-0.23560781502188,-0.815087656127144,-0.549780203315829,0.051624516131585,1.49550759130809,0.161737285637027,0.337742154731997,0.920898592146764,0.481065671884774,1.51666894036897,-1.72601565497732,-0.74098119906955,-1.26720673827428,0.433761808290702,1.33279753336479,1.27196900486485,0.574099618432699,0.22329729780431
0.336109922574948,-0.0269425580423728,2.26690709809591,2.015259097952,-0.38158030288697,-0.175208425542685,1.4412792451598,-0.588728797590524,-0.795332624855994,0.0948196584370766,0.52148467624184,1.73606437424142,-0.977552406879618,0.108002006702654,1.38193891765666,-0.654715594709288,0.0600111568727543,-0.464218693891409,-0.0598643678162884,-1.53962362923956,-0.838308312057507,0.210052957980674,2.18302504234762,0.778179850986163,-0.203476465084242,2.00469018703647,1.71906989753781,-0.650855458845684,0.204891191043777,0.205120753928473,-1.19070301902276,1.48935359330761,0.909449505298368,0.00225003638934656,0.649534753509969,1.62142026954821,0.963547105790538,-2.3457264007733,-0.969825847978944,0.556370929356431,-1.81901849139869,-1.31183038275177,-1.39679577127125,-0.92701648918822,-0.0742261137415901,0.81391846140063,0.24386352380783,-1.12786811591821,-0.946014351481021,-1.6562308530381,-0.597852663194035,-1.06295580790036,-1.45768385211193,-1.44628062944953,-0.431007812964863,0.359659163913445,0.622118597510147,0.295483120801932,0.709854597131962,-0.247560046054463,-0.893129532733526,1.13790951625333,0.562694059326992,0.409660682172542,0.696382278950792,0.642396647901296,0.515544581768504,-1.079754288726,-0.47886543773601,0.866249541357685,-0.380466131737375,-0.563438726655426,-0.22881060346391,-1.78859329834416,-2.05589916817532,0.499623538427066,-0.707493191168562,0.77034427443665,-0.12342375106626,-0.0446350531739957,1.22740908397127,1.0619825842332,0.247620922633328,1.17994444090715,-0.343511011042348,-0.116093313093067,1.09451963455857,0.442869806005045,-0.0349453858881052,0.807324318975765,0.346375900434596,1.47455219618038,0.386003841011697,0.843095073813968,0.018129752679146,0.135412570409643,0.466405031773394,1.52266490179676,1.2470268348829,0.163544158330147,-0.149860749836834,-0.866395942226174,0.521241925651794,1.20017503609571,-0.15887983363612,1.0825367572281,-0.0617735754383296,0.158625069527814,-0.499137463485159,-1.21852405084037,-1.29958962532224,-0.284671935340528,-0.653908200975801,0.236984549040241,-0.578406731653844,-0.256104191914559,-0.848670153312919,-0.904582970177138,-0.856483161993833,0.413818201345519,-0.230871602789795,-1.42736177382777,-1.17591759710493,0.0217115062311404,-0.992063861466966,-1.0877462136582,-0.437600372082586,-1.08209824861671,-0.757178034671819,-0.616669932833496,0.11617623398422,0.539740932435992,2.07318744682689,-1.16175437221643,0.132498578347069,-0.364137269660917,-0.82774007829292,-0.952966141191147,-0.818372870998961,-0.409873951303852,-0.491464868247454,-0.662881714057427,-0.657009047612597,-0.349064851396394,-0.649023806600568,0.677241765104256,1.02040609854297,-0.312367347339231,-0.159041674765406,-0.467371657698913,0.891093328647669,0.565126201374281,0.00660877295265703,-0.11128276476561,0.264942108235638,1.38425438391324,-0.202487247854954,1.8668140277217,0.557728790232214,-0.70921521366544,0.893493220959209,1.48204037637059,-1.38266899847884,0.836383373063814,0.0798788869618144,0.712804813202681,1.73986662967685,-0.89681404130666,-0.00241789590363927,1.26574054357225,0.159927031040984,-0.370441941843093,-0.211917710641919,-0.0382858800820748,-0.104788991676263,-0.223894086960182,0.311044313537349,-1.45049314729614,-1.72455183336448,-1.20185762446512,-1.14431683673612,-1.91190605646948,-0.067878220563865,1.08054407558423,-1.94237688464224,-0.255796372299914
0.308038348154646,1.40892367936282,2.54176879164112,-0.785865444993143,-0.605712182715149,0.386989141773687,0.331615665997493,-0.925686172246837,1.76450851867587,0.526825519596503,0.740485469091929,-1.08017192010945,0.671055051940131,-0.953516793586151,-1.05167445937101,-1.33774079627733,0.260256200915086,-0.203674991472824,-0.0113214010351017,1.24761340484634,-0.460670758545234,-0.405742617582632,1.45348237052002,0.283944825588801,0.28461467508089,-0.0516034440527044,-0.155752126254148,-0.802364186765062,-0.200535843143271,-0.805475915069943,0.753101994501634,0.835235063736391,-0.463801590108167,-1.46630669741669,0.840163765948391,0.791291122241351,-0.675590642690938,-0.199178716545192,-0.881836320711764,-1.37750937582275,-1.26017907870786,-1.23565830258134,-2.60903054634108,-2.07450812107038,-0.819500474829794,1.16936209579599,1.73652262236043,0.489502480764131,-0.814139182542827,3.31597125053935,0.025303088598901,-2.60160985263854,-1.76517666293282,-0.770291720203845,0.485671548192048,-1.04255035369128,-0.136896388718043,-1.28134831146875,-0.30565824655145,-0.946436776968872,0.302889635265637,0.39771248363334,1.18538960948554,1.09022768832343,-0.2556240056483,-0.529902790078213,0.325032722977259,-0.229456308042573,0.848507911123827,0.678118288654556,-0.159348651532975,-1.24223637282863,-1.88424661887946,-0.913651414251163,-0.177280395513671,-0.241485327817185,-0.893663543721366,-0.0920184087873071,-0.923278461757431,0.854789724994758,-0.825669836620039,-0.289294872996831,-0.414373135163759,0.431904744608891,0.768367479460621,-0.437644330628749,0.423230980275142,0.588190925051091,-0.1827835536428,-0.323515477009822,0.399704051001432,0.289860369570857,0.563941894029696,1.1082556839456,1.23246304743295,0.312363097325818,-0.233515355183482,-0.154846434983966,0.532069911776659,-1.29073462295078,0.0461122300151951,-0.840796008781127,-0.576899070017042,-0.753755545213225,0.258424209960772,-0.515534651406989,0.36852277497162,0.319954065585896,-1.11215844264468,0.399816945651332,-0.149773337650432,1.01864409715272,-1.37838847106751,-0.340849836831787,-0.571592910851112,-0.547786829850771,-1.20658208959776,-0.54602586328209,-0.284048199124615,-0.736637772398939,-0.0475609511591014,0.410105263588015,0.547054889128977,-1.19459328472221,-0.269186040890255,-0.208936153270757,0.325600186079566,-0.425528765019,0.201964018853982,1.31300870261564,0.816826763888027,-0.0571745762471612,0.66926518862596,1.28307228719134,0.66007913809479,-0.343280490685919,-0.506106085598793,-0.389101626125311,0.555384210769218,0.0159591790995665,0.261460087001469,0.356041062791181,-0.473136778268773,-0.945883999518245,-0.0152916953501794,-0.305078265726379,0.176872254445713,-0.0748331430801603,1.19222866054002,0.343598194754891,-0.223610856835449,0.465678585041373,0.1458180605164,0.359288023769555,0.558485596343553,0.429694229184403,0.0230116684266571,0.864343757131735,-0.448658222966256,-2.37473921001674,-0.739842073051937,-1.63226194757744,-0.450722828227371,-0.688067636639296,-1.91726437343752,3.57509987295927,0.73977211574266,-2.53889202917678,-0.201343346182448,-0.578365478089989,-0.769586427670817,0.0581852712097199,-0.223653188092985,0.163758174527797,-0.133978206884963,-1.14824653858689,-0.105167242453732,0.330783576065034,-0.577350734905586,-1.1441396037134,-0.94316293383817,-0.719910785043454,0.195062522173579,-1.2378044574312,-1.35228629883508,0.346495764052584
-0.359600653760751,1.7976117783447,1.37999938992863,1.31975687574082,0.22393582397595,-1.87957903591629,1.63826820101213,0.594850300341518,0.260683585339196,-0.495001160976866,0.75144126524289,-0.296767817133018,1.46810455020685,0.780177728366732,0.0967428474008934,-0.432711778618128,0.42238529508146,-1.5148232160376,0.969826499724985,0.356028959255083,-1.26033522402042,0.540330156024899,1.30613172239587,0.273416428660925,-1.19950556769216,-0.920996073849283,-0.301656733471022,-0.243672280600541,-1.49539440795644,-1.60590733583092,0.75802326305659,1.91409154527268,1.64094309628294,-0.728930770016625,1.28407657284059,-0.568515845433851,-0.79260192721351,-0.927177855610981,-1.44811595694138,-1.92919271244806,-0.720925439058431,-0.617084466209137,-1.04589640738774,-1.33424452916063,-0.0480938853614274,-0.863630834784223,-1.15185963611486,0.136694253743444,1.2253126612991,0.449280023505087,-0.419997195882956,-1.79882432258308,-2.39693044100732,-1.0916887195703,-1.60300785499813,0.306969325034696,-0.412637851505241,-1.09379833359583,-0.547989419049173,0.108732017866385,-0.812914040118617,0.218127152578632,0.333543398811031,0.0991881517536669,-0.420805392488769,-0.558718252139128,2.07359197886996,1.27138526129201,0.422319421407959,-0.46575376611587,1.51835226825398,0.920833880500205,-0.675573880915517,-0.423699022493598,-0.0570789725568369,0.141312927360646,0.314987500793003,-0.0206155132923777,0.0272931480908877,-0.562110291533276,0.408431806365852,-0.386241247611873,0.294673586667288,0.785762147734193,0.760513214753318,0.397873625067634,0.552954531300527,-0.619213434385198,0.176625301022451,0.4709928684515,1.11256302746174,0.347195451549806,0.127713909513321,0.167039472186936,0.738599541632224,1.36425429164621,-0.0943870028216473,-1.18910123319507,0.423972026224428,-0.528620602986759,1.19358269019362,0.272393601546816,-0.2904312500551,0.184486218367217,0.741067834760246,0.0262262772388546,0.204265215403838,0.364410306036229,-1.44150782126807,-0.151613206447367,-1.21666644391167,-0.0394871327753572,-0.44396852442273,-0.628650128789352,0.0262793994284806,-0.435824980894923,0.492565334639571,-0.833245120142976,0.337288969800606,-0.467354390569968,0.360008533284721,-1.66738374028356,0.196585280980673,-0.294044449371502,0.0637527669154683,-0.351968218609824,-0.519495818425369,0.0795179394676744,-0.301165228558369,-0.243099164109126,-0.0573219441603395,0.394433106727473,0.150024013871548,-0.643571969863149,-0.164783933704346,0.521762857751114,-0.373598522111027,-0.499954322054456,-0.510536687816808,-0.780601344216838,-0.818801184998724,0.319010786784821,-0.2421358889231,-0.370328080143385,-0.881675700290125,-0.359747796932557,-0.567470815401996,-0.413033280487461,-0.82063554262511,-0.33942464415753,-0.121152738541762,-0.871570440157724,-0.893413705349386,0.323872536482647,-0.847460970932179,-1.06963272371426,0.535510820954898,-0.421110830143362,0.22465988618812,-1.00814942943815,-1.02991623067893,-2.22495727547234,-0.136500681628183,0.348627864108928,-0.145713488200141,-0.127588432590508,0.0102960681566054,-0.321276126042619,-0.666685775700753,-0.674948991621608,-0.783243458635172,-0.21734192802716,-0.581628622746991,-0.323539378114349,-1.28492668745577,1.20094278393469,0.0467255048229754,0.658950113552786,-1.09678713556446,-0.108928125568413,-0.549388471249518,0.0763729743782368,0.321274706721253,-0.0965852360538747,-0.693592419206672,-1.03962381512833
-0.360082724428905,0.879771751241836,3.2993787874165,1.37459446474244,0.404750022480779,-0.736118062215364,-0.0943419795771279,-1.00056580300816,1.62269231858283,0.107713036339234,0.687238417915718,0.686856089391898,-0.328559244388674,0.457695306453513,-0.410200230821856,1.23569398860954,0.765465756602731,-0.861056654066144,-0.0358561730183896,0.879154627409713,0.29954941538697,-0.387805545699389,-1.06058598076911,0.891482075175265,-0.460999944810814,-0.715490127748526,1.66215349366868,-0.863558926110327,-0.476634470988613,-0.221126701936988,-0.927329747806371,-0.126918168372087,0.322431258683765,1.81394096603625,-2.85962790548263,-0.999534264889,1.61754067911098,1.18176955892004,-0.284438743854406,0.329020173605506,0.315380959254717,-2.58610262415036,-0.606375871523808,-1.33192075114642,-0.060463770135934,-1.03273366787511,0.31794136884139,0.555382691899644,-0.0242428207456226,1.37852362286054,-0.861110932067326,-0.278727539550446,-1.09225752243151,-0.0632477449035254,0.837018517183665,1.23955636303393,-0.392105919036556,1.97235312831306,-0.266075207800085,0.706551425867334,0.813755344926125,0.0632072229337367,0.949230364170298,1.73588708759557,0.513352387643312,1.11447587581557,0.996746142081291,0.587958704863844,0.756935638828436,-0.684766637987823,0.571488448770922,-0.796826451875171,-0.107145803297565,0.808873395524703,-1.93243234458961,-0.464332686844732,-0.0770969218771413,0.760144783502161,1.29135854270225,-0.149997964371544,0.607908398340176,-0.619419507112853,1.51071022216714,-0.203896698131085,0.227687530483561,0.881194365892097,0.648372722463016,-0.297584204105593,0.20085703529112,0.653249497672318,0.635635373353954,2.5164656245293,0.0283071179401459,0.261777555886054,-0.00418517803045733,0.0664353276682221,0.568637262730695,-0.564704380344127,-0.917769701555956,0.373665932774517,0.209139330929689,0.359804263879267,-0.0974763213376165,0.151890401954767,0.317532426830347,-0.792575366114806,0.140505027852961,0.904067630467614,-0.265364666448723,-1.51854360792641,1.21182888452528,1.08692471104168,-0.808962004828629,-0.204038645569473,0.336854536129537,0.0612064103575605,-0.0569886685839525,-0.0237725559446496,0.705917825241882,1.03162097637868,-0.685910851697233,0.639054947102918,0.0989734035598607,0.265264447955786,0.12254583231564,0.591384616686137,-0.433429280575853,-0.116195389428395,-0.23072397124022,0.336982620352643,0.224820294344243,0.242328408250181,0.856256696641564,0.244640904671623,0.325952983182523,-0.4341246222267,0.996790197728884,0.520260346529278,0.0753639563324443,0.881415102492323,-0.549657648798649,0.543597856743238,0.155342913638445,-0.976967910317449,0.0181227211375148,-0.453402344306009,0.0399817599104639,-0.772013990028915,0.948299649539843,-0.505315886849679,-0.074244016573739,-0.297579275586697,0.716313634353191,-0.400826173147761,-0.569238670271328,0.821290032326645,0.477356179742352,0.61537294382445,0.362340271672884,-0.290888825188505,0.31284782142179,-0.499402157972755,-1.12462368556621,-0.408207395832242,-1.56172526578648,0.309501055255887,1.342246815729,-1.49925317766308,-0.195183437550734,0.48761555609106,0.334771815663267,0.102829241148121,-1.13052477989442,0.603789929899521,0.13298681758744,-0.649417707464636,-1.03386956522287,-0.103742015629435,-0.436451565023428,-0.498052491715571,-1.54777981168925,0.215742835259588,-1.12324499286585,-0.560073727080641,0.038108844395709,1.59343728352841
0.253072467711026,-0.746363732546266,2.99832166699834,2.26860582522066,-0.126015040100953,0.26598731172306,0.803250563851111,0.230955077552478,-0.0699851410975321,1.76172527353301,-1.33599660528171,-2.64751510459947,1.21576126707957,2.01600282243076,-0.00684846072230518,-1.45335148090105,-0.326859715816606,0.499873809912775,0.327220474878754,-0.325549273580762,0.388752770112049,-0.0776333726753252,0.446943959468778,-0.982833463537234,-0.861646204523807,0.972545328088584,0.815816907374568,1.08546638553992,1.38564018932316,-1.17580253255459,-1.21967271195763,0.272663003541049,0.730524112591416,-0.780926222680763,0.079656158288438,0.175662944389796,-1.1582146868445,1.21553777926104,-1.90090051523625,-1.40272140008,0.600753087516312,0.513644278168827,-0.369222239396419,-1.79463681502687,-1.32600030170581,1.74910274519412,-0.301176223934922,-1.27262404904788,-1.33415833761104,0.781001920174832,-0.290724224793763,-1.78901241544907,-0.754686670002596,0.820296282859928,0.70121745495811,-0.222769940031972,0.265188902765203,-0.521646891025781,0.676154842510922,0.543785039835859,1.03678655897533,-0.652754681578394,0.862790188538124,0.878680860298141,-0.356425457628842,-0.0853690887287356,0.0918067182886803,0.126953302560122,-0.0346235444078827,-0.919333088971313,-1.65170453257359,0.388689336410267,0.409359590763521,1.45785529765616,-0.134572937674548,-0.364978756535956,1.04476986865958,-0.0405980728163736,-0.513981257630623,0.990824423021111,-0.245104629802785,1.05454373112035,0.463834295596206,0.400502430649098,0.19379948106482,1.06685900239393,1.31287358017305,-0.0130110364859195,-0.28226765423413,-0.347354524507734,0.16738956617556,0.938238893785324,0.308718600866402,-0.0334546680714462,-0.902190575003634,-0.440449367771053,0.447153152599249,0.79443914707581,0.905864701260042,0.251212667687903,0.845985138237644,0.71311201485276,0.252790771481951,0.856452770968787,0.355741556665599,0.965641887364221,0.423290171875985,0.644246164962638,-1.54857254931105,-1.45394143160141,-2.68888376049623,-0.294450999219666,-0.183298503407301,-0.70291884243691,0.18056015597342,-0.653030588940188,0.849034787331579,0.108562851737724,-0.474309953681118,-0.0495719624277159,0.180094026176038,0.087770374698576,-0.461394434850615,0.44311418434045,0.374473746761727,0.187767277822178,-0.152450356381844,-0.284635496937468,0.306093409026875,-0.92866988046007,-0.577122769011416,0.217462303387913,0.102928085039216,0.978366159054091,1.33953636433465,0.28296583698721,0.727044983455868,0.523489912659626,0.334738499308745,-0.556225034536932,0.625111538545142,1.72362800518806,0.506393996595901,-0.304845265739887,0.705083346112768,1.31016701482065,0.774333665310391,0.0447442771954588,0.219391169966224,0.806853105026295,-0.950994373959816,-0.0103194137933669,-0.0623890255045477,0.11790194997616,1.31213467642584,0.409637046030603,1.06166424532866,0.390040944290173,0.226179115170192,-1.27060878547482,0.143045013717366,-0.887888803385955,0.235335644462738,-1.53203129295242,0.843778871932534,-0.531777200991558,1.21911756293234,-0.219378763452663,0.063987996101381,0.215088850147412,-0.28178845817223,-0.022989720744146,0.21352814904685,-0.420085924725777,0.720918217233901,0.141330615091742,0.867302349603252,-0.593327243373829,-1.33037911222498,-1.71370207078119,-1.31544454252459,0.184014581823113,0.561647582107766,0.363077982397607,-0.336398704405681,0.0283271342134877
1.22257080409198,-0.0611913353819133,1.55862879262748,1.36577906419273,1.21394693003469,-1.20985986135919,-1.7703883599988,0.700044052561739,-1.03125200935813,0.711717580359584,-1.78668741218848,-0.17832436794798,1.1311415611678,0.937490649821036,0.722144120054956,0.017053050876512,-0.349472369870014,0.722535913144792,0.125407228704721,0.24048470367525,1.15084661913068,1.17204039170413,0.747240727814161,0.622109815066435,0.422524370812966,2.23299828739135,-0.418380989416931,-1.00496346506546,1.14807691793252,-0.283368894809787,0.555286368026364,-0.645881147231689,-1.10370429999363,-1.29026668613806,1.68536501840808,-0.816132507793321,-0.500152769934265,-1.71729705691786,-0.169036619965675,-1.67977837574736,-1.83438947258742,-0.617249804421266,-3.71644350372792,-1.14357110481092,-1.2967334343072,1.24814565600625,-0.909819249841612,0.0281998234215549,-1.06511695244044,1.21691024367948,-1.554766253123,-0.658466900324969,-2.0661767976782,-1.02301129830044,0.259490539069456,0.101946936049282,0.165376716107853,-0.550706356118986,-0.108625258975013,-0.610935286771292,-0.0566928578237918,-1.19230156231079,0.605378935000698,1.21605392979562,-0.388375421759095,0.69002139157807,1.07965509160391,-0.726179819135605,-0.75167237802559,0.00529131431401391,-0.0562059383805662,0.00259099673014593,-0.767323971747255,-0.566027638079432,0.0650470465876806,0.73180201002041,0.347300630464318,0.0617939182029322,-0.856856330532643,0.0523624001496346,0.187551688253041,-0.799790901783108,-0.18754091347866,1.53020127584826,1.68722109328755,1.28608748969283,0.354268031163209,0.255848721725783,-0.849237075793618,0.839228368529753,0.787306063259908,1.76046593966075,-0.544602611994309,-0.0486471750823448,0.508191875883792,0.302361819963193,0.238956292688852,0.368012984036414,1.16475629862604,0.730287362109941,0.816085662065275,-0.818967877468325,-0.467056405889155,-0.903453130897075,-0.0249770279882354,1.01506452673488,0.394871334128413,0.479434981925743,-0.496597960889227,1.61037989337857,-0.69909864606945,-0.841371454066924,-0.0582796904036053,1.63442204888241,1.08735475474379,-0.504356128584953,-0.620232305817301,-0.772917684759018,0.421045531711353,-0.141889360287868,0.18511928849756,-0.291472975616783,-0.40734214652851,-0.785386023604012,-0.489792587480075,-0.888697502593548,-0.257258537044863,0.0883892999856963,0.110030134985064,-0.943152162055608,0.214734837018556,-1.30953021091452,0.781401342652898,-0.306952789189492,-0.552771284204292,-0.510117317810064,-1.09590929133952,-0.758116768412227,-0.00144784402140128,-0.0626916094463934,-0.378919813652519,0.168327541248372,-0.66815683942568,-0.535089790321023,-1.15418259946485,-0.67806204770049,-1.28863289420878,-1.21021163408516,-0.126194535166536,-0.663372568696172,-0.779364347575047,-0.124644810088889,-0.990209362020298,0.0954399143059607,-0.110484567881732,0.616570971242847,-0.0478805706326877,-0.555773922386649,-0.467507531437985,-0.517868441057588,-2.44662860864065,-0.747201138005885,-0.3432963689468,-0.154555119714462,-0.927657003942682,1.14233795747135,0.464583290740074,-0.861340001911224,-0.372468581463535,-1.34572322757976,-0.277864997266291,-1.9580008951895,-0.436427303152219,-1.55236624190706,-0.315669047467659,0.975332154848126,-0.441473400236636,0.164227412462333,0.43053265600993,0.654270047265758,-0.483628309669999,0.45020876186728,-1.65412514690932,-0.552372499619348,0.484545314334056,1.53332813800814
0.0302465365836622,1.50363997107549,2.74573575519614,4.25472479865915,0.742108128761389,-1.70986610630974,-1.53876154964503,0.518170149387496,0.0584116404287537,-0.752031772381335,3.76118399635116,1.19273939664146,-0.0669515629503879,0.993601126083588,1.63908426040739,-0.472015257388967,0.715751791793024,-0.182458012864336,1.14680596831639,0.281399928242228,1.13288384825994,1.66721250544446,-0.42275970332275,-0.649334252108056,0.473267594936824,0.0933307030741072,0.88842720921283,-0.245665991207919,0.185371236357052,1.10625624896799,1.18168148912041,0.686151627817096,-0.675117618717256,1.21201897364379,-0.348134254938314,-0.667171480264604,-1.76323284257986,-1.91324994091796,-0.466549019066563,-0.546298646210977,-0.241354492432199,-1.2599644632905,-1.30090747177919,-0.888008602720764,-1.66431652563729,-0.00927755509816317,-0.0790338127204738,-0.845937565303378,-0.747296474601504,0.772228637534295,-1.14334874113873,-1.13441854416175,-0.805618311045774,-0.190194597434119,0.718156250499393,-0.534368227927236,-0.627372694936008,0.281691817851888,-0.89419197347609,-1.4664752690279,-0.868084682824703,0.0930155808495769,0.165713433615995,-0.934141612907701,-0.58720605461529,-0.63065379371075,-0.0594261662774929,0.0727221405084524,-1.48140135695928,1.1992206812289,-1.14060570423953,0.155165618331702,-0.773507564060384,-2.10737494196801,-1.32175889723255,0.613773762133567,-0.250837768389106,-0.595552015270235,0.164240676361146,-0.366237092157417,0.100344415510981,-0.170171004381317,1.21477275613994,0.163533300987317,0.328395584000419,0.783976163585562,0.242266510535573,-0.0206402504306049,0.71612268918353,-0.0128223019537228,-0.278577262232185,-0.414696375116466,0.0205683038590598,-0.125314375901709,0.733715533663743,0.484170442246962,0.312114444404884,0.130820224623649,1.40901985040407,-0.0526001734449516,-1.37964647036195,-0.789800225903591,-0.211738088018466,0.294794903677315,-0.253995007590048,0.191397096042957,0.0934026677592915,-0.0453777027355579,-2.2209581245476,0.281487598957264,1.55537753867723,0.256530566139894,0.312284386036153,0.636005434275281,-0.171497560058947,-0.236607460307524,0.329555263252213,0.346681782566859,1.10585706198778,0.624718220057988,-0.510130201003549,0.545959079415666,-0.31957815319165,-0.139994508135229,-0.874821635644249,-0.837084116292909,0.0526197037730743,-0.751617564510546,0.174697119697875,1.45048557691924,-0.272722861261898,0.168343007255012,-0.577219919326074,0.369368346879582,-0.377867092590748,0.29848909115494,0.781371049163378,0.161027079655834,0.554499067759401,-0.439278013064389,-0.0583604324893884,0.155194651481852,0.099859508627298,0.505297433019899,0.692030844984275,0.0278085917845211,0.200437874159189,0.386672154650274,0.256322381404608,0.847193207993666,0.168273614383919,0.213382352030587,-0.0243891532097109,-0.916706145753879,0.403510235241344,-0.631546225817719,0.137280319521872,-0.220817958096382,-0.651297519461416,-0.746265258416261,-0.314713730866877,-3.42154759079724,-0.320375845587708,-0.486526713358733,1.65636660487784,1.51447753058747,1.72372072402005,-0.905708809000778,-0.923425719809685,-0.64533974153059,-0.985260066321608,-0.69604831873636,-0.688265751426636,-0.827780659405701,-0.609502084726869,-0.882183754135092,0.0986651925229105,-1.20756425808943,-1.57192171645669,-0.35375736445889,0.0552705734602866,1.55945607526055,0.970029517289636,0.213071596620948,-0.331150451743486,0.384474144111789
0.87844672602572,-0.0766646178444821,2.45554466443134,1.37881288776051,-0.266752883147479,1.28830447275318,0.851817444147239,0.316861613415331,-1.43121899693654,0.213033970765377,2.1103581285963,-0.455398796409147,-0.779799107207981,-0.818878062228673,-0.992473977580815,1.36541679467176,0.188664200102718,1.98406349355671,0.0231141655359801,0.53444606869619,0.081193115483551,-1.37290642189241,-0.299109143840437,0.0457318777444762,1.020270523763,0.551751006726391,0.43095988872961,-0.35723487836048,0.203830120717532,0.178327111362114,-0.105489364995215,-0.802737316766322,1.93535198815483,-0.355938952898097,2.03857727183636,-1.82292449234875,-0.434727926262695,-0.587795400165825,-0.810260624688356,0.156258757292945,-0.419393193477245,-1.44801219391046,-2.0292709259457,-2.03802420770965,-1.00929521840366,-0.642341961864683,0.840584618688632,-1.3682955677381,0.450515259382368,-1.29139207713912,-2.16177897878262,-1.55606173776371,-0.42676809141149,-0.806817712977893,0.20667026741259,-1.29815262073825,-0.284859782102456,0.289914712954087,-0.922801472412068,-0.444629855968012,-0.341807268778418,0.277575911375124,0.00684463230525214,-0.619821312212906,0.731574691442562,-0.390565285924774,0.278405658080566,0.0847154342158585,-0.209815162483917,0.175224259172707,-0.159420348758169,-0.00420132587288592,-0.204318091686035,-2.63210232772234,-0.412477618171697,0.345965853476741,0.18511195427193,0.136766524993838,-0.16463924383173,0.404965998426764,-0.597958154169647,0.681896439999118,0.711885590158027,0.232121294968956,0.108203454746583,0.0707425036257229,-0.882469431599317,-0.150769932905942,0.424325048777293,-0.26644808219167,0.343929463499807,0.152580644834612,0.337089978760188,0.354748008819241,0.930149686909652,0.0824351121583649,1.06588859855851,0.78085679637784,0.396564837817269,-1.01895560089033,0.205108169831819,-0.371749580629454,1.0942677772138,0.201432196656058,1.10262506437392,-0.041153092687605,0.414047268950405,0.229439990763387,0.168863188055383,-0.965144180973272,-0.866652700567588,-0.430337534620218,-1.43231850287954,-0.667570649874613,-0.295583425708845,-0.666379245791851,-0.18562249593514,-0.430969357552603,0.18940136184691,-0.224367116144011,-0.421935592299331,-0.767389201844132,-0.546889040586671,0.487284331232311,-0.966590186095121,-0.656695251320602,-0.3854948956484,0.0327942666865671,-1.2435516610277,0.727534518911919,-0.574088618884166,0.104591524622645,-0.192085884908311,0.481529646544452,-0.0927205644516927,0.272986937737623,0.540542381175115,0.560471015201426,-0.380356164593441,0.920558926016265,-0.121710936289158,0.177259660150425,0.0686144295182368,0.797052806285884,-0.00137813956635963,0.182115173468163,0.161666984215265,0.593628946115672,-0.213029355852043,-0.429245515258352,-0.43242590517868,0.07832662613635,-0.214787875721162,0.0419531107196328,0.647112989199451,0.0263651916610344,0.832826190010221,0.862445275173964,-0.837970555324654,1.18061501741052,-0.845812971256048,0.466458984618337,-1.36254974558397,-2.18279206576045,1.40211731302829,-0.478454315182593,0.213716473909957,-1.94933244619012,-0.148828110140031,-0.340414889106623,-1.11042512040434,-0.0169850060498468,0.219844898298088,-0.920951839728798,-0.186924242240275,-0.882829303889432,-0.50641388010735,0.514343159355389,-1.19689335554529,0.926029067135685,-1.37078429255089,0.498089887484783,0.919743424984256,-0.247281425356565,0.829326651625701,0.348395703698148
0.993303157292727,-0.641316064836844,1.25414579509605,2.0035221884923,1.99977741278122,1.62565336540617,0.252708689160143,0.280843558435695,-0.0789124806295428,0.394284150707805,2.20751933621987,-1.32133906901327,0.0173522789690659,-0.299870413307436,-0.644919481972867,-0.0926953636811641,1.23522467835359,-0.594210130196324,0.935913442959412,-0.148337408003493,-0.284319773837175,-1.30308816198852,0.0507126986868319,0.565135603963857,1.09303210714466,0.418630827959885,-0.927278749930867,0.248773417858598,0.562627551125046,-0.284845916904529,-0.764052809016397,0.946088689168656,-0.401285864889147,0.539677241909069,-0.0310852697779123,-1.16145049033825,-0.953107525588613,-1.89044219722511,-1.5405362546492,-0.0643683669303836,0.848997406782325,-1.83154982038974,-1.32313855143309,1.01060538594757,0.799092058571483,-0.0630429866951741,0.530667657688858,-0.903722028442179,0.31777584589198,2.15437249179908,0.225537775724685,-0.0724692659890923,-1.87456088791953,-1.17049329297727,-0.37782027571283,-1.23408129017438,-0.940807998311598,1.49535675568383,-0.474954864170237,-0.637860836693938,0.586022191343478,0.0534542313151902,-0.661127254228721,-1.03649809354973,0.725596495401121,-1.03077080178477,-0.714595234435954,0.624127998604432,-0.749995675737564,-0.297064225695538,-1.96480042891015,0.525268061837352,-0.46902567164553,-1.19218594645312,-1.10958268723703,-0.328180985178711,0.348648070421913,1.45888520683025,-0.269736164154651,-0.183212474842251,-0.367192750864987,-0.651803673077414,1.6229120207876,-0.204651759336418,1.37007101137863,0.433700994192909,1.07509192929387,0.374359327287348,0.549679039404697,0.279233797697737,0.560048245509466,0.287725334890837,0.129785138973223,-0.774758295724487,1.50773223264984,0.581933534162912,0.112638189371986,0.447516556428099,0.99530629437481,0.0162233844494008,-0.0473639828860825,-0.635704496220276,1.10225458224553,0.324142885321034,0.955511954545857,0.0300232544376194,0.766422891163701,-0.119251952196941,-0.980807798155379,-1.03324776752483,0.724799264185729,-0.909747045206724,0.673716131636674,-0.0214689757233851,-1.19133848308089,-0.0537857918311282,-0.667307495870909,-0.140441829062715,-0.486097593032812,-0.153702148643906,0.766122622893435,0.00397306074588679,0.330606552429976,-0.227160582215112,-0.0907512940696749,-0.470756477341273,-0.711424892841326,-0.579076197933741,0.171719988225927,-0.0772428142060382,0.161061098774968,-0.105379665784631,-0.100389126716673,-0.501200171529817,-0.886166518185289,-0.614875931064965,-0.908856116232511,0.462450407125503,-0.497973802595117,0.109934555096133,0.686048428580334,-0.726132542757083,-0.361031338284606,-0.798474405958975,-1.12723550797144,1.21308074148873,-0.188313711064962,0.3763601265036,0.687841326667089,0.67843084400715,0.099131652547439,-0.199095775056857,0.151750620038991,-1.07769126410488,0.720115424211151,-0.537640472318984,1.18001698471837,-0.026000578000767,-0.845453458400029,-0.253818687512011,-3.19280586728005,1.36460489792284,-0.621794161053023,0.502064438346311,0.808937217373605,1.19157795929832,2.0500227490808,-2.04340559555469,0.243580206439975,-0.634428144495695,0.678156340651111,0.442761134602286,0.409163571795115,-0.0102700008444102,-0.308242458242386,0.130094512067915,0.918214426266898,-0.497936051779167,-1.55944567664097,-1.49634347494911,-1.03084048068163,0.437643697478278,-0.853392683765027,-0.0412257496293039,0.61731768126714,0.523108259358817
1.42243583924825,-1.19837789427313,-0.841632612026402,2.86089194964737,0.828297656672745,-0.492164689944593,-0.616712631570829,0.50308132583241,-1.03202373544739,0.44072784284327,0.0470703123582487,-0.139893466199451,-1.3072468943233,-1.36699196750865,1.0478755839419,0.474037669807983,2.70166052576869,-0.674365073303439,0.871692559567795,0.26669560516438,-1.02134900374928,-0.209042566474075,0.867291181745602,-0.154812467726457,0.0970850602526405,-1.20851586679081,0.239856127203325,-0.410762086030697,0.548232201331779,2.68005099332147,1.0498328805478,0.690026372406416,-1.82854333684108,0.754576220597344,-1.76410071444482,-0.161547226274958,-0.254154994931254,-0.367156459664672,-1.78268410973607,-0.213810180099495,0.194678281503265,-0.00822459895052067,-0.172115574128259,0.114766400268206,-1.58352879673412,-2.14426942880053,-0.305766172880121,-1.1386797482203,-0.37424153637743,-0.540916998201198,0.840558361031629,0.682774387565349,-0.979252005793664,0.246149023811741,-0.318008047012887,-0.404645104794011,-0.210387586109279,-0.626973569755635,0.79166147273324,0.394773081103864,0.353729910313955,-2.22326407206097,-0.346215759913354,-0.458426135949902,0.0375428948794579,-1.33920346908026,-0.234100031766278,0.317929445028852,0.76536314618955,0.886194594510605,-0.157776707513837,1.3134555139383,-0.896682867937988,-0.441839594685678,-1.44613103986458,0.276423422803219,0.186285958192118,0.486419572753627,0.163414248347051,0.16389599783545,-0.0254851748447001,0.597947248663251,1.44099557752701,0.213723487299252,-0.202443988801994,-0.074663829219438,-0.207142464961504,-0.596296884324823,0.304686030919292,0.531242030994758,0.372618487120052,0.069082558803177,0.446643167672488,-0.0687407563945245,-0.937693861884185,0.0534230741078469,-0.802365189049449,-0.45121983285081,0.885020026854553,0.313517197052629,0.0380109445867086,-0.660727853152225,-0.0418315900464384,0.394700435723392,-0.0398096636568783,0.597172012210942,0.749037408760004,0.476623182264517,-1.10727722525438,-0.476598184795281,-0.458135797369967,-0.576963011370902,0.638397405728646,0.438712891989936,-0.283389876482307,-0.607817575928553,0.233847803180053,-1.88552531877083,-0.735133081055529,-1.00632957440956,-0.838396607718152,-0.135063231636707,-1.36002874547642,-1.34632934530532,-1.09687788508843,-1.02248617664527,-0.122700973438403,-0.837911666295813,1.20052550499566,1.26959610967616,0.933126087392985,-1.08834016856722,0.294638226057354,-0.641217584503021,-0.159341699665413,-0.68671692912904,0.560652070568406,-0.70617463302493,-0.0452290380994218,-0.0222421134065473,-1.01167289988795,0.216895987035617,-0.626556878196479,-0.3602936850569,-1.04321381217417,1.33790875357102,-1.42200953166613,0.193570463952145,-0.494761430629992,-1.1656750746748,-0.0029278512105728,0.283414439007634,-0.0172555072007911,-1.07008051277939,0.984302173699269,0.546938525834833,1.0895567693942,-1.43943928588073,-0.479881684893672,-2.73774579478127,0.173886340383801,-1.27333772834112,-0.875680386863225,-1.71772337267239,1.76711779707796,1.26736345704628,0.136528216099737,0.133518346724983,1.33907385064955,0.181478204766154,-0.130973099787102,0.343117211176373,1.0104569578759,0.483956191259045,1.79521117900889,1.78574059497373,1.62294282698029,-0.467579173120804,-0.747251671321869,0.271897376662163,-1.04910779459653,-0.43219731519667,-2.22102854442159,-0.220050763024403,-0.398200582234256,0.329880404423294
1.08750075035285,-0.199090749356011,1.05801802466799,3.28692034514651,-2.54000112234658,-0.241624207151653,0.584916939686526,0.345111148973695,-0.0874489920542171,2.42189042491161,0.0133462181345471,2.20319741680017,-1.22520919684868,1.41009875844651,1.56474421930034,0.0559365894395421,-1.98231509624003,-0.570061174686838,0.823902183612867,0.712783130597664,0.593906628246016,0.56959016210019,0.860909413131704,1.45908767117694,0.432389385917541,-0.138577435185208,0.752728414721957,1.2502121963394,1.23770708191912,-0.00235876349597655,0.715042132522505,1.93554121319733,1.33152793459046,0.132143552882008,1.57648952827753,1.31901276304349,0.144983606847896,-1.7457786799846,-0.308976900917673,-1.46163740351653,-1.49559846545088,0.254574926542745,-0.218195691863429,0.629439613960783,0.712413801650661,-1.11727679686491,0.040669947051453,0.185500931102416,0.163195178188161,0.838504145102194,-1.78837676075573,-0.0586528586160101,0.0355790341879133,0.287894161319159,0.406864986387729,0.356994792284596,-0.904630626052381,-1.08658585696222,-0.605711028300995,-0.14156310712957,-0.13753964974303,0.310927476569682,-1.39548758697043,-0.0461577446460928,0.830663121529778,1.82043695739028,-0.167458633954032,-0.0954725748295973,-0.23381589091749,-0.34029904078529,-0.618510909278623,-0.564877448646035,-0.181234722869352,-0.725663953372231,-0.415256764921499,-0.367077825864776,-0.198360684826624,-0.111886719807978,-0.193415978284114,0.0545496616472349,-0.427902336952746,1.41950905832935,0.376802259617459,-0.000392392984668213,-0.0383613010635173,1.56735689494383,0.230194083057046,0.0430846744244501,0.0409570455218298,1.31419486035173,0.04556565611616,0.0833568622549039,0.519240467198794,0.921620573968313,1.37844111666134,1.24347878694357,0.213740493731473,0.692316694430058,0.989679918524341,-0.492267480052657,-0.87831162763354,0.224295198121848,0.232694275522987,0.00559685280980953,-0.0069715398332117,1.4575777868687,0.713929239351932,0.267680897969616,-1.15851379228103,-1.98889480411446,-0.819711768925476,1.09550668495186,0.051575425974257,1.14299918281902,-0.473869287481775,-1.54862165098775,-1.60729492971022,1.22744154335383,-0.0912474154921134,-0.408868358305046,-0.409524575230938,0.181166836314878,-0.104466173897195,-0.743581713523884,-0.0850725669886205,-0.110102577904428,-0.577861826808373,-0.115171969395057,0.881094309064155,0.51278658716915,0.121138362620184,0.539195697243449,0.830264617205147,0.00663042617996354,-0.270337897957331,-0.285094062327707,-0.0386558812823892,0.257266387718543,0.237555045269722,-0.572399533317756,-0.342558266669787,-0.356082785088439,-0.0977361948536633,-0.109918057706394,0.715348027123127,0.100631586039323,0.0248333891208431,-0.445045642811818,-0.471618999654449,-0.679669765389402,0.0131046627782511,-1.27254064966925,-0.442759604396422,-0.572393757746097,-0.200008366548674,0.883164470586639,0.856474540432829,0.0492880365220527,0.542231232087939,-0.830980127709238,-1.51779655940556,-1.74558887495479,1.54396094712179,-0.77056123837785,0.0775759033986644,3.04548498515618,0.518019860086641,-0.0119744367317542,-0.398898084533357,-1.0939480904252,-1.44329652791053,0.395977041398997,0.0384394777834367,0.41167259341399,-0.943679864697157,0.0380105338354508,1.1018687668785,1.07917937446111,-0.382590148382307,-0.437197125851918,0.107351099457632,0.464057312850074,-0.833917709810866,1.36206858481961,0.846605424499439,0.668657611324239
-0.622531027805611,-1.26513258875437,1.44612821595653,-2.0828594427128,0.932534603194316,0.363442670848251,-0.930226803364418,1.23159114616113,-1.03257335286284,0.768388936514417,1.42613159115464,1.29608324881123,1.17738986286113,-0.632852749234322,1.08498824877661,0.554783629067586,-0.150842401731134,-0.248542427897989,-1.03706222525692,0.106923613605552,-0.67463742621801,-1.10471086335678,-0.258565770778834,1.93350195140968,-0.0672474473935503,1.35941520639966,2.05340837813465,-0.626289741187399,0.0335017359273544,-1.23417337466108,1.89555810590178,0.594630498370596,-0.168234291983078,-0.386107681217699,1.77840790428345,0.219183715147313,-1.14599295052913,-0.222724723230698,-0.327938710703025,-0.572000395346923,1.15683945261091,-0.656260528767586,-1.8611905368382,1.69061460061629,-0.0252723545960927,-1.4623053470933,-0.553001440715868,1.15531913889981,-0.518498562340754,0.228830345087016,0.0853741569627908,0.938160539045585,0.159998773809515,-1.93803428442886,0.00856432355810659,-0.68996397905913,0.2070050641121,0.662369959110065,0.358838147638442,0.84172210325883,0.663591641669328,-0.696210733761072,0.117644143715918,-0.300395670708019,0.723419754040134,1.03947502818167,-0.418337089172765,1.00510823182033,-1.0182847261396,0.376578620577574,-0.901349543052369,-0.752511418658121,-0.650340085948942,-1.71910347695803,0.696784336183253,-0.228894667163944,0.917755616063972,0.332158474492215,-0.567715127431899,-0.543784739170111,-0.30396295235007,0.872462291220336,1.49844246004923,0.315691944076861,-0.0999884381070959,0.634020046470301,0.158275219799314,0.519913859575958,0.25524649016979,0.92647092228722,0.684199263162696,0.871765480979683,-0.617275506900131,-0.266794251787827,0.679359109296368,0.630628734585461,0.385209488276663,1.10334573365793,0.541969948998615,-0.590184634469855,-1.14433550746469,-0.991704928831535,0.0143368439112405,1.49643285096234,-0.305304966973119,0.51208652537875,-0.240275960324012,0.307011138974635,0.275548872954501,-1.4792186990527,0.658025319573374,-0.360047784758723,-0.170574203030156,-0.895558207195105,-0.305307820525282,-0.261378861853757,-0.914999795247187,0.5746672351824,0.342482729940722,-0.0714277038054891,-0.865544359706117,0.574897878811393,-0.049093449364558,0.7876342156256,0.162784162471066,-0.604280549660806,0.86949588547422,0.0705011053020915,0.330350861356177,-1.14189127024173,0.604568648238404,-0.320475546355172,0.89805501204907,-0.412905128088058,-0.592112364842265,0.185517015321339,0.0847640637883392,1.817076640755,0.182654980867659,1.42598853187338,-0.0716317402368096,0.747518103092057,-0.223818972150653,0.85106813297821,0.589992459328871,-0.88771908811384,-0.00322626607625555,0.075793051229182,0.370326626535309,-0.155022079219771,-0.26774388482535,-0.228669874453303,0.348853979294713,0.939632434296145,-0.821985237874066,0.76824238125537,0.325259318249357,0.986358110684858,0.525650883377817,1.44725711953008,-0.0383973234559555,-0.300119626715861,0.31232884167218,-0.299877589143343,-1.56241483624469,1.08556714213394,1.59310339937639,-0.751585358574774,-1.087567676457,-0.774222239294386,0.588932768144342,-1.33978875152444,0.75357141989232,-0.54797804635446,-0.490811596785584,0.0695616577091074,1.06519151425299,-0.119462887113386,-0.704769761996422,-1.81126708958509,-0.335206262999604,-0.238656396077627,0.121884092748459,0.673437954152355,-0.953787717019948,0.501482822198431
-0.138437868540353,0.160591988129931,0.553468171328262,1.10147615198134,0.0800895856082789,-0.968320645444673,-1.84741282048437,-1.72420960614832,-0.674275130302496,0.837963094041294,-0.395952267423642,-0.0520754731341137,-1.75825336906754,-0.378145848766129,1.21767925769261,-0.0834594671511549,0.247026121981576,-0.861054833167452,-0.696084151156572,0.396146208007341,-0.526300484135032,0.601052745941053,1.78578604904723,0.86220687125993,0.339961322245967,-0.212862574941599,0.41472704958906,0.570174899657306,-0.0989390793620153,0.809302754779421,0.134142656899845,0.224624746049597,0.826531422646499,1.12056473616518,0.390079183403214,-1.12461036385111,-0.657980272751001,-0.315903937789307,-0.436232790448675,0.844291304479945,-0.994760957995658,-0.75631554401977,-0.706596292356037,-2.16586741721068,-0.557833377937003,-0.97940217405926,0.386176584810006,0.725479403264651,1.64899797161369,1.84863910226415,-0.644294148283338,-0.484483333277701,-1.31822729231002,0.726552227079868,0.18033465324169,-0.0200065837331019,-0.81627143577866,0.181432574700713,-0.391218366449962,-0.623050769450882,0.369262991960655,0.335587001322401,-0.350389813188308,-0.137911099862843,-0.31035495332766,0.0947223091119736,-0.212867666793892,0.828517129248963,-0.540995344313992,0.789119222239643,-0.877450355739352,-0.734626746644957,-1.63962192276866,-2.4449473717783,-0.0916390541710106,0.212077779721727,0.291571815460301,0.416451192075049,0.466975988369374,0.247326070004421,0.0756116476701782,0.528931668749215,0.645920955619142,0.167332128603611,-0.254581714623077,0.96005593985005,-1.03268236539413,0.0314121774935402,0.26670684354687,1.15315223931954,-0.63617104941268,0.448300799775398,-0.00290144864197872,-0.390825087622923,-0.128957210285463,0.389552209389873,-0.158193207050277,0.565355703252422,-0.613859819958135,-0.861120983963755,0.319848014936698,-0.359601107270679,0.256388246677136,-0.384204225212962,0.0293262384589428,-0.249706672167155,-0.495685526427799,-0.247932303953147,-2.49753028673237,0.754087599849317,0.688347888002171,-0.165710181600745,-0.3458687194137,0.5209324134207,-0.287329761394014,0.727925185469201,1.22087619665196,-0.742122732098007,0.274427527787719,-0.124467845504151,0.301146591512116,0.453652210163979,0.470218659471233,-0.0566540262347188,-0.178334301875208,-0.683986975592972,0.297309665169643,0.69452010668548,0.680567981303601,-0.21853745262185,0.41711534493046,0.660006986840541,2.09154615621541,0.324467124101758,-0.0925120673254342,1.10611930849385,-0.357507772369687,-0.188713416561264,-0.0927372415981144,-0.332641101426905,-0.140909602921525,-0.955197515418288,-0.508155619613748,-0.803632015807799,-0.330989717920546,0.238635332125944,-0.263979562198703,1.3288194078533,0.582060747027331,0.191090060155179,0.0665413373557421,0.296251393986741,-0.0612689628747533,0.197874973456391,-0.000580396362339123,-0.204687326230725,-0.0143883204951006,-0.752675863218107,-0.270943775152259,0.50683315989429,-1.29745120155727,0.932651931782444,-1.28206802438384,0.479638085032582,-0.278188941108957,2.59936810265584,0.57108331504989,-2.52181427306394,-0.409007436076343,-0.753155870391122,0.153287651933465,0.0342602490592203,-0.102081169921821,0.395582437772177,-0.356903408487582,-0.390099596797379,0.141260690898785,0.313910761492942,-1.33145126097258,-0.842603769400495,-1.2952539911694,-0.488747091488602,0.360894997651802,0.132216800422611,-0.0583766253449888,1.43825725391458
-0.050694962432163,1.41633573109493,2.18218237822252,1.79101523176939,0.0170901991252445,0.143527114913763,0.130290429229312,0.875549520733155,-0.72677894073027,-0.616926201984516,1.8894566478205,2.43550629007477,-0.0182377642591943,0.541954796104588,-0.811618557405493,-1.0048087734363,-0.183499717113157,-0.380460770141387,0.711328010750189,-0.375517484397709,0.321585646127947,-0.535698564319789,0.0727572054456218,2.33966327171995,0.231095048624156,-0.0839725796908027,-0.398820587479788,0.549231225565931,-1.79952186775419,-0.924083612862149,-0.755711852317653,0.681558300455169,-0.797758773969255,0.129788895545183,0.343948621285943,0.258134837289836,-1.2284718197412,-0.324092602231476,-0.493692593155156,0.0511339461295958,-1.3808893823082,-1.25176095705959,-2.36429190720237,-1.75804724427114,-0.405478993677956,0.233712459132153,1.0882379517177,-0.61248185458862,1.42156944187196,0.564380870502786,-0.53454741269762,-0.930962967608266,-0.762456999266268,0.50816285765341,-0.125995496725195,0.251577590929294,0.588012313646658,-0.509881076806374,-0.122684863251509,0.295402967695354,-0.889080185251999,-0.363982156704613,-0.0739466331885923,0.566532473134172,1.53788590466171,-0.742414116575936,-0.726281900267238,-0.213039836332859,1.70470750555468,0.0772114493214121,-0.730614621816623,0.897079569447514,-0.201620241153258,-2.01484492375571,-0.0214637088273018,0.353946934065712,-1.09540151467253,0.516721311588501,0.486901527516878,0.464266723355419,-0.188828728247544,0.206895167978447,0.100677171881141,0.177721623355743,0.071395467127552,0.0374638298863903,0.723095563999583,0.200160608363428,0.0385116839666387,0.779274285549197,1.01796679436731,-0.923720115007718,-0.344076402367128,0.104582380981893,0.0490040219503618,0.527808521576432,-0.488139500906295,-0.377662424219873,0.839868854937591,-0.157105514063096,1.24193613788599,0.690789505281569,0.345178190551489,0.0758254136785895,-0.209309146680327,0.955775296877954,0.722429822756025,0.0590834507177759,-2.52577146377596,1.55998646233959,-0.695927441322178,-1.05603935172657,-0.495109622658017,0.662875013541266,0.985611858361731,-0.0511046621568196,0.455407206951475,-0.342244344521359,-0.171500239389004,-0.469116703591857,-0.441853599173258,-0.620139608695613,0.345030376342464,-0.529539243545609,0.53210471210531,-0.52182208870755,0.185586600081307,-0.0651670752171122,-1.52379482971595,-1.26384726883997,-0.307239334273518,0.287611707235637,-1.36788614566299,0.33114015110811,-0.279105729925686,0.248375396029317,-0.23261412287188,0.181097607240181,0.0504793750312832,0.706411096932352,-0.585790443675454,-1.04427535439688,-1.218483426414,-0.927608680225796,-0.079879316092577,-0.0173865515581253,0.798393138843109,-0.0337403098173506,0.552677630133958,0.162301896291927,0.0562901565312385,0.2280405060404,0.320059127622238,0.337802751109667,0.102118798520844,0.835211327057928,1.12502756675063,-0.758278749152836,-0.0255638300024768,-0.807995376217191,-2.12087309046881,0.60126589344494,-1.31711773763465,0.614787529454268,1.8372005907564,4.02294749670387,2.83348503051121,0.0107419737256843,0.469430170277985,-0.0181650035851461,-0.000874589629373704,0.128752066542781,-1.43801332119074,0.127576152866804,-0.194598867585567,-0.236280298358939,-0.497920394133704,0.170796276766653,-0.629981195420519,-0.535831759989466,0.633823070367195,-1.47931136130151,0.154861993781468,-0.643358347996773,-0.1793248844901,0.307372594173005
0.144485085266755,-0.776062551329803,0.642762783887023,1.89965399644932,0.562716208784512,0.318507216502368,1.4806720831468,1.51295939162488,0.060992320612618,0.290731109634646,-0.617790314885055,1.15051559559392,-0.369249692142832,0.130889797175391,-0.0695203587348722,-0.476170859800307,1.64690071887417,0.714140523509267,0.720818657978978,0.020286899915809,-0.30644901134378,0.459178470244458,0.704419360414183,-0.24886049844369,0.0574745481677305,1.60906159174254,0.983957551022955,0.490788865352602,-0.383513380761251,0.383527146911621,-0.90747383538642,0.0651240811975399,-0.67237480238722,0.562495059053227,0.164437365526647,-0.88011086211899,-0.947277297085805,-2.14738395450609,-1.05218551416336,-1.48015948011623,-1.46067882363435,-0.77116918292122,-0.239950486768336,-0.685274044361703,-0.788244946974477,-1.04187722182795,-0.154149700171155,0.935070624015682,-0.4456296551224,1.78478599078681,-0.280463713179808,-1.60442516668146,-0.791729466891634,-0.137845172189929,-0.576693816879549,-0.7907892696389,0.758814207324216,0.308550531801979,0.259633167215623,-0.92951871527949,-0.25744303554185,0.00080955794392307,-0.0362892554739447,0.601633447587124,0.113084135753191,0.245689941858066,-0.177462848998484,0.6299575703728,0.213482550750816,-0.360318012185719,0.0242356736796593,-0.179771980142016,-0.754960535979655,-2.28210303120901,-0.33072544093122,0.233362182724639,0.755838371405221,0.0820217704826512,-0.126748853246917,-0.266983534802921,-0.352851057372384,-0.0429836141885376,0.822938891593681,1.70886373228265,0.731877287227927,-0.00671881277765737,-0.142320990658754,0.164386221276967,-0.401764998631779,0.618431166750679,0.266579807299485,0.110876503395627,0.137514271728622,0.805552325249144,0.281406448353148,-0.856284384752036,-0.13753187346831,-0.745564888526487,-0.620177008179315,-0.399020534268497,-0.188929674563036,-1.26507702385734,-0.422110738326502,-0.205594666850946,0.33674271778984,0.534786282759715,-0.433830734306579,-0.0294554021266864,-1.10882384708626,-0.0392099480964461,1.24375215108367,0.625644249504669,0.404869455924116,-0.319451622906281,0.787586020714181,0.426480929458751,0.815696790548772,0.186871785268185,-0.18687592345694,0.521776195162451,-0.817883752453448,-0.238152241955815,-0.467307892421727,-0.889113061074791,-0.198807099390908,-0.1165091038256,-0.516005775411597,0.486894316290994,0.838563792930381,1.14250320903604,0.14796338622833,-0.581267882458029,-1.90602520296747,-0.34749278035308,0.676501318382652,-0.255579370232261,-0.0215035541478471,-0.0195811831298956,-0.990974435332796,-0.632349778585235,-0.67646556796321,0.295811638518703,-0.795411870204668,-0.296481162071845,-0.636238075324069,0.380390777354446,0.194775409435595,0.483732541675617,-0.764169420663804,-0.558257418788988,-0.388692596014152,0.733442961497635,-0.500498669862148,-0.242853189068797,-0.938224658552425,-0.288459249023432,0.0853546554090115,1.40063659835098,0.277169479617745,2.30791108662683,-1.97618634197372,1.51383376369557,-0.979163120242065,2.20291710988536,1.95416119139315,-2.66002610943972,1.94104217802505,-0.966125554182038,-0.692176348491389,-0.171050902377781,-0.322425838656433,-0.207774869218053,-0.422974529298421,1.19546025220794,-0.692979215614534,-1.44435747450842,-0.0266048880248841,-0.348786966743879,-0.898505578261916,0.128256529174382,0.444339421153417,0.314019331989113,1.32574954083773,-0.672231639775715,0.0604743804672518,0.640582136132019
-0.138861954032449,0.699433660510366,1.36070795887169,1.6905523313435,-0.28582568872056,0.652129007212606,0.221642476275603,-0.429815811440822,1.16520375547118,1.0005866563541,2.27417868176926,-0.838988306337793,0.601538619357383,1.79326494642581,-0.587934268070714,1.08861889116198,-1.26287625846914,0.701410456424954,0.0681735231503507,-0.403343654050249,1.49541770651462,0.0618575354380068,-0.505091051005105,1.63124162380284,-0.200752103832881,-0.607810663218109,-0.950075509653188,1.06904500685012,0.474042422909237,-1.04156606788242,-0.133943773038563,1.20646064836239,-0.72081710921508,0.483778391546768,0.847770973220346,1.68074118439345,-0.15466878297212,-1.54238102694482,0.449265430630146,-0.0961550785712722,-0.876408736000561,-0.167447639418547,-1.24001813847666,-1.94030342526206,1.16343296998281,-0.104618101548096,-0.699162666969586,0.689832141047641,-0.894644199202902,-0.359982730746352,-1.08090743365994,-0.34916342129786,-1.92505875639422,-1.41893692054214,-0.550766145642853,0.400752401478734,0.314079787893708,-0.150086670863779,0.312711209412314,-0.495654112027235,0.483091984663165,-0.873371505195086,-1.10447270065699,1.40435532212774,0.0728234245829393,-0.153777068169275,0.586807192755083,-0.59918555635072,-0.346769973610599,0.97224699042493,-0.605018154510804,-0.803553005661549,-0.675482411824476,-0.571530222329366,-1.2723250094088,-0.835822843199082,0.927293867783218,0.699212737020893,0.548517003346426,-0.854296463447548,-0.312249437858389,-0.795368374799382,-0.0200664809850496,0.389747152179117,0.473112493162585,0.526320428711537,-0.70185748000199,0.355998419767984,-0.062443640373605,-0.320740127168664,0.595270857501467,0.559762429711112,0.338199470613998,0.641527730879292,0.61888341659173,0.755461597298241,-0.335545593706964,-1.21802916640752,0.712595871191502,0.0138530258962512,-0.134496553576515,0.471508879753101,0.0352621497440574,-1.34536889916562,0.155019444036059,0.167831526925128,0.171732228030278,0.418206135320428,-0.892426333141522,1.03564897483082,0.165504262988637,-0.208617271894246,-0.794068668028002,0.308712178723476,0.12195397471725,0.386825733131198,0.660805783938236,0.648026860453874,-0.439955429460227,0.432307741595221,0.293399501410145,-1.17669833122964,-0.510897122859119,-0.828561046185835,-0.033243385150652,-0.28498849836406,-0.613723291266025,-0.285586341942484,0.1017567869512,0.258791067132675,0.770985186711338,-0.735747443922586,0.458523404138611,-0.000219842752300223,0.428354143353514,-0.0571908624153912,-0.605400025377673,-0.116957399611854,0.347584697687824,-0.267910985882477,0.147612723216752,-0.352653924221259,0.0155583271677859,-0.00383121790052285,-0.163904801329435,-0.293533082898477,-0.915615514549467,0.259707094554727,0.497611580307573,-0.350037380466117,-0.0475451828372976,-0.482289205544736,1.08609395740287,-0.435002085625888,-1.30166847356017,-0.506549692959546,-0.570787310737308,0.861389834484067,-0.311854497901625,0.875218213766258,-2.84561593338651,0.15067071424947,-0.571688903287762,2.24444841042306,0.378828559564206,-0.660715200515613,1.28016576308662,-1.57926190839229,-0.782239166651535,-0.0870965806122394,-0.7973975573266,0.284826123708865,0.128883701959771,-0.168176308099552,-0.796771253874546,-0.606701180315324,0.00930709378163881,0.807572757014244,-1.18224654979093,1.22504978371996,0.430961081757528,1.46145638741259,1.158274529438,0.243304375418452,0.457664778309782,0.996322322074665
0.464320187816364,0.139738949310772,1.12065684079673,1.83783795379085,0.00603428556755864,-0.479374389698502,-1.26419132654962,-0.708994605099893,0.906067726513055,-0.565901714909356,0.216481640749208,-1.06360815264487,1.59498962136336,1.18642939355879,-1.04866088035414,0.286664704520338,-1.76854335123446,1.96096862036579,-1.42272948401384,0.0273803873597735,-0.595798079781442,-0.278486382140273,0.304893045339228,1.45259933159018,-1.64468317647957,-1.83645593464789,0.106051578655396,0.630340532111502,-0.899122646688668,-1.15373175875353,0.488721306505776,0.881424217877611,0.917433774882868,0.388716499326843,-1.29223773495434,-0.375119429277708,-0.0544940042528512,-0.0989876219935796,-0.277738923444448,-1.15551682887219,0.313959862694636,0.573765411014839,-0.127608186900414,-0.659402302684529,0.524686777123641,0.0406635255600704,-0.263005228683922,0.468942475763022,1.83884781839076,1.62847879366299,-0.058147295801317,0.207915063228771,-0.242910001763303,-0.173325062470061,-0.146231126695704,-0.260422828495589,0.45753108492765,0.457451222157803,-0.11104213736668,-0.784096970221119,0.480590868624767,0.389449599423659,0.168418366423915,-0.22886965632896,-0.470830611762104,-0.684323816800244,0.171120098233006,0.275592200646978,-0.70592096292066,-0.886552232022763,0.50107581573756,0.67677267824279,-0.76205433196101,-1.25865098472386,-0.719926954675302,0.141497142134259,1.78438674723043,-0.307565642314297,-0.326986705050662,0.406106656728581,0.166835369723414,-0.262779224595474,-0.844575218825004,0.216129171150756,1.1555193807829,0.121810041002241,-0.668746551547979,0.31797132190095,0.27155286182179,1.75654468346414,0.485365900477127,2.01247242022412,-0.745026836790811,0.0422036409426616,0.000350867400551924,0.370662532027945,0.424755930181022,0.751879844171876,0.527559452652111,0.872241168396605,-0.263499619143707,-0.609688650992943,0.663125394716994,-0.258618658878414,-0.87501687013638,0.84524872462253,-0.306614815729767,0.338245732222854,-1.28097133386281,2.15773618701823,0.520930179555278,-0.131955000828639,0.832745728736947,0.0108866037364527,1.09788052118789,-1.17796232856609,1.18191789122816,0.568193856742125,0.482973528170132,0.982999707837847,-0.027828614787765,0.74493492483302,-0.36524755130044,-0.0970998360727058,0.130734098139137,-0.790552842699267,-0.0291622744764077,-0.43079658057641,-1.29594260321844,-0.49048199317425,0.195076632934534,-0.867474725388863,-2.26299379143861,-0.055340179220984,-0.634253474542476,0.268863624794281,-0.159727229907324,-0.0140554296677621,0.744825893823437,-0.523593665773534,0.00995430685634762,0.906953117303499,-1.0364654887209,-0.00382440797816727,-0.297823200430081,-0.776104018405815,-0.135246137587204,0.515748929491912,-0.304010231201543,-0.0403657257505506,0.190329131564456,0.841802642967352,-0.385835574859816,0.431671638918261,-0.158738460993264,0.211900503625788,1.16268927788187,-0.791092672115731,0.671748426614105,0.00980345972916727,0.80348815500939,0.750192398498394,-1.019358835664,0.764341251366021,-0.21087584061203,1.35467341522265,0.928560326009136,-1.92128199724893,-0.716705128494583,-0.181106204484534,-1.21297738725569,-0.0282546000589156,-0.493602059513755,0.0843439723865103,0.709832402054423,-0.81225649168032,-0.0338900356469786,0.0535778194011917,-1.63453341889665,-0.0774407242919111,-0.886047314791973,-0.415466618078372,-0.515051127424944,0.290932324892661,0.597978505466316,0.889416290088943
1.29796669167831,-0.246226161472139,0.479950652382126,2.05086847113973,-0.554410643888626,0.274330377482244,1.10672023484149,0.817245551755378,0.405429433504047,0.343590426429092,0.0547664312411436,2.11716601324259,1.37986668724288,-0.701425559770357,1.7380452867399,0.446774929738789,-0.945150027355817,-0.766983494346347,-0.822262976539778,-0.429837592216354,2.02320115289345,-0.631260722265449,-1.89780055049522,1.69903781138461,-0.784263362815932,1.85462948877025,-1.04004310042712,-0.198788421508048,0.148897020374815,0.77868500901646,-1.1864952009777,-0.286046429290559,0.210120917224419,1.43756510472847,0.617117120550417,-0.399350364603229,-1.82912680791166,-0.773123732694571,-1.26581129519691,-1.05891846187776,-0.25369264787141,-0.974217812092307,-2.03298075862517,-1.23414573795937,-1.00645256466365,0.672664073097951,-0.102220163105355,-1.57444119923324,0.838713301654823,0.290192577297715,-1.30434245899898,-1.62942721742329,-2.15618087641936,-0.25637613691404,1.94050208070484,0.24074999262225,0.248010362561312,0.132364457562334,-0.323297420027899,0.799966725692244,0.825135174158534,1.58851526116028,-0.376320431205316,-0.237312408489687,0.887795218334245,-0.083908522392201,0.693551924671396,1.35632727620512,-0.693358190557042,1.02948554187648,-0.138336510166006,-0.806990253421437,-1.03888171123182,0.960575195810831,-1.5265073441393,-0.104596981464959,0.437693911496612,0.333091214107849,0.22860613948782,1.15517903676202,1.22683990566639,1.01788401162644,0.845381365802823,0.463241853098729,-0.265832320654967,0.653364676811657,0.348971034463879,0.483173728262132,1.14627623009349,0.975557418079023,0.273049666246524,0.915154475054579,0.140730546090343,0.517533755175997,0.284452926648473,-0.244098097363183,-0.412077422197353,0.98151901619928,-0.0269740572000307,1.26859605443273,0.742443918358314,-0.46040603774063,0.443244372241613,0.778617374399608,0.329318523390164,0.163961975910129,1.42433208207123,0.208094193649937,-1.82975553629198,1.20989393518496,0.425787288214193,-0.695517991333313,-1.17345003759447,-0.730731294409092,-1.50671233742662,0.144524778524074,-1.16527888779247,-0.990732559505155,0.448700532133383,-0.117179480522534,-0.721311273518516,-1.42512292165877,-0.0770021850561864,0.0152356532207712,-1.36375175805478,-0.913921444216609,-0.90080939265749,-0.278992925849314,-0.170189080121134,0.457291868170256,0.663016920174827,0.558111074408779,0.513701876337269,0.563429779092997,-0.268443702973289,0.489863136050524,-0.366658479604245,0.00314053960254264,-0.811354104669166,0.501181585225671,-0.189515819112744,0.799175437196274,1.15875527574463,0.372626085050795,0.22867650990885,0.0696167845041199,1.20107364137238,0.0194126038118161,-1.32337605520939,0.093785467889867,0.222614260138373,0.293599470848351,-0.909333436798528,0.0153725394619576,0.505755795649403,-0.221351067689313,-0.72966822655299,1.05868056932632,0.501881189574441,-4.01344735932,-3.47951541788147,-1.28002243056719,-1.88398854424009,-0.665618097282843,-0.0771611606514686,0.458088610727655,1.74194936757896,-0.610820182713947,0.24300495858869,-0.125084734348878,-0.801874802660784,-1.12358089750673,-0.354863173807323,-0.609217510934105,-0.581696992002987,-1.14146957197804,-0.224620211245629,0.00473437647110231,-0.469370185479417,-0.228915898960499,-0.382755459448643,-0.44459049362658,-0.924395236721877,-0.45024846760344,0.197253664389897,-0.678787861692047
1.42058573101907,-0.504627854950099,1.08038906888977,-0.54994653748477,0.798420115780896,0.821843047679368,1.32171826158445,0.143260473516694,0.753893173580106,0.738677134045186,-1.56038383337481,-0.423672573227982,0.262688884913853,0.951937184936225,-0.0236164237564246,-0.258764007289031,-0.183126191668695,-1.78537894259591,0.271323003270222,0.435866077777474,-0.97489028424842,0.519195526673978,0.122974031646643,0.608105064051088,-0.41409907210052,1.33890062309133,-0.598675440771208,1.22865964889262,-0.395914286243837,0.453024419704571,-0.717957491423678,0.0112267729102677,0.064923894210774,-0.383266917291232,-0.0641964815766428,-1.06776267974462,-0.533358740417421,-0.84131997930817,-0.329660061968245,-0.183372310762605,-0.487845275647253,-1.33586775113594,0.110192876392649,-1.56300048054597,0.705712457158049,-0.294800027893171,3.19849237112246,-1.00046655045363,1.78027860702126,0.0735683386021403,-0.702646235054613,-1.66417986233014,-1.57429933792167,0.152873764047288,0.672057023072026,0.261525872584906,-0.547569066923264,-0.0869685645602893,-0.453363863422149,0.221583645407759,-0.294753960233299,0.67087543638744,-0.0932702292337263,0.540126197658167,0.00117022631786588,-0.751835487332258,0.302986951121667,-0.361824677357564,-1.04902963034224,-0.938287670689701,0.525784277473488,-0.421809244753008,-0.909155906795602,1.31616023109976,-0.072437686637972,0.188457379852535,0.738036594123758,0.219495492717433,-0.392905738305956,0.86128989814301,-0.266002690835687,0.0522037365551388,0.242473630625522,0.274289599655918,0.472855661715956,1.04612949950505,-0.0400058164632124,0.494185908018282,-0.607864661282589,-0.54360830989135,0.414561521377031,0.627192172866947,0.537121448684682,1.16580170985102,1.12022767289414,0.518019928148337,-0.0102994574053421,0.509283512828998,0.606026150261542,-0.191006808273498,0.916877839153836,0.947474720573146,-0.707979512744105,0.787337037244445,-0.56296205462444,0.142080983209327,-0.0882524641016153,0.278397335830574,-1.5335942121019,-2.27570291777208,-0.676780035374178,-1.1999493179183,-0.110275536300808,-0.125054767432103,0.652498874762356,0.405230546030423,0.14215005171582,0.501821168242239,0.443830607027717,-0.759899234549553,0.243202139635346,-0.0483871360888047,-0.00840551164808808,-0.288772690308139,-0.152443347500297,-0.242973831524857,0.804696247238654,-0.378939176464344,0.201446247866025,0.0558803896343124,0.362655373403821,-1.51448479348598,-0.71619127320864,1.31928791457567,-0.48840391552365,0.882975814481125,-0.336651935194047,0.292573950976423,-0.37974645837,0.901573461449088,-0.198459910718922,0.527447798174489,0.726376764751694,-0.655791553804643,0.0746223895056832,0.682832307981385,-0.0123010315917206,0.415957359830824,0.38755817152766,-0.181015697640738,0.0252133112230488,-0.616484351079431,0.733773850254148,0.674934289139251,-0.665635986003111,0.540813513864645,-0.0775557807710352,1.97513516158083,1.0875491289043,-1.47505357858023,-1.24679779288338,0.921235219964179,1.46082826729906,1.26424160270297,1.92537612747982,2.2587370922802,2.45325078148181,-0.952709080350749,-0.611706895010017,0.581726238800682,-0.112905882353261,-0.410315844369167,-0.326191318143015,0.608089696189141,0.476392411482146,0.188078862025398,0.426756983233311,-0.0692088601237252,0.130184954196823,0.28506724583353,-0.714691470422088,0.575691907726871,0.645054789597106,-0.40586669941076,0.212667029337483,-0.164899017335302
-0.174901047679915,1.56380978987606,1.43635832118643,2.5731851796162,1.31454780410309,1.19648801434166,0.488396035416178,-0.168630842395233,1.69265027074884,1.27077715130093,2.86819612074701,-0.483369376197766,0.223705324141945,0.509869431826182,0.0362277330186802,2.4457257848576,0.174360046399986,-0.137505283222144,-2.33767122962325,0.671753320522095,1.18065104864705,2.71885671908132,0.0663721679758253,0.846136173896658,-1.35240482925828,1.07578480951517,0.957998565222224,1.01912370006431,0.702650530628558,-0.0115832491266033,1.12393582337731,0.810146278894629,0.89235838356293,1.2089439869632,0.148767417146579,0.293113629852394,-0.70421485353246,0.183601228066107,0.487546046097484,-0.58039674774458,-1.96581509723299,-0.546348899895298,-1.12805799354306,-1.19265065763103,-0.634073137734512,-0.853789201583747,-0.656340052920098,1.1269857008984,0.11486364445148,-0.408501696364887,-0.461335465026738,1.83774578103718,-1.2416456484873,0.618840963693395,0.335494664136789,0.436168303587248,-0.60674045246246,0.835470402781124,-0.131519347655703,-0.303405680507342,-0.63250852668787,0.463062505619406,0.0117233288534805,-0.807523869136834,0.914697210576074,-0.1252951577358,0.232492652650441,-0.629688623652635,0.425972466170695,0.124083124001851,0.382223092484845,0.19348184046387,-1.14099545000861,1.06333978909789,-1.36952216091058,-0.321429017077571,0.606040284997971,0.143723847242385,-0.15793022298868,1.17013042226732,-1.0447363805217,0.616141936626736,-0.58312626473631,-1.06800038241463,0.879581909386615,-0.013591401349537,0.734298155017558,0.363090844120785,-0.196889705094889,0.488675040284211,0.602361980784854,0.659005096423494,0.66950539772969,0.546325906731926,0.382235120892755,-0.0923676936571269,0.386266571712596,0.973179680896212,-0.49078824227095,0.31711010240712,0.210543722463158,-0.0613416153403748,1.28095770624635,0.0624296952278845,0.266856789535147,0.649238636376474,0.505892393304978,-0.0504353957138284,-0.0205679116200956,0.357050677537055,2.96724990736613,0.0978600897413266,-0.583801867360997,0.23001222400784,-0.575296556627047,0.0634821737979957,0.522264144356691,-0.600421038350342,0.223702848746051,-0.449354690544957,-0.948189135232703,0.0382649526015272,0.107012875294661,-0.275591143521208,-0.333019412210781,0.540557674559124,-0.122178687421445,0.606123754774081,0.032808936905277,0.0135876204483506,-0.976180871406958,-0.468315062072827,-0.903477380411724,-0.68933175038519,-0.135704064263009,0.0148633215764421,0.129705815556686,-0.450787213601011,-1.1386079355075,-0.770985959000225,-0.501568224454182,-0.555696567477559,0.24087183265925,-0.0543645708992111,0.231276137620506,-0.436370114332274,-0.341102086136629,-0.727718423998476,-1.15864130817728,-0.948223278559622,-0.16907662598905,0.045865874321136,-0.201839796537389,-0.631679988564059,0.142221978703721,-0.423731750671939,0.062367668635991,-0.68697213506853,-0.756808005333004,-2.14875473169817,0.175954875977086,-2.55372561097174,-0.974616014656167,0.491855790364983,-0.577513472167129,-0.134280266813291,1.92432250347338,-1.42345070952765,-0.555976766082297,-0.06022220708827,-0.1014573154485,1.18142434334979,0.0588841065700605,0.545761092007809,0.427303041724623,-0.219707697551422,0.236083499572827,-0.690456113007752,0.0809100027583082,-1.34006724897214,-0.54454982562979,1.45262955105579,-0.0440006608906753,-1.53034862539303,-0.205458481432241,0.17634597535883
-0.178981509389581,1.46591905662405,0.881258525375053,2.08891205789548,0.162318082111331,1.52974399829193,-0.576750159022732,1.18503224616979,1.38280997087939,0.589622987823313,-0.969221871565129,0.330459671701631,0.701285834267797,0.637796963053038,1.11937692744816,-1.46675990712984,0.0749126392082582,-1.0723568421852,1.72330185228666,1.40754358558593,1.0170493513202,1.44253645999794,-0.179992859454994,0.370027392510233,0.313602114742859,0.295147365241517,-0.993933728586494,1.31721190056365,-0.09276390975601,1.24063643997936,1.71978177252545,0.647326688829286,0.850477294005789,-0.760586124450696,0.675404966620523,-0.593993883762913,0.893177940672144,-0.794613178275086,0.194205214988431,-0.403656490140157,-0.25595918164358,-1.31465683301659,-1.22276561591982,0.512794536680679,-0.96018369801441,0.757496519253063,-1.11487014400367,-0.977486083611593,0.878741427054707,0.207980393548946,-0.861826951196112,-2.26893565685552,-0.54312741666614,-1.78188179595128,-0.114847693550874,-1.09064041643008,-0.678997624077115,-0.605959507924621,-0.366591971177395,-0.7049467109068,-0.773210374570584,-1.18868352652921,-0.10118942849984,0.61066016906229,0.891666590131661,-1.38282147260056,0.936593153428861,-0.177325781220323,1.14957815307646,0.626314356634183,-0.3876285669906,0.736285232749538,-1.71904519664208,-1.30440079695598,-0.943385464093931,-0.287126132286866,0.260496287195608,-0.376673589642397,-0.964634399312877,-0.00216390139389928,-0.757051117772814,-0.104428247818355,1.21286711825945,0.875650706522555,-0.0267184830352208,-0.333291536391629,-0.875118303954857,-0.431079334565893,-0.465271346982246,-0.57640914169652,0.942618280022394,0.250086867270103,-0.0305210965867882,-0.0534417427481353,0.602625381369538,1.55941969118465,-0.746747213728246,0.214839621542902,0.925263770969494,-0.516588717723682,-1.34599379372034,-0.525570571080791,-0.281905877972958,-1.72127062280368,-0.699468978910713,-1.15131670814991,-2.19879147475663,-0.251310134061144,-0.500448539275417,-0.0507935643380707,2.99365932065579,-0.869273894124998,-0.814066687802079,-2.05672861269259,-0.00878873779720074,-0.758610505037611,-0.397225261911966,-1.10522263806758,-0.611027419615535,-0.73257399461304,-0.352802890337267,-0.59216037617479,-0.447731989287961,-0.85412155541846,-0.545881451561344,-0.796383498276597,-2.60512324465007,-0.143002611915118,0.586433496161008,0.582445854608468,-0.17381690666296,2.07771939363455,0.0559953118633936,-0.0341908967449352,-0.974092673208231,-0.208894409632848,-1.19117433702297,-0.40955717766154,0.478422911662452,-0.0374076790089113,0.534354670199116,-0.97513510590658,-1.02667957922763,-0.314550245548002,0.0267131951801489,-0.432152743233165,1.25402606839322,-0.476041429301991,-0.838274864715482,0.108534734792481,-0.206000189806363,-0.104749635708823,0.246244823847022,-1.19700343480766,-0.313107749523095,0.612291946478616,-0.133572974035918,-1.91003954062261,0.641422041921067,-2.17075242335021,-1.11270822861768,-1.96313743553642,-1.66195888764294,1.10081359333417,1.05525710871473,2.09770786674489,0.188430010157585,-1.39255540411234,-0.32922556892765,-0.386178174376674,-0.760564342081014,0.776494848360863,0.602199993389662,-0.696972335317322,0.692311032293286,-1.00562301965672,-0.289496443531573,-0.436133253829739,-1.30234857585019,-2.75968628440891,-2.1250011538006,-2.11203140448472,0.0339877593058196,0.487586100246694,0.388672398712982,1.05207341372968
-0.144224744696654,0.760230063332023,2.31285668712544,-0.730311145737507,-2.33669122723356,0.479587968210931,1.01510361632184,-0.297406760016852,0.982795042163763,0.27888772069392,0.443989889917819,0.983508634584129,1.37822973418663,1.24744258694397,1.45463990876613,-0.817087149354679,0.79759053397837,0.537356943347624,0.240696329083983,0.613117556221936,0.445238162634449,0.416023329553988,-0.341326161159489,0.683307159508957,-0.258645451973688,-1.59004130488512,-1.49534907757521,-1.03102011972742,0.366255953367011,0.342210514129059,0.735759127629875,1.4549353188216,0.674375257974837,0.318461080076157,0.809126377358233,1.61459691200653,-1.6670111960007,-1.19524634596373,-0.0628791184376925,-0.243777589689297,-1.77163016154646,-0.22203042909367,-1.34423808977147,-0.559199840132684,-0.757272973958575,-1.11384224104641,-0.0378451276337751,-0.470811118861965,-0.232041523165449,-1.3551442149257,-1.51831353795277,-2.74807998029653,-0.990183246290203,-0.696052297963668,-0.0298593611843996,-0.455201376967104,0.0581309163451006,-0.234039670326866,-0.16419249988894,1.39583462931206,0.702755593287277,1.03145770188964,0.79868647946855,-0.0991335862979851,0.312502822303672,0.0828121581115989,-0.155362970905557,0.283728151003561,0.780570167496435,0.789924187636688,-0.0232485967522618,0.505648489122169,0.35299683543141,-2.28322708095154,0.0661229500326528,0.359132750710798,1.25807133750187,-0.300391901034409,-0.453667971603151,-0.765910853367827,-1.22403125487214,0.20315927785875,1.34507379154538,1.00425422929588,1.09942344066847,-0.156748179868344,0.49543493361455,1.24305118560804,0.909045906509122,-0.325668957574704,0.228013611338115,0.685302893529999,-0.0565145759559136,-1.24345232144852,-0.903886526413585,3.18838017957091,-0.80868721762244,-0.850094865028363,0.44467625355621,0.175429258819936,0.747435512961788,-0.533490098553163,0.661956116940587,-0.127365293453178,1.46674398526545,0.698880385332656,0.651085953669719,0.792612494086384,-1.36965105957714,0.931488439568535,0.401981628608444,-0.162153320095292,-0.0845289640456243,0.727669635743116,0.398232370139939,1.4159007686416,0.516484253885046,-0.373563469343162,0.0476166547962619,0.186458330793175,0.169961011415732,0.751667037850109,0.065712100561828,-0.781982972524089,-0.72628800589777,-0.706023996470648,-0.287336082976612,-0.418601946676553,0.500256473852725,1.11415160341535,-0.540108981274103,0.0812058022198215,-2.59151395495794,-1.37589393911789,0.102836332372063,-0.572015977004346,-0.18025956505164,-0.463428027684995,0.197441855974079,0.0108526160789449,-0.103856783738167,-0.0400160365953954,-0.922052988973951,-0.636188606689108,0.240857380050245,0.818263170590015,-0.977604018062714,0.698265147889486,-1.12383325089184,-1.21345450771927,-0.682467719029229,0.597716994215937,-0.461148162348771,-0.417650128589013,-0.81649321923052,1.02713874996522,-0.245853770401075,0.113846820149781,0.046535049684875,0.549275477457654,-1.86584335838457,2.05666830331701,-1.29353313358442,-1.17275207600406,-1.11047912865741,0.854112762842645,1.31497003053938,-0.105452958817922,-0.280890930153847,-0.528549944303731,-1.25884405586635,0.834203800574168,0.898481000255912,0.674685058721154,0.162535746136169,-1.16791216970062,1.11736048896908,0.0221881007034555,-2.07713619521878,-0.416689422392601,0.770469677979632,-1.47372527712408,-0.141742848031316,-1.08126135518153,-1.61630525547367,0.363753150574257
1.54340842238058,0.412126058612509,2.52907217815466,2.8997683164079,0.650550735910091,0.339826304455455,0.277497007808736,0.305462475730668,0.655038941447242,0.883752294844922,0.524436530673262,0.12178576829725,0.0711132022348578,0.983619570093171,-0.415157873997116,-1.38756976224464,-1.8768226876574,0.44479481124832,-0.143823412967133,0.336853225837978,-0.350577335576366,-0.768637484537992,1.67091946008084,1.10535817617097,0.707784132921754,-0.189119750849366,0.0184387403956439,0.41897964684902,0.791770127164413,1.83186145470575,0.710279734535313,-1.16477894814336,2.32144163266164,0.833545369367474,0.750127651801342,1.81056598815626,0.051652787705875,-1.67923778496009,-1.26123650671435,-0.188550113126417,-0.7438863374407,-0.0415987685928683,-1.03219858602201,-1.95180055158232,-1.30508759815677,-0.67950675925477,-0.867971169988347,-0.873151808228701,0.317000146018928,-0.555607013605123,-1.2365819666131,-1.33698313784174,-0.400393260364908,-1.33100350526198,0.0510002176541869,0.958534754818396,0.916758637495151,-0.644282655760403,1.51119955064146,0.515388595000421,-0.175221979255826,0.959489569727923,0.257149538624319,0.868544506617634,-0.690764762766955,0.194254101843727,0.674349465568167,0.0598092859109018,0.653451969517985,0.412719071015165,-0.911117118549111,0.555189085062316,-1.41961180298516,-0.157982308275075,-1.90229303024415,0.0338155545792087,-0.168528419564317,0.0138745044550257,-0.484270012924837,-0.681551446766917,-0.51772143510075,0.0161431404033376,1.66529654444734,1.55389063379441,-0.129947905480407,1.20821233309786,0.640844169807194,0.822348570049585,-0.229394825084107,0.470394143588476,1.26151851988118,-0.854620869875012,-0.0764655226862346,1.04302149647684,-0.28656111104209,-0.125130825879019,-0.27642451639862,0.351887847885366,1.7596695156763,0.720550469204103,-0.0765439309164372,-0.267965411574249,0.176199881670948,-0.151858424273546,0.137807983017565,0.0399998129387535,-0.677374884134355,-0.0992911223451175,-2.28414477304172,-1.52812014884556,-0.506632716664987,0.829043864660258,-0.146610453054653,-1.55905518401917,-0.176226294260116,-1.19037283392378,-0.193737725454906,-1.43784773246392,0.279715235327519,1.09234050678101,-0.163808670456793,-0.562879232877,-0.307943198023553,-0.523067423421225,0.010405847629272,-0.0580751364835545,-0.0228818186621286,-0.324791366801509,0.550580357113075,0.679567600501696,0.19767223114692,-2.41736450479055,0.42801622036275,-0.0980299308761616,-0.31984534053586,-0.589730950043017,-0.0596135834153955,-0.361319748569909,-0.132709578925333,-0.415412187321149,0.185082545879914,0.315466332353667,-0.376361488368661,-0.258162028508735,0.000186081056775517,0.154891460148885,-0.395246062222204,-1.01217338268348,-0.63338245670392,0.0915585846524755,0.254586095040699,-0.130628838668797,-0.737609677107586,0.0161345012473636,0.499813943773187,0.643893890014217,0.685337381277497,0.806218477396791,0.229563246552134,-0.732384824413344,-2.73359841391642,-1.53036712693567,0.331510606725163,-0.333869974235281,1.26130061358764,-0.784579445966364,2.56298036948158,-1.90995358969778,-0.413816781139706,0.0338789731784741,-0.267479947013431,0.106059894868258,-0.870517133371293,0.356030577653523,-0.753185939380176,0.953640154367002,0.444767417190368,0.405248193352293,-0.863203202759566,-1.50535634030612,-1.1797322285505,0.504064014819216,0.392937318500753,0.684175054368439,1.41521240616114,1.03147229941454
0.727627478029234,2.03178238511555,0.868244160481383,1.50966279990543,-0.712721513527656,1.72367360328457,0.00090514559366491,0.155947308881403,-0.45056919154209,1.46056288634242,-0.0900392266449716,-1.15940063299516,2.48724282544491,-0.5980469972891,-1.10061124331375,0.0190403890275579,0.964206214192205,0.94958394887408,0.280769522670822,1.60504360058198,0.66960041246341,-1.68586704003309,0.0118970301920368,0.0444273172246347,-1.57535616463768,-0.553468308586422,1.08790675166037,1.31054508810736,1.8972257365643,-1.47484486197734,-1.73896264223101,0.61409415788208,-0.861414999744528,0.912312655788872,1.07641005466406,-0.4771443295631,0.443584762731944,-0.179789941179115,-0.766014916593095,0.0897750312255862,-1.12323807492514,-1.51114697246613,-0.475158693556956,-1.97744257225539,-1.95207287953104,0.176867931087566,-0.612920205920196,0.194993061385203,0.593035575119138,0.552767766749848,-1.76564895538921,-0.107419289158234,-1.09379526507551,0.0154293100004707,-1.0986217437974,0.138584046853223,0.290624113674367,0.841404685730476,0.568472251365647,0.0983838302921597,-0.3759827621276,0.447000181588516,1.21230672145034,1.67571389195435,-0.121636969072226,0.259431682496545,-0.921615794231125,0.0467228505189254,1.33331526890625,0.487397579739716,-0.00919042849910402,-0.760989923256942,-0.713606392039302,-2.80965746451407,-1.51312295558866,0.210394329217983,-0.672986104260587,0.0324849411148157,0.881476677358127,0.377535750215883,0.104813638710947,-0.0518704894768867,1.27103102601324,0.722281455943279,-0.00593195345761803,0.50714128906051,-0.247600437032639,1.20564225621692,0.336713139474937,0.449421913014223,0.564639487161506,-0.186368062940438,0.713060199492343,1.05029455549007,0.797191432465676,0.350304158521312,-0.0759283580851818,-1.1306366283508,0.67719294465451,-0.515477267571927,0.0563558416627632,0.459800219863489,1.77246784853721,-0.182476550340987,0.733465179921222,-0.32788771744453,1.21756169274323,0.753967497167522,-2.17853656439923,-3.35009185320857,-1.22937400060588,-1.56132098976749,-0.371027815101627,1.42794301615692,1.43703221273828,0.266219146167013,0.112941071723945,-0.194669940946505,-0.0294659159548583,-0.685705431552977,0.360077029894701,0.260187705457442,-0.627030292559497,-0.720940757132725,0.251082307482239,-0.46187903805954,0.182098848200976,-0.130551165675942,-0.0147939230024153,1.55405535818391,0.600367350634773,0.501193481629296,1.37616256796241,1.06738266817399,0.252318396068935,-0.799545683091338,0.391239946192097,-0.879912557580325,-0.225149643196219,0.310006107554901,-0.395387277637743,-1.04616140159357,-0.00668051863416968,-1.9002677844768,0.0169377431927111,-0.903018790398867,-0.513317928081605,0.557310760795023,-0.269425195656287,0.613812881262167,0.130077370324058,-0.281293749106138,-0.653133666650834,-0.79429835507099,-0.492039824089887,1.26402298275888,-0.128691056713602,0.607755759175273,-0.891725442036496,-0.356827407586596,-3.11387669907456,-3.2440395543417,-1.19459979901188,0.266486342752613,0.257394225923852,2.52489676923025,1.29952383618598,-1.14017199949197,0.401618245897413,-0.0186659714097792,0.226128046672489,-0.386301373796032,-0.652947522222713,-0.163662222743143,-1.14009627804303,-0.0736354709148322,0.924206092800465,0.439333214793939,-2.06731685797197,-1.24788194360794,-1.34101959371964,-1.05518193054726,-0.541967477022516,-0.0915048923452847,-0.472148341500796,1.02265411582068
-0.206125620933077,1.84868843684891,0.144375424793291,0.648984644853146,0.115237768235233,0.77789956402992,-0.161936367973531,0.652284597390149,1.03411838601277,0.536403809554743,-0.774860694102607,2.9275841695103,-0.280470147530636,-1.2544538789907,0.851873288412309,-0.868839939780966,0.274458352568054,-0.692631514363681,1.20797920703267,0.47061978616162,-0.732469494969054,-0.100184430541518,0.491553169143086,1.531570809456,0.210475296524477,0.0409607877500116,0.653855097272391,1.04796283100057,-0.520383056307315,-0.148637990299684,0.0931220442188455,-0.472079856482061,1.92228350225272,-0.602914854765066,-0.173840045747187,1.15296635117251,-2.72930416642616,-1.36124416089111,-0.311191796019343,-0.577812770489431,-2.1776531528883,-1.33050494512635,-0.586035624537292,-0.55651432470491,-1.48660657012762,1.09915530837138,0.516880129367134,2.00464614353237,0.289057983655135,0.817410905310133,-1.88085970549672,-0.637445183542606,-1.00203326655965,-2.38728038286004,1.18360498343929,0.359007949353563,0.00450967954275365,0.0520221009505623,0.773753386224347,-0.0292375926696389,-0.0553434034019021,-1.01719050748684,0.745124612171134,0.526717650784581,1.01488069566392,0.252947077767738,-0.260317269036102,0.427617263926163,0.348104166490775,0.212070103557765,0.0472539724766101,0.574776535925175,-0.654020184605459,-1.22610157537392,-0.257993157368307,-0.856440829696852,0.99799972451807,-0.732972182167277,-0.135671220415632,0.157732489492982,-0.245375520842831,-0.302860786479416,0.146216200721493,-0.0368768304658462,1.27839371865675,0.924124356166372,0.657702446562431,0.709911622060109,-0.837998887437106,-0.667822798850746,0.772512603723146,-1.2839644114299,-0.0593319927016711,0.749871482854898,0.6069327470397,-0.115667686298515,0.247200437554571,-0.385669941044073,-0.415578313900455,-0.01046094941763,-1.24926409768246,0.199602200612395,-0.169508031891411,0.0647245315621879,0.375886954635216,0.1271912998042,-0.159224824538552,-0.175709088583921,-1.40531480527629,0.21425381274011,1.36314870198767,-0.078580687470772,0.745005632496546,0.185974641988321,-0.480632934520596,-1.29171929647315,1.00456850764632,-0.740752102443011,0.275912548449667,0.922949937557594,0.448085080248124,0.0238218257349005,-1.59291140069482,-0.231532641992375,-0.730497121349655,-0.248310745544372,-0.78615992321466,1.17617875929405,0.220452984714518,0.291450473921951,-0.580550948373055,0.535070940730414,-0.072583960407817,-0.449315521676766,0.0605620361756634,0.218175161735058,-1.54207612186506,-0.662929790865541,-0.637492625729605,0.164090305025211,-0.210934008651853,-0.94104127350051,-0.59520855153299,-0.520937641916632,0.236330323783477,-0.120096715580069,0.736085278104829,0.0446783665814079,-0.79777191388538,-0.140924371991225,0.073595644412815,-0.550121532663001,0.216319525516985,-0.227951737033309,0.264226373661608,0.242658610066668,-0.828619860237599,0.620714570188926,-1.00547134961007,-0.38888989957649,-1.34443323025546,-0.246399574783788,-1.65635178472242,-0.410441364245479,1.69190437455356,-0.577545827125124,0.691066778751807,-1.44505732922157,-0.740674515041895,-2.1080754698203,-0.660574854723603,0.197027267251681,0.490398426670597,1.46214949202574,-0.210394666576159,1.15181806092455,0.628503475380507,0.0879006049809937,-0.61479453036132,-1.36214516700461,-0.603115438587807,-1.80006444003042,0.125343100903237,0.112357199385238,0.724427659170106,-0.919600613760347
-0.47333697972918,0.322113958111766,1.61637721998276,3.04150477521961,0.58405485931947,-0.137005188519009,1.94595910393657,-0.0624718195646127,-0.467597367150164,1.13025925929159,-0.484572410573959,0.809168383219473,-0.700330230060388,-0.172368040730133,-0.190768289402264,1.26462181345942,1.43814358538547,1.65178624773232,0.277001866376231,0.835015561032259,0.312181086384437,-0.396495370126652,-3.58693891224846,-0.295558375398985,1.01628093844058,-1.47699243475331,-1.23624173084503,0.792327746872925,1.2680738423747,-1.66360678936669,-0.253394901983837,-0.56686912377938,-0.192053016175339,1.7376434774647,1.53084999936234,1.66079079670276,-1.70313094891426,-0.0182106138462059,-1.67215465981841,-1.40442182288538,-0.713180788267285,-0.80699124624593,0.966396042714713,-1.12965485686658,-1.36346902853149,0.583864371134037,0.577677504679743,-0.498980407814534,1.2580783218891,0.160512514107425,0.294168336452968,-1.68884148945562,-1.54691992212031,-0.678544953519306,-1.08633303990594,0.271206796717059,-0.371667897699261,0.581867849660155,-1.35515892321689,0.519403999317045,-0.743242715167746,-0.944807812838688,-0.901967826754282,0.252457003243946,-0.0385327455639418,-0.71610115021491,-0.114407704628583,-0.655316684887116,0.425718607932502,0.264441769576513,0.426633810328063,-0.691753429861082,-0.509406996738769,-1.50788797050578,-1.67289167600347,-1.02498182722483,1.12087893946545,-0.144889090555344,-0.136552033123209,-0.167505527996431,-0.397791958170013,0.481358066068018,-0.308023544456705,0.0413198029876805,0.570485799152648,0.870362292077579,0.294686244891136,0.205531145392095,0.58481737053784,0.574966929244971,0.475017689260331,-0.0668157983199647,0.551726736363853,-0.372485025769967,0.198752750161123,0.193481916110156,-0.276867296081237,0.231492835683693,-0.0604367594209762,0.0879636548947044,0.444291897476412,-0.971033085526284,-1.1582183453279,-0.903975879639765,-0.843331533737173,-0.408861221246726,0.0321545935145059,1.18288881588835,0.183207781570558,-0.675639756077896,2.08651509219215,0.843451701324672,0.904286562647954,-0.100933839107092,-0.0184725569081923,-0.21703969358501,1.46148287306483,0.61236268341112,-0.481900807043768,-0.698149753701344,0.573394919402617,-0.379809385115276,0.567340430561772,-1.3252932718839,-0.763279344950087,0.651726117919138,-0.411986410833592,1.0229748770687,-1.42606298840795,-0.19565139543665,-0.166906205090884,0.287521399511173,0.579997857776374,-0.37836202770068,-1.05987975517341,-0.619815483775155,-0.70179533994666,0.0492705827140047,-0.56622181612545,-1.52858118587847,-1.245873453485,0.444228190077502,1.43561086027047,0.14387714514754,-0.05515495607756,0.746871903709655,-0.279958716516341,0.47187741626501,0.156814684552358,-0.368959747984823,-0.792323674562245,-0.83001465009926,-1.23253026257527,-0.845197001046709,0.960807728685802,0.625878662897231,0.584526861973694,1.57204282709469,-0.715747729084886,-1.55892740945668,0.80062069597737,-0.619124477634646,-1.39205129660568,-2.29760170648434,-0.610736783925817,3.49379007695028,1.49995846385779,0.621905656280977,-1.59380555448236,0.94479793062896,-0.00914559439854819,0.570596047218707,-1.07632425522896,-1.5097967651237,0.485537299128682,-0.307241868544989,-0.779102375349403,0.787043655467013,-0.464125536413436,-1.06553515231564,-1.1719376724528,-0.780016052696975,-0.107376301707519,0.448137190079572,1.41741166975192,0.903067215507494
-0.277924619814836,-0.954406219215275,2.41846973005871,2.89808691432471,-0.1405929337545,0.0417020899173736,0.474847684675408,0.101526010678027,0.555343848590851,-0.522678346417953,-2.07921943033467,0.58447132108238,1.12442208538272,0.12628660502612,-0.983711599285737,0.61571792904655,0.433204272065339,0.2885825119864,0.953925277566272,0.308441191342453,1.03923321117387,1.1855564483064,0.699186258165043,-0.299268515710719,1.12855753209942,0.548609259026079,-0.145669104699154,-0.442808440512562,1.25176284543032,0.270932184674289,-0.975488525164285,0.834189605002,0.622411150066603,-1.16822017794142,-1.04319032828174,0.189122631597823,-0.764600803294035,-1.64330560885637,-0.283803602350767,-0.767756958352521,-1.54647481467957,-1.32407615275586,-2.23124243279374,-2.18250753932042,-2.32621396766682,-0.916840114412544,-0.584961670956819,-0.86262573682208,1.08931091673583,-0.0418594944650939,-1.53509341335265,-0.919285323578338,-1.66141417230383,-2.064186140636,1.14356965581632,-0.311525074016217,0.674100634614963,0.19929318343441,-0.226674648681829,-0.818583348595906,0.322334454812294,-0.505246459669638,0.386106766205195,-0.0377104091098742,-0.559223827524967,-0.481925211357034,0.0743328349383278,-0.665156779375239,0.122885966958943,0.707461052223256,0.300555878303797,0.15968729267787,-1.13939851519723,-0.646648695699347,-0.351602892617853,-0.396363906432214,0.618845680109648,-0.14705899958912,-0.951092049397757,-0.1597636061559,-0.595755563951163,-0.612970450857199,0.812689235726495,0.0034951629030424,1.36227478591388,-0.336744167669676,0.307333541244742,0.817502223211277,0.0267069362163699,0.942114598460657,0.57028595490226,0.535896379357906,0.271856489665631,0.521021835736883,0.771912980157667,0.783046841452229,-0.174664772128954,-0.0736072863997721,0.305272448313777,0.95371756138861,0.456407891770298,-0.755659053201549,0.313059977609114,-0.148068796500471,-0.0358065833958119,0.873461112453374,-0.0552565991699954,0.206558329747225,-1.70577088212038,-0.981355432495195,-1.66986585826213,-0.116769628173639,-0.981306076636721,0.489550247851609,0.787985076562329,0.549280302777913,1.09036288081458,0.477733282989834,0.153741261037908,0.0975808287528266,0.0194688545220854,0.562030138087985,0.31252136038525,-0.185897827117053,-0.472607722041634,-0.686252063435226,0.0311529429258879,-0.274933579456924,-0.65948821893011,1.06056499594943,-0.19983839721802,-0.3611600000569,-0.327421996372079,-0.0615368426769704,0.293730654873817,-0.166201718720878,-0.347856022164352,-1.15713455243377,0.32029332927099,-0.23743688430797,-0.155937062263301,-0.202900155333384,0.326283693299451,-0.364182281630864,-0.112902046048947,0.42725641927347,-0.0419663957138918,0.897469279012452,0.00327174159498553,0.00742647640041431,-0.181199372483814,0.0709915432394638,0.287516202991945,0.0982893521537368,-0.604213173021445,0.479550700956002,-0.072867374718702,0.367544117044294,0.425280783625014,-1.95202760632185,-0.737257988894468,-2.66132452305279,-1.45000598824207,-1.93327890723947,-0.917481915204715,2.85725555411643,2.12505371810762,-0.209483264906834,-0.678958713023558,-0.617575031893726,0.148557535181589,0.138374100312894,0.752853449711027,0.354232448357248,0.275639599399204,-0.102722546836518,-0.397317237361974,0.0218288607408156,-0.832696719541929,-0.727542284425184,-0.667526557158352,-1.88664383566413,-0.802367104790285,0.318252733258613,-0.410877572851373,0.815736377939152
-0.169568701495031,2.29148403051675,1.30068375661097,-0.281522435232836,0.193154483566066,2.22039548710217,0.148118138761071,-0.329460432559167,1.71573720057303,-0.641357221942192,1.11487479660915,0.96107704141062,1.80265815100082,0.790175459281168,-0.959304461209266,0.300107583134716,-0.864389529584467,0.386906468142642,0.123923469960958,-0.638979498700252,0.459264520328707,1.51516306895011,1.61289425437605,2.17597307187955,-0.00965896524391217,-0.0939785466665984,-0.558967044568914,-0.258491324476154,-0.108742956186735,-1.04666901017055,-0.0865491063893732,-1.05257646451569,1.11772151244833,-2.30988371760483,-1.17762928547306,1.84183292665724,-0.501481122270374,-0.498250361442839,-0.733704120754031,0.159594895272985,-2.02415695217136,-1.0408835319065,-2.17153679452814,-1.53102065346352,-1.10217397475872,-0.465877356184407,1.32203135262315,2.37800722861626,0.857095922462185,1.56996630634652,-0.273782624144307,-1.19999877339531,-1.55425415724671,-1.85995883053487,-0.0528027194199396,0.247448029844978,-0.851234830664632,0.758119673478453,-0.592390175591411,-0.059326479792019,0.287057977146308,-0.717321885523287,0.55012937003997,1.12463549178207,-0.0183803843779616,0.441537706378851,0.676503889033303,-0.363277852543394,-0.0689994186030128,-0.175211545627325,0.261049490345046,-0.121127735507964,-1.19529262919238,-0.0598478164184438,-1.04560576724798,0.505975900330756,0.607446869842342,0.19497006511259,-0.782577987057306,0.0835249966772692,-0.14454918218023,0.26824533003754,0.921066120018425,0.627622013674594,0.0769459352448517,-0.044958168100329,-0.632626253445753,0.985521939223306,-0.20497321824313,0.467298059441084,0.0972763527565623,1.00090281280669,-0.433018855687928,-0.0349573522195695,-0.213010810800909,1.17507181106177,-0.740803150229834,0.135340685327088,0.968730692137526,-0.0473030058263558,0.303034067550329,0.0988043169316517,0.470375614893195,-0.421945706977428,-0.0710604373764201,0.18164045090424,0.51890388698883,0.708805932685698,-0.782942088701765,-1.83865656237812,0.113969470967729,-0.45592507518083,0.100485516499287,1.20728035778829,-0.0261781454781319,-0.316472108312623,0.185956064102671,1.14697620900291,0.198059964088907,-0.362531583524892,0.0361257601785032,0.230072058874919,-0.370748348549283,-0.663274640184552,-0.180511442080064,-0.141707115778471,-0.090148630711945,-0.275561281692013,-0.669830185190378,0.626916695975341,-0.358753959972154,-0.303462588554768,1.08415583552442,-0.982177389630426,-0.650668300217549,0.321096181020954,-0.139772838200715,0.293572057680213,-0.731680391467856,-0.0301509952990166,-0.156375879619196,0.687706159152348,-0.235927498034538,-0.320706258640901,-0.0935229891516583,0.0753322064361475,-0.402903687823333,0.0170846120577147,-0.56537829035818,0.223273354533812,0.52550598533734,-0.449016779150715,0.0135391732647885,-0.765695957765531,-0.491838655023049,0.850495197836419,0.916033716135461,0.234310890670723,0.164062901200446,-0.170049700759741,0.336833172950463,-0.120948118194252,-1.45040162578755,0.314790514804779,1.91778015289402,0.236249079446941,1.50072468593893,-1.58585611847746,-0.845747160675151,-0.66937458600237,-0.635358816399206,-0.349264087326342,-0.507123453112652,0.825847203602443,0.0179209280328885,-1.26854048424485,0.600600621784998,-0.570289249868793,-0.604962358319887,-0.252881634199468,-0.442157972922965,-0.264629507918662,-0.156608596150388,-0.829543587435676,-0.667591382110051,-0.435372721121696
0.774528504189417,0.0628146316415973,1.7003836146934,2.44386209287831,0.27571958281708,0.443690624325054,-0.615176806418027,0.688577930899497,0.237433842407988,1.9382045010143,-0.800904292680229,0.12538627033005,1.900359358525,1.76258401838142,-0.101629976767597,1.0539778596399,0.24586558660187,-0.147715106786957,0.905560916752323,0.797878305581484,0.39677805823457,-0.96512652430791,-0.249336817060443,0.829591162735999,2.0125174230145,-0.424439436189047,1.28755926459667,0.679900368182495,1.2669825412636,-0.147208725679041,-0.598681300018967,0.0963641848914114,0.955152374677733,-0.0130762357810378,0.327138795376022,0.616627319357023,-0.395351455309262,-0.534051280107028,-0.812441733674681,-0.0991521134210261,-0.904244900443651,-2.14149167730432,0.645606650774955,-1.11203930486232,-1.68588094265829,0.0562959057760147,-0.273071709723873,-0.0161312296572575,1.49569740064169,0.788262082219876,-0.175458488229779,-0.873348618868558,-1.4019926826028,-0.206597999578562,1.29292679189801,-0.436577527560453,-0.143810595971807,0.86103944174477,0.405957738999089,0.199501170593602,0.382452570943147,0.313806616232597,0.190268035201487,0.204613429090916,-0.986534388559556,0.70272309323437,-0.320388110228372,0.197237742165692,1.24217871914782,-0.442975637892578,-1.0226585459205,1.98099883586362,0.175461566946027,1.5529144485546,-2.03154412311537,0.735521179968415,0.0905955148127777,0.806657414033684,0.459294386073241,-0.386314616691074,-0.673052422356838,-0.272258312731191,0.809096995501842,0.0264546523655631,0.269476905209976,0.579736326678213,0.0460527848302083,0.0890279901793394,-0.0816424180773873,-0.149957201483969,0.197984852003124,0.925015484816989,0.923469099050024,0.700797576064448,0.85622051999819,0.254444668058123,0.124550548711379,-0.245473433614199,0.611560362708965,0.487102419849541,0.516064672293463,0.043967262581468,0.364448365969954,-0.105282339213759,0.12322822182969,0.588198720581958,0.28844537203523,0.758191709059367,-1.72408227956597,-1.36312569631118,0.862261191685433,-1.07912364883248,-1.42048736770405,-0.611462641163175,0.697249996692753,-0.445231047012952,-0.775174545837788,0.0992386568716581,0.405449840509852,0.859558321259137,-0.356324834211885,-0.506494994772194,-0.536539336933125,-0.53810726025339,-1.43538997437819,-0.449596284487811,-0.0923368550443928,-0.699146579219114,0.969155613289266,1.26034088406757,0.0579061711049525,0.364194641496023,-1.64621460880365,-0.419948082907479,0.312449564627186,0.367502493302837,-0.872363041115588,0.412716441214635,-0.235912360802624,-0.519656609752453,-0.036290867760916,-0.0445144129303865,0.452147222141208,-0.162067308907394,0.288286581006731,-0.882269685746541,0.784651558275711,-0.639238793047657,0.253384799418437,0.361915059033494,0.326073634545565,0.534745673910854,-0.117186416841854,-1.00291552196393,0.405053500154891,-0.30076577475027,0.117579478849543,-0.10269064649006,0.788223284740798,-0.173690473148998,-1.13467285733529,-0.165631944925435,-0.640398781233661,0.500505985237982,0.329929087220199,2.60025960056919,0.0664306722138158,-2.75373160422809,0.898228991141366,0.967929810310275,-0.467803475118462,-1.27842252189071,0.0695674786342989,-0.329237715871365,0.345699505037609,-1.72719801646967,-0.998840919814098,0.645090165139013,-1.82184783604587,-1.6351633214015,-0.788038332987119,0.766204698198478,1.12678352090982,0.992062915860171,-0.395447792714066,0.00456591300315817
2.81385141831102,2.34182923194145,0.42182899602013,1.46544153469899,0.608361899648744,0.384623177587679,1.01594081357956,-0.989408823783052,-0.493033201049315,-1.1259576079584,1.99521411191417,0.461525807748342,-0.24242861138411,-0.112049378048996,-0.505552843868683,2.28532120835178,-0.0345225386053858,0.747560839785102,1.95706629369333,0.378211253440922,0.44546804347741,0.443180390064505,-1.06073791642027,-0.591934091171538,0.769611755167854,0.420457994831609,-0.977706177268263,-1.67146590109461,-1.19442782370608,0.920835224248704,-0.570297824913098,-0.480460790628011,0.684584428017005,-1.29854224602161,-1.34619158579277,0.481263398818776,-0.566668709403846,-1.57449038874198,-1.4975138545615,-0.755923297080195,-0.882276383703193,-1.52167447278284,-0.456121763078401,-1.51663548257459,-0.673441144769819,-0.480512453737131,-1.3335553175683,-1.29091070697369,0.362312973879029,0.0877469924431088,-0.848854561689621,-0.238899567885951,-1.93186147629875,-1.4693724998134,0.398162650880602,0.26531923781136,-0.0455520501515459,-0.364511103492739,0.63362665480458,0.512337422319326,-0.980978349637455,0.354111195086449,0.539409820118281,-0.483064650613299,-1.07181825260178,-1.22860617317639,-0.390946072250246,-0.672078922045011,0.554189742252154,0.0122628570854629,-0.736581355265439,0.627039176360577,-0.893505912832983,-1.92755489843344,-0.637933504623625,0.713729759274765,1.31175886794679,0.81532633569976,0.563218566638373,-0.249025016347654,-0.917368942780968,0.136234282977406,0.287274213545545,0.319464212108286,1.53512506306354,0.176003523273819,-0.250345925404129,0.626838242782023,0.114492517038434,1.24469579498795,1.02323953851344,2.15121415323967,0.79935101890087,0.859611388379899,1.12668248771814,0.316235876858651,-0.159284252319681,0.575016391181065,0.802656162463957,-0.478916877732506,-0.36805360970789,-1.05607337717935,-0.188270471125138,0.330311924520342,-0.587725458502627,0.737020723216807,-0.281880129884341,-1.00216561451103,-2.27742868894287,-0.233112327996043,1.39724040826073,1.13654796240621,0.802947906009837,1.72138495590156,-0.984700132933956,0.585518105242248,-0.495898344296078,0.306935091087384,-0.437553665094912,0.807370832715215,0.664566725663205,-0.995598676343472,0.61024537647523,-0.447314867530342,0.478603731057887,0.0502349351559278,-0.642299065748558,0.404212330835454,-0.126651074387829,0.0641963388434093,0.560197349605174,0.386399201606649,1.37902459673955,0.657676554370106,-0.208912568630274,0.512693766463783,1.00881024083884,-0.0957099359848543,0.445141848296947,-0.31168090295405,-0.543421545936583,-0.15720069362952,0.661592605286343,-0.298978537300835,0.916706480269294,-0.334151202638123,0.551489772186017,-0.262214075932779,-0.490007362807987,-0.00360688554058284,0.147842372047465,0.652535707013152,0.597802620148398,-0.574071338944013,0.872999228993802,0.441865541180429,0.50651347509279,1.06601332647951,0.129095764387816,-1.84913907675056,-2.47203796060322,-1.0266784311397,1.09689404164665,-1.31649997629939,-0.0933325776777436,-1.11957354542612,0.66566187345458,-1.77246448069734,-0.257969124113361,0.527336863906548,-0.587164314722667,-0.617028096267825,1.15322448009447,0.99428363817772,-1.52191170776852,0.235596207585444,-0.370971482796678,-0.0215560267832472,-0.0669872369883812,-1.23195339706638,0.0934055734846521,1.30914473348401,-0.64644006959747,-1.21180265853773,0.53249362051128,0.768874037435222
2.05242354322287,-0.589983882012307,1.14600852590443,2.07605823224368,-0.314401763419984,0.641709329614019,-0.914736281456412,-0.204217684938131,-0.820065463424345,-0.197641670969549,0.896903830689357,0.8501664380411,-0.471237812712915,1.4050907432631,-0.036555321464894,0.981380056606987,0.8170240150148,0.976546488991049,1.63074039108078,1.49434081064741,-1.53439432015783,0.35815161797723,0.549754547213412,-0.00251155214697522,-0.365615849334196,1.48926715097933,0.201884198027265,0.249484490227101,-0.482301416129625,0.0977801726582169,-0.207488408100377,0.750738137164217,-0.501216056668655,-0.867904276412641,-0.730701349983643,0.183487520491513,-0.485356982632432,-2.01232335289791,-1.13213053459464,-1.99447057154433,-1.41226375745853,-1.1463866802131,-0.471122628008881,0.364793692332112,-1.63974953868115,0.0827102754378887,0.889542549944406,0.213028837740136,-0.386284715846152,0.116794746211648,-1.55598692485775,-2.02876896117779,-0.57225712604067,-0.79101025936283,-0.713503946634488,0.84282932539187,-0.173925719708713,1.56541930956814,0.137735058572021,0.478348496205968,-0.039927892550072,0.330306955611807,0.122550715741909,0.817918345213415,0.0876330752981909,-0.292171322737584,0.220604738142728,-0.66921887759311,-0.11932746327475,0.800074032376542,-0.0229945805619151,-0.16172194366222,-1.01491755036025,-1.72275320829259,-1.69657463760191,-0.396820303796695,0.0645018427594442,0.580301672830522,-0.720076036945308,-0.146548427778485,-0.342151307876467,-0.346996580198767,0.242654010272289,0.220985517110068,1.02503290766533,0.991965412124413,-0.254683153683062,-0.507731690505247,-0.33470090288905,0.593170190100515,-0.0789209149953022,0.0575354338107464,-0.459381326386835,-0.663709024081378,0.0972272770495634,-0.211033600514107,0.160536143603931,-0.492050793506404,0.503882683924758,0.380549413485665,0.0462032532768947,0.107718642385083,-1.3503073908782,-0.548353228446247,0.436316360352148,-0.675707675119222,-0.316878914603818,-0.474457119896551,-0.480851018798798,-1.72192994962275,0.71518225221256,-0.66166659062035,-0.154439386609578,-0.396281795578437,0.853754226666471,0.25897912924729,-0.0142628235924315,0.20060613759043,-0.201515354011501,-0.230934624140591,-0.322038981512829,1.23477377705081,-0.0473539710215368,0.0808118246666329,-0.579232102814551,-0.0928805015295982,1.0944466686973,-0.0279947480393154,0.239890484384486,0.786815959104835,0.362741814658541,1.72591424827719,0.846487674306753,0.281664084750985,0.353907205095556,-0.317331434230979,0.00905471841553109,-0.610731779495876,-1.13134046289176,-1.60845386655625,0.0679764054493455,0.664218728770558,-0.525960911298118,-0.665670966820638,0.278443611597239,0.720436951795748,-0.497097259298442,0.403121784843166,0.431121179953285,-0.36200500712379,-0.0805653045918334,0.567893778827066,0.135154940656577,0.241084906966207,-0.461192222796436,0.666288212141563,-0.235318436844715,0.771643736951074,1.29149503350406,-1.89401424368847,-1.89512821953801,-0.672972379155136,-2.40756838453338,-1.32465186531007,-0.0189400636685737,-2.65750255718992,2.29518698291479,-2.18339191206942,0.337943525353064,0.518619449422912,0.44264459806195,-0.346403985210364,-0.132696834701481,0.0780463741988364,-0.178988469932588,-0.518579348383769,0.0261996852849564,-1.429726342277,-0.282303022113253,-1.98520881899344,-2.12799434367205,0.457047310585023,-0.0831356947628391,0.226267121657453,-1.81000610592838,0.704236129538577
0.265658369443047,1.16980961804853,0.756591881745188,0.438193966616936,-0.0375084022680819,-0.326834129121658,0.63173164539946,1.07290256977407,0.195282487943535,1.02525945588304,-0.346408876037492,1.63286979999891,0.655019212029647,-1.91787611532624,0.408387350059995,0.546455677101365,0.469909013438541,1.7351080794926,-0.682018883980415,0.55561355837769,-0.328857813030073,2.6106193728209,0.68182741230015,0.0903934400468456,-1.39177932282076,-0.15164140398401,1.074464434367,0.0855476831339481,-0.966202431775464,1.57504846950014,1.29256386828168,0.162414910787555,-0.0207515246251832,-0.0334428046511052,1.83326179613956,0.477672508625436,-0.0899990201888135,-1.37927230216715,-1.05281920797132,-0.657110249502049,-0.525898196755906,-1.31887096435643,-2.69403111034498,-0.515321128729032,-1.89347291360696,0.521009075586581,1.02445680991316,-0.114231243977606,0.537108738432764,0.745672813151347,-1.43729145118592,-1.86303984480899,1.22112896336376,-0.627482227118401,0.293920985161929,0.711347796943515,0.117015988790122,0.474455858694459,-0.206552154900181,-0.288351587256044,-0.10129266988043,-0.821285605022937,-1.44403697589747,1.51029878331585,-0.221377128514626,0.380614411102708,-0.751397195074173,1.04935041502379,-0.692970880471629,-0.236818033036562,0.0234814805081493,0.0176973854006392,0.340714604244612,0.27569643134323,-0.374729828305866,0.296235109669378,0.271264610632087,0.752293145215569,-0.484320441213548,-0.646309333103478,-0.0903607138874864,-0.288228443838696,0.764214340744052,1.01697388256037,0.510121330938478,-0.207421149235818,0.510496194909362,0.79373994040566,-0.400689381925808,0.838294555232781,0.0884203874900176,0.703046414110931,-0.305682830159024,0.192755869281401,0.403684071323423,1.03986774688475,-0.209354141693763,0.672081947310525,0.269701191317898,-0.377258443966007,-0.171168191849335,0.142469166870837,-0.83605717975522,0.677628695989558,0.41051877617802,0.856557462461283,0.172047518770462,-0.222729773418205,-1.87095746975801,-0.0466345928210944,1.87756299437256,-0.404401053826901,-0.270087284852757,-0.590932909037342,-0.0690354429870572,-0.141246521800534,0.462726904262778,0.134921758887502,0.300891051988574,-0.45970580566882,-0.398920804151621,-0.331596368779711,-0.145727709240292,0.555222463010728,-1.02056441736021,-0.666060657639127,-0.433682141657676,0.408430432842808,1.06817852056998,0.638305466125728,-0.565278468917079,-0.113911890630618,-0.302130704853734,0.0149597814670434,-0.391102008931651,0.0695389568210855,0.707997197247731,-0.19198977872358,0.447622174427471,0.455662999791463,0.218155180050941,0.257136181389946,0.103337110289549,0.143120673427192,-0.3590530927695,-0.338056421443284,-0.652282816569978,0.410929475229936,-1.10796273228417,-0.0120248054344587,0.254393500274008,0.268640254106064,-0.422654733738216,-0.318297797278051,-0.151147761130185,0.378905997714256,-0.105897292342479,0.711391929306879,0.240042319745099,1.15789565943453,-1.08102349821964,0.804848391551089,-0.410407072641763,0.505998185612972,-1.13527403980191,0.895948573624553,1.70568906206211,0.0504133473583827,-0.0692524606656854,0.2616350185657,-0.437932084656718,0.769130217034404,-0.0646357058171946,-0.0228040472955702,-0.254165110038688,1.06092279449491,-0.478897643772474,-0.0547823310766142,-2.11809611717819,-1.53006839461374,-1.80369871512839,-0.938655296607637,-0.936749595068286,-0.64883199852106,-0.915769722816862,0.147068389586454
-0.497924309706135,-0.456574634318864,1.70487689703675,1.45549068205947,1.51579630221671,0.831318185081915,0.650290939529698,0.20983872990511,-0.0703030822763368,1.34838148274105,0.294360040722196,1.27727741653679,1.01630000747067,1.35565888008747,-0.205476258969283,1.49753232713367,-1.02972712552184,0.156163840414188,0.203458843508413,-0.95472569532297,0.377173610005619,-1.37655519766298,1.19131339722809,0.204747851695078,1.52532427838232,-0.57479114775703,-0.685277287157584,-0.284939772444878,-1.05478192447721,0.96264712690459,-1.476095167452,-0.822742530407996,-0.441686381647758,0.713532617171814,-1.81135333275045,1.95390240341174,-1.50327358712225,0.0660190364652707,-1.12075057607316,0.538685386088351,-1.29603840616013,-1.36965242342558,-0.432839114053467,-0.955008983616653,-0.885896690830245,0.676564858792874,0.803336576617489,0.946408792433219,0.240797845891101,0.888563994389247,-1.96370462657385,-1.15734041322553,-1.2559966085855,-1.39138661515749,0.926444788673005,1.19880665477713,-0.363678455336895,-0.537828281726892,0.128884801450133,0.378773408132597,-0.359873872087108,0.0153725553621743,-0.855186982335972,0.265040811702317,0.140005339015886,-0.878682517087258,-0.427846332779615,-0.70142519504781,-0.450302672526787,0.0832502692384433,-0.536533278376964,0.538497585218257,-0.393566052174279,0.942951252363498,-0.586990741468614,-0.142326108358897,-0.235542509892931,-0.03255164568969,-0.794033511947914,0.414046535095139,-0.553214818969095,0.598948721511737,0.43092959917011,0.297066897571959,-0.087721326171549,0.126268232661676,0.338930991756767,1.69519805978653,-0.161785893727845,0.442458137660344,0.857189849629879,0.172382977735226,0.93122552269409,0.401586895357129,0.777572144112482,0.570485128753405,-1.14789142389294,0.852364270532204,0.14708386632553,-0.586677084266772,-0.534302767226317,0.419488734040505,0.0659843339484858,0.343532823391065,-0.242602798129558,1.44031578488341,0.159687320113945,0.923936074263224,-0.337339205523085,-0.877871167148197,0.296167451357175,0.012501160124604,0.586395773543146,-0.387349021767447,0.284408444455408,0.400018136885875,-0.216679531581583,0.0247729299804078,0.0536096480410516,-0.308874784258263,0.946216769109777,-0.0152026851454752,-0.818295183499996,0.676487442542038,0.189494258440255,-0.360046281140096,-0.094801634846571,-0.541479580724951,0.579025999808969,0.212026351863493,1.30867057467503,-0.527242261877676,-1.13049487863806,-0.902431014188637,-0.716807655137056,-1.46663044113329,-0.868865692052248,-0.0264038001709155,-0.819360729396111,-0.724947540642663,0.322760469924991,-0.61732469630297,0.108956437789017,0.676104042045797,-0.49299507164512,-1.23760143033315,-1.33280219791862,-0.896979498660905,0.0078797527744062,0.426542147413765,-0.938903588482813,0.135994496181181,-1.09526820609354,0.35050026800394,-0.662180005287474,0.249144888163885,-0.325680440692434,-0.600077780610314,1.05815526625596,-1.65731767178905,-1.87714376554549,-1.27205642958076,-0.105387518022229,-0.341127645421959,-0.64961021073123,2.33708848429802,0.784282362353992,-0.191384778924916,0.774540400730257,-0.60502430719125,-0.271736100061314,0.924721223920193,-0.0564341798090712,0.0178367030673825,0.539086477356463,0.295438970297149,0.319337059404597,0.342357029044636,-0.856400362110614,-0.420257617026836,-1.11293396755829,1.40793903704838,-1.18050306335447,0.375066668506992,0.514233437527405,0.484985813469748
1.87644575296977,0.290768974478476,2.62067355189222,2.60850415712173,0.283612643064313,-0.640680338488342,-0.25921218744348,0.914430420960954,1.85495457348509,1.47431169997162,1.62176944198783,-0.097016310430105,0.623105251945965,-1.62439697667862,-0.170283401143027,1.45593722329953,2.86524434821842,-0.58813377232125,0.811322335193788,-0.212168296804253,2.62849386401453,1.37437203896579,-0.946058546762969,1.99981588228964,-0.25687996114215,-0.665759842911545,-0.670214941942248,-0.0486021842700558,-0.761489606504922,0.503043992922802,0.757827211904857,0.103511239802321,0.12433575435616,1.58546303865102,0.81873678016954,-0.852590787496257,-1.02946921043022,0.973139103115137,-1.43644794794502,-0.738507945377769,0.389933477955682,0.122768264948821,0.410888598222107,0.659005453092004,0.781511897329289,0.577727253602216,-1.0472032983273,0.301793892537527,-1.20911482229758,-0.485850191162374,0.590004826599988,-0.239183095670838,-0.602620377389332,0.404960267065775,0.649159668993612,-0.372850544235663,-0.791005462075286,1.31972369472182,0.824005082135267,1.99538518981016,0.0991507261193464,-0.180469516420375,1.2084549721137,-0.369091791125695,0.495490064224058,1.37257858178734,-0.246518215914094,-0.0157931968817559,0.347448766075846,0.744585415270394,0.562520818585597,0.678828729160675,0.357954228535833,-2.53220078472066,-1.41463694746647,-1.31226774309704,0.327423097855684,0.91367247859819,-0.0497615386665101,-0.603045892702922,0.291164246806995,-1.2274834450414,-0.0515608866005405,0.504106486770054,0.649896959695171,-0.77375446561806,1.40046178773739,0.408706679335421,0.597750273276546,0.926845669503471,0.660529818221361,0.975675665449207,1.22555838195627,0.655202850097136,0.14258496772733,0.384511286223384,0.670361549513004,0.0668724683429158,-0.0139056074418105,0.570004495039757,-0.93540116339849,1.20392703407153,0.658243004318308,0.842384199098501,0.0503741128998212,0.449660577721262,0.837329475979559,0.397012065009079,-0.412384571325665,0.00267841138874627,0.0869861617204657,1.45326104553862,0.288922102513423,1.46301062607397,1.0705660088756,-0.452748505021003,0.823921097752452,0.283263946953854,1.14041501992009,-0.554233821527832,0.508879916004284,0.379090112478666,-0.376946786365914,-0.551908599811593,-0.26866720320068,-0.551880657352321,-0.140799254961301,-0.32530457572099,0.211206437843997,-0.852213852980034,-0.202288726709063,-0.0488448422770914,-0.80464732511493,0.79246811290349,-0.017620998260113,-0.152735331269265,-0.432585544927803,-0.500897811791791,1.00233453829199,-0.474486453550013,-0.480100560103997,-0.296058257000093,0.428874414111115,1.78577213830202,-0.675909761649562,-0.441763347934306,-0.308015628254547,0.163518520616111,0.162858621127526,-0.0410526727182285,-0.93200399427882,-0.00884960409766061,-0.334486108548903,-0.575028237966357,-0.114035141073044,-0.00661226866528436,-0.76336095145112,-0.771812748675006,0.0107923785844788,-1.1679938324805,-1.47282280453516,0.801959580395866,-2.34652975924724,-0.962517865900563,-1.21893219946185,3.5439685536992,0.775154980108821,-0.818694286513887,-1.05677392285432,-1.01669256838039,-0.199820592660436,0.0643855416802066,0.530852966055692,0.853327742537451,0.38212810279209,-0.596754296534693,1.31204206193392,0.120341301524853,-0.698833957256211,-0.143115827645832,-0.714225307300891,-0.471524508292009,0.735426952674354,-2.15126664884188,0.27590550041963,-0.436667683430347
1.851569100852,-0.111462699409861,2.66871561943037,1.47426751059507,-0.519236652355894,0.278289369817392,-0.124125883846421,-0.960919917298525,-0.0599812283115666,-0.854207012108176,0.0317467700144041,1.16778486027112,-1.03250147568137,1.43121633148959,1.21548642601578,-0.705223636173142,0.984825430071035,1.57994006502009,0.395022971299901,0.761274607365154,-1.49080582762075,0.496065949304822,-0.289958546461036,-0.194913419688134,0.243372659129888,1.27076249417129,1.29794923396513,0.721140625919578,0.464499633350754,0.999244240485421,0.514378824400578,0.0431668147461379,1.68058811164664,-1.50526275601629,0.964204024263328,0.261269534020965,1.12807070441901,0.764501667249155,-1.24854888752076,-1.4784450440322,-0.918387702277779,-3.08597651113459,-1.33951092671972,-0.439322514974554,-1.47138339402528,0.502158691259374,0.434291201568401,1.33855381608313,0.46867417717398,0.71192544519583,-1.07214304249292,-1.96623219649968,-1.00692421689887,-0.949023385023612,0.641989570626025,-0.692789754621267,-0.431619084355908,0.152015107764769,0.112383864662614,0.00278547309986103,0.676782339442027,-1.77495235987172,0.0173927443500825,0.880792547209113,0.47915214345676,-0.244065290971938,0.28078657620095,-0.532727686784477,-0.104704298006625,-1.48550729964268,-0.12130696995124,0.684790496180003,-1.05437181521311,-1.51832962482096,-0.414741540418533,0.651847437703956,0.442443944731302,1.21242879108662,0.789406637004079,0.384520120745091,0.107661333996088,0.141575950782759,1.49550929701406,-0.388424008980247,1.41603621733417,0.730005727280607,-0.0064820841840396,0.851492943463675,-0.217693212477783,0.290240830197778,0.515678154377531,-1.1432033549962,1.05409904403124,0.513364746233982,0.9606053506322,0.0394584401786676,-0.981757653955914,0.0437884167373482,-0.425489084609091,0.0907784988774699,-0.40062462638397,-0.600550182661751,-0.13682429045233,1.16721465158452,0.476326383867986,0.210231967470358,0.201023423493367,-0.438355222940134,-0.948589684291667,1.09075622076427,0.621667753579275,-1.03814377823562,-0.244161295655628,0.672884220241239,0.754352279312927,1.03344017623128,0.589619758599719,0.333431245728961,0.96043168141606,0.542452593007306,0.478588863527949,-0.597677363736488,0.197091909703974,-0.545639842539991,-0.538622733878645,-0.206622469051962,-0.142188624624957,-1.53261851282976,0.953853488943009,-0.60559551342006,-0.42784110428004,0.626145524966682,0.746708327057942,-0.251242980159883,-1.14336293185173,-0.324610366618984,-0.786440126000235,-0.0339229153818466,0.550944164166822,-0.291610991999084,0.312447002493898,-0.00392259793756645,0.787694357596319,-1.09751375223313,-0.647450660987536,1.3590328923748,-0.253411337092061,-0.032055042542659,0.103307566198929,0.568903484441259,0.0668069178233211,0.124350411960143,-0.0543582855414381,0.156789548630774,-0.0604525381108626,-0.0858183836599114,0.155292140769751,0.241135121296119,0.503307066525645,-0.954516481232728,-2.35762643798082,-1.15648694432715,-2.28283083931302,1.20565948027153,0.883507302600359,0.93661055045146,-0.0485312770755577,-1.37940904038922,-0.581834143198507,-0.098988181418122,-0.723955750025654,0.422551138640334,0.48819036215216,-1.4782416253189,0.788972900485894,-0.657561613577411,-1.23594127396973,0.465360503269425,-1.43490025694517,-1.2023133603683,-1.69390539830549,-0.236670143964815,-1.36224666009379,0.277979952060843,-0.638149752789622,-0.0227008368702744
1.91051224235174,1.61546505144767,2.45502312637535,1.30618910116966,1.18528947304352,0.644281500353252,-1.01535435616519,0.21842397744364,-0.352332564944503,1.44699119439604,-0.631548808663246,0.193893723301264,2.08099876174553,-1.44653590575326,-0.61659330704924,0.441822183564978,1.35589596166596,2.33137799420074,0.239369865328586,1.48168624323049,0.592743885394764,1.00803747884997,-0.0531869298616629,-0.771175278434503,0.787270477109003,-0.778256362845934,-0.50791823543106,0.988527179674046,-0.633145134962942,0.118025148443375,1.37383659875929,1.55401406900977,-0.616486995562315,-1.13285913624991,2.09893880798842,-0.847139496160921,-0.302951232571694,-0.0901820766242641,-0.124171130204942,-0.313398352753753,-1.84100496877475,-1.10795895436152,-1.29574350193993,-0.795276215373498,-0.878707796951762,0.371796562938006,1.14004762358374,1.07077397424176,-0.280108145105982,-1.18986448100414,-0.316443397749692,-0.998831892150976,-0.386228596583321,-0.97942851076522,0.0977618082918588,0.87903348961759,0.814808870270961,-1.4388982775569,-0.482967788256225,-0.456430691089548,-0.685218013817314,1.2635543226941,-0.0326918608427613,-1.09407165140299,0.401036987252008,1.27788073628219,0.253909432665251,-0.0899544762052371,-0.354526414236934,0.23510229831894,-0.728186989969381,-0.0994230711687533,-0.485620719795868,-0.954516627309671,-1.67602653911936,-1.90499228443312,1.20657535714809,-0.21664481038567,-0.674473376611251,-0.0318736191637203,-0.165744445443181,0.316496623512159,0.358882651443657,1.09968688775563,0.88425249596192,0.347142837462436,-0.403490771047797,0.542972303666625,0.101174898556835,0.97123952765832,0.753621463376453,-0.923910928598295,0.208299842173477,-0.0448521202181169,0.259501247938137,0.722480502993063,-0.882458705848872,2.23514869300078,0.784123454544072,0.00347987892674061,1.14054530214219,0.715736464071588,0.761514396896112,0.928138152325083,-0.244234153048241,0.867747180908515,-0.0481174058771973,0.159745894857538,-0.589449137634567,1.87231799214767,-0.0561073256352223,0.775104363213085,0.72768884992474,-0.388632369795266,-0.348317639605598,-0.225974053851903,-1.26245423360108,-0.252739315217658,0.608987933747722,0.541461974999402,0.800749766647542,0.587138223877032,0.613264514335483,-0.160148184343705,0.599065929639865,-0.184153610769486,-0.368727503937265,0.0289534170293327,-0.0852493776894286,-0.0798049225764085,0.413137202753225,1.25993056070206,-0.370687989022364,-0.952880764383436,0.446322504300269,-0.463202437059841,0.00981720956384856,-0.411520048289952,0.427969828160431,0.327905055440099,0.429313990832502,-0.510688181080171,-1.49713150378795,0.552674795123108,-0.150337848089259,0.752311748020491,0.182146477770399,0.957334199421269,0.20402855442064,0.898963213215292,1.9683458916741,-0.0922232939086566,0.465044530091632,-0.533655980405384,0.854088243660644,0.135748519319656,-0.0733485327810847,-0.148442854922505,-0.398668776542121,-1.67137893047927,-0.346153550862304,0.185885957727467,-0.508049377845656,1.15204009820292,1.10322246890978,4.12341540594755,2.34319015380473,-1.82667407884614,-0.206622931511171,-1.01617621572847,0.0270670341875352,-0.472273778490175,-0.355837803004603,0.318407599236585,-0.00276439459131251,0.848091678355791,-0.788976794627706,-0.677759887029411,-0.608780359857453,-0.730226295331958,-0.584926208415575,-0.772741681987653,0.760502156760224,-0.564941470070619,0.219990132040893,1.71130002088727
0.296170905765789,1.32164251181573,1.22587148657983,1.60430818158232,0.17437146868857,0.833554980635388,-0.443864592116599,0.829557198864354,0.313359674757581,1.71050852877948,-1.16538261413027,-0.666450628795495,0.285774038237253,0.0855692704165863,-0.243787279517604,0.0133020713956285,-0.742506981366742,-1.39534379471094,2.15577734380202,-0.202473506084752,-0.380336954555236,0.464623722432997,0.218747858925682,-1.20655152987948,-0.450997100526011,-0.989345427643456,0.310591525078319,0.951317689081874,-0.85506570384657,0.33532817750304,0.872108481313922,0.22671094123093,0.376864596378046,0.120703297949438,1.26385553115116,-1.33001289464022,0.0671471932148738,-0.584345394741662,-0.127224387348096,-0.136036034039131,-1.84631171847486,-0.567524335638078,-1.1494025604475,-1.18866535045139,-1.97516802249068,-0.909651412242096,0.272095303119239,-2.00230792920022,0.910419058406313,-0.417852808641084,0.621531646377412,-0.0331004757724095,-0.821673341525865,-0.105410830848707,0.668125322572231,0.217810897758054,0.225635655310469,-0.036665560617466,0.430785583631415,0.390621208205191,0.571463222814721,-0.642584691813471,0.233328283194832,0.313963969484386,0.553061612020542,-1.2784182223149,-1.24412793617169,-0.0810616243867541,1.29501168622849,0.828055031287052,1.12004157293587,0.277266116805516,-2.06618381176377,-0.75955352864845,-0.361642070419605,0.716387510149433,0.551941662320016,0.72430640866457,-0.476077395265795,-0.189497877955165,0.250521383462509,-0.69077703216688,0.759820382673921,-0.199182955773266,0.838364101859995,-0.323657179141493,0.0803972351762275,0.529574583245298,0.042307820374308,-0.238324651612977,-0.263648319521938,0.474215693296647,1.02733255824962,0.557474242712137,-0.193092293428035,-0.609254838649224,0.0875766440043704,0.0969571268674618,0.955162425280123,-0.035790765508855,0.475158116033581,-0.585209775469284,0.156097278891139,0.830722453962864,0.434413184190285,0.370203145563919,0.739044699572555,0.307673225581527,-1.68808192909862,-0.188404305516729,0.413523225904244,0.36150339156371,-0.52034984034334,0.180678387276452,-0.484386603242457,0.427110500011802,0.2891732934169,-0.269989346674684,0.0548070073154996,0.266795088451792,0.0687548505670528,-0.163400915274388,-0.660616957847593,-0.863916201273385,0.139474149747625,-0.326142950451284,0.278397960793742,-0.0311985182829595,-0.920598906580728,0.320315991166512,0.125485644262896,0.345668283948285,-1.67245792453114,-0.304857684204314,0.744978613417957,0.374036030924372,0.0614886711259923,-0.941795542289088,0.254443574672406,0.179347959956405,0.971322387362882,-0.209398519595669,0.323727134636547,0.107573263177658,-0.062862242520776,0.336641868765025,-0.517098463394355,0.00593759999786141,0.0358887215541461,0.376324683155871,-0.0362746867105621,0.33956056902821,0.76845093394371,0.363043029045926,0.965927956645605,0.558902770746787,0.508034437226802,0.134521284359974,0.0583758560557408,-0.59958687760247,-1.38252024947024,-3.46385795236296,-1.0124298930946,0.145454127047499,-1.64734019467869,-0.900217485398648,1.24052676489941,0.542829241195075,0.570418006827868,-0.394603285767221,0.561656717448936,1.54750536344928,0.35002509257807,1.54209055468353,0.497501108624327,0.245462516406822,0.408507007252745,0.368074572325766,-0.803232198533646,-0.761790097218566,-1.56318614616237,-0.650959388917057,-0.514694430818692,-0.437311973239746,-0.761840596303762,0.5493352346352
-0.58773068892094,-0.567098951985367,1.42101693039495,0.635001413926414,-0.872049378243578,0.431150212778936,0.99044187964615,1.85052246982004,0.149162442721373,-0.102374731143795,0.379613120577276,0.494301858189214,-0.745649035025923,0.922993555707551,-1.36801720761402,-0.265438839803147,1.16630180028658,0.618095812609474,0.636319981756667,-0.321676226606434,2.48132469391968,-1.04266537400032,0.0604708437567875,0.80001205948031,1.34324724096956,-0.405371857020327,-0.887012820513183,-0.304471727192168,0.621967591216553,1.50256177661294,0.705900026671509,0.848694922980241,0.855638850719827,1.41850977465712,-0.44598275815139,-1.05690252425707,-1.93325172781584,-1.46566386733955,-0.594949198390144,-1.55226352668344,-0.387840520086576,-3.43361907577973,-0.778382253050217,-2.17660654743573,-0.849832950629704,-0.858806379708178,-0.876322175487384,-1.47386860989938,-1.09933994330416,-0.00548643172721001,-1.20180595284629,-1.92157085098283,-0.872980225980369,-0.20813422645339,0.418072833709146,-0.620571334937651,-0.981066686014923,-0.208400020995998,1.14843349384563,0.559925366344199,-0.0635159796810227,-1.25846485979141,-0.113547444211565,0.83871976648863,-0.102563502583038,0.175969505441925,-0.209898338861102,0.701382016888009,0.823373675516512,0.0925133674694832,0.191996228048143,0.701511218214609,-0.646627076860583,-0.0107171175920721,-0.29497381393503,0.128214003026425,-0.363585824311019,1.07575514722316,-0.874680608816637,-0.525139857301568,-0.156964498086678,-0.703354815226507,0.121370744006699,0.54649335056791,1.49108694571285,1.63004587109221,1.77532618000227,0.628203004704565,-0.509426529564912,-0.126430661762818,0.984443225464274,1.33145260853874,-0.229672469031431,-0.93271152092227,0.131475698315064,0.324254649546852,-1.27377445057677,-1.71832230523953,0.972047673356733,0.839711454662102,-0.804709052615797,0.131790644871527,-0.152869884904082,-0.652037676953252,0.280508224146643,-0.588387430904242,-0.0584012720669794,-0.178356999933124,-0.966287987771753,-1.20292864130931,1.28704943593272,0.128260893521181,1.33065595338544,0.281254028392805,-0.033518031547373,-0.423439036494225,0.0689671508246369,0.0646898185349766,0.370305138615073,-0.407816195877387,0.403193146532215,0.626165616014363,-0.621527835579751,-0.0236274241555352,0.148958232062127,-0.518192441075514,-0.960324200811662,-1.05559446362913,0.121183700629516,0.110484981205531,0.653049368590595,-1.89364825786417,0.985073446900425,-0.855494468136611,-1.50354802914284,0.343964991170449,-0.218269084887806,-0.982262691478457,1.13641233722005,-0.0336677221912573,-1.21298569246813,0.176643192962814,0.445622441912594,0.8606202655043,-0.443944916263381,0.230418103817729,-0.288825907882188,-1.55463221407788,-0.445500252602783,-0.820387006918974,0.642213690053509,0.838217186714253,-0.106731629368889,-0.953802339555616,-1.04004501998544,0.972589400397563,0.751468354736648,-1.28121580514153,0.561714494816965,-1.20410783829479,-2.38758757184081,-1.26903054005369,-2.90425655024061,2.71394875950708,1.20887322818433,2.01434748276781,0.191662181290116,-1.68187134080142,-1.31011137071659,-0.858529081591509,-0.165984002877956,-0.269295937244384,-1.10308159078339,-0.757914396373012,-0.754398256371221,0.578155742913125,1.08985437706965,-0.328733546769534,-0.552107707334134,-0.956502085376328,-0.243782884224634,0.372835855104783,-0.196686795925484,1.18993580842462,-0.349777103604453,-0.197891398752848
-0.061440579342506,-0.638392475366813,1.76904011947176,2.84403209265191,-0.0946895534094289,-0.0285443152389613,1.49284976818751,-0.0432575363982414,0.291508013801662,1.59918238980944,1.22096649722312,0.0620274445981676,0.391088125416546,0.09035992465477,2.3601829159945,1.4117848388622,-0.0793321689373306,-0.149391303647028,-0.0654962978988854,-0.424766235877014,0.196570513921155,1.03427896579993,1.90344526302754,-0.321463610644729,1.30579019092092,0.777674909443905,0.581146433254594,1.00193136728606,-0.741970587310175,-1.09187691625992,0.150507592207041,0.689603093614236,0.568181257637472,0.631493534101757,0.362262363494331,0.776011920791985,-1.02349887626359,-0.190968065729019,-0.969562469005238,-0.430397953923384,-0.454694598686856,-3.17719060746635,-1.30393533378147,-1.95600972535021,-1.85745025628272,-0.70421844057062,-1.0035177018873,0.0112344708584932,0.853621089556811,0.783312412789113,-1.86353810946036,-1.69595477202102,-0.772610798696373,-1.34622416023673,-0.420733854730608,0.634390287345348,-0.163847306236896,0.450092000997141,-0.0206120127615371,-0.0486497283077711,-0.34653621213322,-1.11188618022555,-0.48929256428625,0.162679563483868,0.36598521081397,-0.263000860861344,0.557637800325574,-0.565548997844611,0.859036220638611,0.611216177093578,0.39143262509127,0.298963061676701,-1.16948458109227,-0.36081432843347,-1.86152412210577,0.394000962484914,-0.0510257982336176,1.21667625573716,0.16156153464446,-0.115066710019134,-0.0257844725083888,-0.668994048513464,1.06539152236373,1.26916770441026,1.10376911551606,-0.322611084627775,0.66956133511078,-0.550467529175745,-0.611738062203756,0.385234124619929,0.284145556845816,-0.508586062590692,0.209325140515843,0.381098117855153,-0.303050468582987,0.942947921088544,-0.977215453722658,-0.463523948884526,-0.420895806957604,0.162959336577281,0.0772955508763965,0.270593542836839,0.234993980022691,1.01081827670613,-0.194095075635638,-0.63179273452019,-0.161076961022192,-0.175064600077539,-2.95427800347025,-1.98042827625709,-0.386516312069516,0.227714816908272,-0.237427628126594,-0.31587993006271,-0.238494057773572,0.137345814786856,0.581457907406536,-0.0791292123868607,-0.392624589233407,-0.405115216523381,-0.459736305116146,1.01368940958268,0.455969222476939,0.358687088705552,-0.351431268980722,-0.146403140011534,-0.27260988396219,-0.51920876846615,0.978134788076141,0.241352908968007,0.42646130603704,0.243847274528565,-3.41707924513483,-0.627310849007721,0.448842092961124,0.119880847757425,0.544129164544728,-0.17943820931128,-0.256312979425447,0.147354297602559,0.489345399504388,-0.401217764724834,-0.190385119357577,-0.183998181211442,-0.402886142511862,-0.663324143395583,-0.316500219757954,-0.167899750260997,-0.137576161265438,-0.470050961390998,-0.526034581558482,0.60036686734882,-0.0626750284779292,-0.788916821650927,0.156860341366364,0.870241893280668,0.46115923879659,0.0647867341008928,-0.103876195124946,-1.39577687523796,-1.78734378614346,-3.0079624019577,-0.831547486134286,0.693423109289554,0.909690872679347,1.84023091803273,-0.0847816526327062,-1.49091462141239,0.0434433895378776,-0.12720561753901,-0.955040155730766,0.390528978377428,-0.213851274654954,-0.531638489338075,-0.00479489431776311,0.0204681682904143,0.210408310199368,0.203746996609349,-1.44868869640914,-1.75399989643613,-1.44024309085652,0.0542666865508958,-0.819538832928381,-1.18408931657949,0.22561911006493,-0.222341091151109
-0.153515721178304,0.531541167983584,2.3319262109128,3.0557418180027,-0.00585326041501889,-0.406877283892348,1.85045847110984,0.839112276621712,1.65974365270678,-0.0053683093219165,1.52210381815347,0.431286964742766,-0.240506751319723,0.228777306394851,1.62735403217118,-0.365287074573672,0.744727969042028,-0.954947969841761,0.778716612050814,0.974429914813355,0.60435705870729,0.197148657064932,-0.135921636073976,0.265185264333997,-0.601346333142052,-1.4430738025719,-0.929116978080806,-0.161937987501387,-0.0519897759374344,0.289918835585536,0.172794409067598,-0.498339125149947,-0.409165869673053,0.950293453249402,-0.552201439689045,0.0862351420993176,1.2333218472041,-1.31445304471472,-1.07461913166417,0.607568051054877,0.839900999689151,-0.667504011753617,-1.1025986804808,-0.723454364907162,-1.53954471356564,0.442738778074377,0.59012269027572,1.9256602458501,1.72321098770975,1.42662195580455,-1.23477894075678,-2.25134265283005,-1.72364380112234,-1.34211383277301,1.13179689073985,0.00614742090012266,0.938308780181522,1.36018890755052,-0.82706302183368,-0.161728202623753,-0.530804707492401,0.559433905179693,0.67512509253431,0.716425504018025,-0.0546569562331965,-0.212376313685566,0.564067341113802,0.348188438897123,-0.84568248657141,-0.0633837255008374,1.22397393699092,-0.169005813135159,-0.887422946008457,-1.67832433658864,-0.773660365617858,-0.0330519177543665,-0.0719419986301457,0.782626721962942,0.84176130426728,-0.282083874623007,0.230731765015094,-0.431490737062045,0.814917896173212,-0.448973440345145,-0.292917894204032,-0.77099607069525,-0.964815567054882,0.392862633507574,0.311274706002951,0.279087384622415,0.63577593721627,0.840986393770385,-0.452533052741321,0.4785638342988,0.559342297561449,0.882066870208384,-0.30347870862659,0.000563829104050351,-0.0080443882138989,-0.667831843367885,-0.581910362016808,-0.228515901194916,0.721857583007369,0.10310068315491,0.352930511306643,-0.0869667001368085,-0.507519396528924,-0.071521309122989,-1.49872113504376,1.59621746808106,-1.21314998984814,0.612320654733943,0.00645488259532724,-0.676321239168791,-0.540837641801315,0.0300194751788892,0.454306153473987,0.572179664323958,-0.721323718261647,-0.568984923604324,0.566333728605995,-1.23666538568328,0.0119124833051652,-0.361970476488487,-0.381485653242511,0.0336756996337675,-0.258428691197656,-0.33871488143599,0.431400471127566,-0.696921448317522,0.147135918023358,-1.20308689916284,1.18836452815265,0.0196873224413403,-0.16167424976863,-0.373926202995219,-0.704223209526505,-0.160733079072585,-0.112303314259332,-0.0555819956946506,0.0351609416883196,-0.516277875080441,-0.431615749995878,-0.0642117227047042,0.663070042818005,0.185972349431447,0.143555807398876,-0.26912642657555,0.584440231369877,-1.11064886616523,-0.321335870538774,0.325376637177098,-0.0662677231436459,-0.600100681966739,0.229362698347917,-0.209269568644852,0.103747255246173,-0.274092628854267,-0.147535027321068,-0.572440442340655,-2.29741164931666,-2.5763295548512,-2.36471703698518,-0.520304574414247,-1.53402656038059,0.572136726854057,3.38419102827465,-0.457662681412745,-0.474927392166831,-0.343637024343074,-0.339680041489381,-0.0133492738568859,-0.574908215818003,0.0682523752132915,-0.191807327151694,0.752390750906003,0.34962574782049,0.284898037323651,-1.49932945794767,-1.1927789602171,-1.48481308628723,-1.07791610428452,-0.735222891833161,-0.378030441744367,-0.101024560719086,2.28622115421863
0.888108837784792,0.0557772071109943,0.776172159897273,1.46211169446886,0.476116861752388,-0.451439891948103,0.694333496498779,1.53868469802419,2.19647290651587,1.74308311277438,1.74283778069072,-0.67225735826009,1.16960418044913,-0.14372617409963,-0.0307251628761344,0.255150579347277,0.707203092895053,0.562073952683655,-0.965001808522896,-0.752105769964074,-0.370889111959947,-0.660565018017893,-0.151610343992811,-0.609626273015121,1.2591572901495,-0.811276580923323,2.08864714826345,-1.63308435613676,-0.182482587194957,0.301907136815547,0.203542723701927,0.084854404697847,0.971266825500809,-0.355998499853711,0.979387430021712,0.403758530959152,-1.29014769154356,-0.737317371130531,-1.02418269676281,-1.12863792411838,-1.64150873524409,-1.71854823091349,-2.06968978964736,-2.81178905308138,-1.34889672930947,-0.753742802356161,1.13814987417946,0.281130866112004,-0.354563483898754,2.5103579511518,0.306806551011884,-1.33104148667958,-0.280542029461407,-1.01457096509184,-0.0790665252731706,0.277601680375795,-0.16399735546819,0.537069746046158,-0.712353333921049,-0.747124682209118,-0.243654452231172,1.09005524367441,-0.189678202427002,-2.08523825050553,-0.293327380515745,0.292711843466489,0.238266628867536,0.234427910208916,-0.109560572739173,-0.0668778394353856,0.282236698351175,0.422845479261868,-0.697374150998458,-1.06294418503358,-2.29520638008896,0.449464010639441,-0.044011810516583,1.21078833004802,-0.702794564519735,0.0945804198561075,-0.541722626525491,-0.715936687282433,1.15336996511731,0.369341622820626,1.22204767921336,0.0624435440660604,0.443295058845771,0.303478905548999,-1.23269964404566,0.602135090007898,0.98121593137319,0.198670801120606,-0.457259826974062,0.967893407851267,-0.211055995905946,1.07772517267507,0.124717897921337,0.0385453013227068,-1.85809882433118,-0.624608063518833,0.484975413350841,0.0719531107493313,0.786660317568595,0.54910913594563,-0.22000102026181,-0.597964780242591,0.469417835318387,0.96155716598443,-0.680794328578168,-3.47304369448867,-3.42623631860499,-0.624941654932182,0.0659595537707399,-0.27471478591599,0.176537094867226,-1.00209298416774,-0.458116217598914,-0.414864852839537,-0.838214550324531,-0.619158868716541,-1.19768083718164,0.725656640442334,-0.815874498168505,-0.330344744085814,-0.284981391166032,-1.03191682399553,0.325648680267821,-0.263856349280876,-1.23165453385116,-1.38280827112294,-0.683317324086753,0.976036674143421,-1.45532588491016,-0.260567634587826,-0.328563404826515,-0.481349816630529,0.190438509433469,0.591272484339754,0.629582659264486,-0.160957733502709,-0.0390972466195492,0.611448394792749,-0.63731727505875,1.61874289018018,-0.242765810575148,-0.429550871205961,0.496426458259691,0.658445546995918,0.830104442208795,0.570907085667441,-1.33024043541831,0.902661564293897,-0.682904759287729,0.891991467656342,-0.100099928294461,1.40673575424967,0.798147382379567,1.48422366273283,0.520234415498362,-2.14121297945388,-1.92852016142251,-2.57411771583437,-0.853892811026108,-1.99252590541741,-1.69248323393141,1.3740242734557,0.388363647416314,-0.774497547845003,0.203996183342451,0.303555095815941,-0.388090517124312,0.0333429619782166,-0.751686649186924,-0.309094719095548,0.716007654471551,-0.502569765382173,0.374404491859039,0.0439445928739765,-1.28438241381057,-0.472859179197733,-1.44758039326966,-0.613440199550065,-0.148526110806135,0.718389412418296,0.198798150913379,0.719162483990311
0.597676954993361,2.72267292644649,1.22284682616626,0.90239028193048,-0.988990474374925,1.46523077342532,1.11161966880479,0.641540140070585,0.913540121769843,1.55185881892224,0.605570783423085,-1.32339110616657,1.05149077248135,0.65577063970149,0.499418018274594,0.209213537659036,2.12103025056492,1.36940076731856,-0.53285452443944,0.578398156157066,2.33467535767384,0.333202822761709,1.37415779788408,-0.246640673293355,0.185672869098751,-1.20784413448169,0.846895310921376,0.49220086786537,1.99054111376951,-0.235995132602273,0.22376696976006,1.07150390400177,-0.699302511190755,0.363906343146409,1.84386797311632,1.82205630052259,-1.75162468481838,0.298607536541159,-0.632732897974675,-0.495186190923867,-1.94396720443784,-0.233119365220386,-1.77754624904364,-0.616596865501052,-2.24796125108834,0.123009199568404,0.846088921674437,0.890669228266266,-0.242847688962707,1.19519400042398,-1.3289915412507,-2.85968055370486,-0.534788180137172,-1.26018878434227,0.856116938581673,-0.207755556319558,-0.225646812163763,0.370609714423174,-0.232047508243874,0.3014779583574,-0.439265701595095,-0.030494401324589,-0.111431401541312,1.01632055870216,-0.272590566629894,-0.659284482797851,-1.36116241850142,0.348781706410876,-1.24087042516746,-0.501621078388186,-0.533221102781287,-0.452756990183057,-0.384257078668867,-0.772945734920958,-1.02602224553716,-0.107335220222876,0.579867886469021,0.348792016620991,0.547199449326257,-0.172658517523242,-0.0503941976815088,0.444756153245897,0.676717755443588,1.45302779596892,0.412496042301883,0.601411965852626,-0.496954515608018,1.75879157121389,0.891772183187441,-0.156116972691965,-0.206021674783758,0.190738217527492,0.656306110126671,0.331266163798144,1.52544242243207,-1.15191420879991,0.117946416470005,0.427861301372839,-0.068221551480917,0.315676924898938,-0.44669698451418,-0.358161678387539,0.81469760065649,0.125342877219967,0.535429067489937,0.114395177626009,0.575998950269906,0.178718224809549,-1.46248830108672,0.87324004153292,0.501813748474918,-0.239310175835082,0.765388917185772,-0.135163843812376,-0.481609753527149,-0.22772532400224,0.531891508357191,-0.208343254533875,-0.175723409393558,0.104700049392594,0.426496900863446,-1.06933902345756,1.16905600253171,-0.249184181182053,0.612921888582502,-0.212464911886498,0.0378339594106493,-0.657871913304108,0.58735522368342,0.00911807091705977,0.0553320425940945,-0.317884017172009,0.0249895676890731,-0.703601050035111,0.0219419343556505,1.43973720866789,0.33778238917635,-0.186671706958273,-0.83455149216546,0.100527141029649,0.184190300753104,-0.601652844771336,0.105805317750406,-0.265444117277812,-0.478150120862653,1.07081156511839,0.257904185642818,-0.129830787065822,-0.402888746505555,0.0200630236960537,0.333198117667163,-0.060263275046306,0.0910328391400292,-0.144055185471392,0.557339560214689,0.18855355872249,-0.63355103655781,0.848560400253661,0.0621237620391282,-1.25173679528691,-1.19656469028081,0.118893698422991,-1.21906191916632,2.04876453557281,1.77213655065419,1.64365374363581,0.243739143159263,-1.28166804835961,-0.792567191011155,-0.400795415558268,-1.43986905550846,-0.27105364190449,-0.314845151487508,0.655118903167349,-0.092122703023861,1.05868832450741,-0.814460119885772,-0.45256912058115,-0.533477702624855,-1.19341985765307,-1.78257663420762,-1.04402674355626,-0.277017738525605,-1.68359637833428,-0.564901309521839,0.469362632814201
1.5883143033015,-0.78676302040033,1.43901413453494,2.05355350839206,0.0570428950104999,-0.568574389973686,-0.700295878966159,0.979522923396328,0.398387563794873,0.948566588786283,1.80281446383488,-1.0370091471879,0.458856430801093,0.24381884125093,-0.857747659330161,-0.0889379256822463,-0.477798828825677,0.117190388326942,-0.471345729487991,0.348992714617594,-0.470246813336937,-0.936935903895165,0.289574091800428,1.12702626963442,-1.09922502653885,0.616724820670065,-0.26187401781758,0.363467648205624,-0.89765240254796,-0.272921862819291,-1.27637003215139,0.505186449985097,-0.481336556190642,-0.779461404184184,0.549516840635597,0.341650449957205,-2.13087362462563,-0.57118769834721,-0.561342225956571,-1.44401777692479,-0.247053891979129,-1.87882517803574,1.21717380398004,-1.46425024770533,0.617477463495494,1.11314427679774,1.08403226272785,0.486051336860202,0.649700491518431,1.41527978235562,-0.467041578038675,0.107937146112423,0.647518292186618,-0.18515635703829,-0.866251229968723,-0.393281546059602,0.334268895367635,-1.26438207618977,-0.763000081537816,-1.28279737092169,-1.1614479132457,-0.0319471912019026,0.863725060257393,0.963421969540882,-0.680727002130177,-0.346326936659224,-0.0330566198176875,1.32210929735804,-0.0442481180584992,-0.465059845037825,1.14108780159667,0.354996411742786,-0.729402450467054,-3.00575933153635,-0.568236780196227,-0.362441953504834,0.358510887003206,0.0636047307356249,-0.554808720818532,-0.179391707812435,0.459867926907539,-0.0803943625687137,0.648025927715982,0.277267263544635,0.0717461045771417,1.34631865179419,0.212980393729229,0.738139928859991,0.0219397018662739,0.0451072786788802,0.0724222569744594,0.741988206242584,-0.00756284184793562,-0.174751269350808,1.13990663836485,0.283931903013885,0.273743503651756,0.299788764390818,0.808980951634401,0.76512683332016,-0.304545064929445,0.47598481388483,0.792005755924417,0.977819662412815,0.347647630473601,0.0259448239722709,-0.480709318055788,0.253744326043829,-1.79161214271166,-0.0510704680137438,-2.83276362164222,-0.753855739995622,0.00832330887308845,0.589620706510539,0.206340273248059,-0.196243305270408,0.648001640672151,-0.83263948076543,-0.978572489242518,-0.574994386245252,-0.38023279368417,0.468694007503588,0.306044097652631,0.519352817575414,-0.434992522145571,0.747386520101238,-0.819963303810875,-0.644100695988295,-0.4916176685683,1.31952209201223,0.361492326665949,0.805470126291366,-0.308597461248469,0.475050133778412,-0.354785980639188,-1.18106908197064,-0.628546716117658,0.557689082229503,-0.419962140613059,1.15638246488138,0.353902140337028,0.165003458592756,0.708946320381502,0.604834189310858,0.306887107815141,0.649640268487413,1.06715672724588,0.122625453095684,0.0941932563339451,0.422505985593283,-0.650548741127863,-0.441929069911662,-0.143881330576229,0.206887630824207,-0.0681999833796688,-0.383948518124219,0.427399579630312,0.240359915475376,0.816640610367363,-0.693622747696519,0.431564075051255,-0.378697545825643,-1.1149800780684,2.19054404385334,2.69557046134944,2.85382587854522,0.350132813957413,0.65698023306399,-1.07405208001499,0.221217220439702,-0.304309149035743,0.0392380490113851,1.30768364955295,-0.123671836230408,0.858165645554764,-0.123775070498717,-0.158570642081854,1.13049692667099,0.00400311260518719,0.240260696829099,-0.403214325531709,-0.303040827664044,1.13855063311766,0.598246653472318,0.997275553620331,0.352792330291105
0.983378166329505,1.16778902640422,3.55420599822646,2.88614773720161,0.422948071648019,0.228377394212437,0.207693653056153,0.825155031090449,-1.25461067303235,-0.854183441238247,1.67298294998262,1.21742929638341,0.0244297595120119,1.80351933038407,0.307028800268043,-0.784967879187613,-0.87540516013344,0.346063736049481,0.109965935700302,-1.0955917176878,-1.56702753537676,0.639859046197706,-1.38337049578588,0.757419665839904,1.04292628570288,-1.04703205342237,1.83151040166891,0.715696567002505,1.89975467654016,-0.925854561332787,-0.145916747648339,1.07166802281697,0.328045714330365,-0.891411236894179,-0.720820483139884,1.3538962935938,-1.2470171602653,-0.651988125936067,-1.04716927863702,-1.4512726322692,-0.922679183919601,-0.112040897883217,-0.956393437610529,-1.69184622211256,-1.38148688739834,0.50097814431361,1.31264445097242,1.25683611443232,-0.0811279052118092,1.52806706652289,-0.35106246012402,-1.32860530264213,-0.860567751921024,-0.315036317566485,-0.1907855970234,0.380600250932437,-0.602931666734898,0.424027005243684,-0.3259569140856,0.920721841057731,-0.000467872229268837,-0.521457245399286,-0.11359088200714,0.168156345301692,-0.0246922101880702,0.183092593821016,1.13190165132184,-1.2443479832312,-0.344129877171735,0.305600966061784,-0.218803950502726,0.119548748852246,-0.344492621368897,-0.161531202653828,-1.1011678918344,-1.66089388386734,0.249499458681974,0.0719448887729964,0.448697088185014,-0.986017100289518,0.327257231268743,-1.38476982832385,0.0315873916306968,-0.365228185693625,-0.0843953050440074,-1.26967198985583,1.80363775811203,0.220439259543493,0.35841086118402,0.80994011481428,0.10950883840929,0.210247676241584,0.856094252201531,0.0108522902042609,0.609672489303937,-0.979683447419647,-0.157528737328613,-1.03775701705004,-0.275537476287295,-0.30838214334975,-0.653599898245418,0.863292307169809,-0.857142304698483,-0.0192866359285004,0.0443757545984036,0.22813799977309,0.0626600725074587,-0.156688380618372,-1.48262207748857,1.06410828892954,0.251354782455845,0.0874958577439032,0.0550879465256672,-0.998254601572413,-0.127819889151367,-0.193642816078123,-0.585554443544562,-0.530943056222608,-1.1885359620737,-0.104890211237482,-0.761902765498714,0.325925557375795,-0.307209734369835,-0.353077003468523,-0.165884149451271,-0.186675544407198,0.784501671868221,0.46053999298029,0.571910246843842,0.377326221866655,0.396068114446742,1.41627270952196,0.201223900928789,-0.0662940593880995,0.28914683158336,-0.305600666531311,0.691101886643059,-0.860077761478422,-0.705289383238032,-0.162091862963885,-0.173122301384702,0.0213220299313226,0.361403063084209,-0.0972498595910696,-0.992126396495025,-0.738639760199678,-0.651013220545152,-0.0900582663875843,0.439930336436146,0.92677642175733,0.214402785591986,-0.21714618429925,0.129692238731439,-0.294001918570966,-0.465810749875053,0.0721368916782931,-0.472272553242677,-1.07929643185059,0.250081854550503,-0.202172218688339,-1.49905200633666,1.58894392903914,-1.07404238376547,0.860123010063256,1.47487555901167,-0.45722408785562,1.52631710557632,-0.835056829208077,0.282930381453543,0.463701133511538,0.00279717029557039,0.3775531925953,-0.741644870947404,0.347861421171417,0.646394088845854,0.595255692808044,0.077904578349309,-0.717487262854505,-0.801883812092005,0.262614187829692,-0.310429336598286,0.99719128288139,0.111270425781138,-0.799220884528124,0.207169394347293,-0.336468760156009
0.15262833351234,-2.25926237621285,0.700521498409387,0.371416523346263,0.70658354427465,0.945741966833618,0.300996871727793,0.21744786708081,1.14629875829198,0.361122874374698,2.36748939386052,0.121044543397,0.0678744139249039,0.814266701936193,0.741709370052665,0.175004821240691,0.939601756244944,0.484789684770176,-0.162981017404885,-0.837345442711265,2.22253203350334,1.00392495637978,0.977940820391843,0.470142717188111,-0.897070614115382,1.59259282982187,0.153937569780155,1.1838611932399,0.651756990930428,-0.0297631550924467,-0.708164426385878,0.703437870649807,0.692027747084108,0.113981678447864,0.503649827426732,0.593076607149832,-1.29315950521383,0.120092401962295,1.23287102803712,0.093458820637095,0.580282526618919,0.0830081575742298,-2.47352451662828,-1.38857829764689,0.518883538648933,-0.527637944495978,0.411657617118423,0.119590206925153,1.98644530378321,0.41526652698397,-1.27283075918178,-3.06607875936027,0.277667011141192,-2.03155653494614,-0.945919648962969,-1.06295779049233,-0.357806589582187,-1.07636523816511,0.120337020973974,1.02483359876088,-0.285875489592707,0.49139210534103,1.14893973117334,-0.749639551067949,-0.666952212113598,0.534675313647829,0.298900997182211,0.553694874873053,-1.88637209117263,1.3984880273005,-0.759039590639742,0.508281920392978,-0.878384871564661,-3.39315452180401,0.0572511150850702,-0.810698517849472,-0.70421345807091,0.0444076000629112,0.855127761041238,0.34310060881526,0.235509242808211,0.342869314289303,-0.456789578205918,-0.469539792549066,-0.462926812920132,-1.39067224455688,0.537356585477119,0.923835875798457,0.418887283684388,-0.496312544999688,0.206736690008025,0.68694735396381,-0.156150152024363,0.548591335891579,-1.34847579426817,0.0729849151241173,0.903639352375423,0.510428152966507,-0.90073435362145,0.675689428261046,-0.622033242509624,-0.215523470375863,0.0207007295316835,-0.330150193582016,0.627398951039418,-0.694946724933356,-0.136315707107309,0.741095806866442,-0.236107117481836,-1.65723163536395,-0.18157684271686,0.620723774757209,0.301519090459299,0.880265603563795,1.16544434074814,0.75671150721168,0.223642212874887,0.514904509892667,0.923269888368278,-0.822725699215629,-0.376222668662138,-0.584962552969704,-0.989336828057453,0.0878827749073356,0.951544581671283,-0.428164716684608,0.132728176347943,-0.809435941380862,0.749713943720607,1.14968743473288,-0.150203908899856,0.104298312949025,-0.559129464394875,0.542112837571029,-1.27427028343852,0.105322593668334,0.251021444119312,0.559774162581407,0.435601822614551,-0.804165426467707,0.323546258427482,-0.201482996089674,0.46214810589623,0.494695356237865,-0.0301408904814599,0.733659279581507,-0.409047323669109,1.73236338703803,-0.0346615950335511,0.87779143557963,0.209225863479356,-0.0959131981971609,-0.0866216218234915,-0.678753783099034,0.378885688134674,0.658970537699649,-0.19465503762618,0.313965576914928,-0.656339028650335,-2.04673068608351,-0.237918590533533,1.05238883132517,-2.42957151669653,1.08139275469294,0.180305210159079,-0.18047213967566,0.192269608966755,-1.61180485192131,-0.758284102790212,-0.154906624222255,-0.4088896896304,0.423171438511215,0.600580544714745,0.51959075333419,1.15352142473359,0.334381706414437,0.226085208796642,0.156831539375112,-0.475906329243828,-0.805071869125753,0.262121042674157,-0.746910291426335,0.226394516278362,0.462377493595017,0.473097348650581,-0.0491737529271011
-0.0706426171450326,0.282665968088887,0.400616551114445,1.62843729534259,-0.792157148855037,-0.669431756210427,0.36576485159349,1.8013159018528,-0.671450961790094,-2.36480496668708,0.224151121657837,0.0330285791334596,-0.130693705113146,-0.76812816940697,-0.559904889795356,-1.49018438537527,-0.257310091421535,1.18779752483868,0.307088136718717,1.02074926031038,3.22927679723507,0.914144487494825,0.68327497435868,0.356328116135019,-0.685936807580063,1.31638091680882,-1.9810065982405,-0.36100055452504,1.61659482201484,-0.0468345752949315,-1.50830242622944,0.076799725958029,0.157491816787212,0.227347156396666,1.56191432659828,0.330849394755991,-1.32069732507931,-1.15795198949546,-0.162549423355473,0.242532207206191,-0.938238258683347,-1.4420195886574,-0.514274512422047,-0.856267591617254,-0.729232204191836,1.53635399069874,-0.928415645834559,-0.187070833650958,0.593934856254001,-1.09634765836039,-0.802702586177511,-2.87912136769948,0.143146628774167,0.00798220002930806,-0.45118420662012,-0.543105763348502,0.119784356917259,0.931264971163632,-0.305776572532449,0.362203713715459,0.0992938183156241,-0.0279100724259542,0.0827531933496781,-0.0933542835544102,-0.481695848826239,-0.0897036984607595,0.510385451021966,0.74558194801389,1.07667313341387,0.63364095890064,0.463689808353074,1.02428473701362,-0.521331298113425,-0.422504061845577,-1.80628547146743,0.0273780458101206,1.72658692864851,0.815509183077631,0.502498267110378,-0.27490964746298,-0.778022276833782,-0.141426175338408,-0.657410560986473,1.90482130452243,0.0690813457638227,-0.611546732421879,1.65548053839332,-0.195709906923288,-0.147931143371798,0.769989502846823,0.187634038064982,0.226538148210894,0.648797350303638,-0.578693778101883,-0.51782243464359,0.370568617293844,-0.0268265323229126,0.899190783992509,-0.911379963056257,-0.208109335371479,0.0393985480870122,-0.760325231810824,-0.231521853765546,1.11394614527772,-0.152610957030766,0.756355607515189,0.517833526799403,-0.0235237828210959,-1.40833970314697,0.67858444387945,-0.14586767934514,0.665075833102582,0.401252829241084,0.517677008218141,0.886601479675029,1.28606554581529,0.316306572720805,-0.843395731180891,0.979995255182537,-0.374044661630868,-0.693335690923584,-0.269297195381573,-1.10932281634064,-0.717206583121405,1.08592839800337,-0.795860169843618,-1.13047148949338,-0.301655428595929,0.161129533508145,-0.730429556805622,-0.00499797688285267,-0.921107094667357,0.558134558741926,-0.30366062551843,0.469873439428673,-0.294685133654677,-0.392168075030393,0.211414491969669,-0.248292102258417,-0.316430074946126,-0.4106272993317,-0.598195414288833,-1.15770279498536,0.840159416866572,-0.4149363608126,0.107370840465058,0.117563084785885,0.168804309199616,0.182897223942963,0.55659322272955,-0.214080517140216,1.37488496450091,0.023245964249584,-0.206387156743647,-0.0722775913223006,0.552599071101589,-0.385530789508602,0.269757946108642,0.813087779179809,-0.79919439511232,-0.113994549352091,-1.84414632456995,-1.55619590982673,-0.584780096307927,1.54902171781428,1.73081353080517,-0.749128503959694,0.620699691479064,0.130587522589325,-0.588626465626498,-0.664022531654404,0.0200736830836189,1.46761217795316,-0.416256127002129,-0.00258067496018358,-0.543630134884039,0.0455308084253234,-0.212767822062205,-0.852941082233563,-1.21109553450597,-1.40061951189384,0.17776517412875,-1.08675255735682,-0.382496178804226,-0.247668983279239,-0.192148359796456
0.402019167387486,-1.10481790436637,2.0567259897187,1.55318813508482,0.0322789940293097,1.27500400057831,1.04400199970907,-1.02844956129617,0.665207834692194,-1.44559696981859,1.93028566567092,0.794644318735625,1.18426005845097,-0.636040790241422,0.98501282631767,2.1146816574431,-1.50487205113563,1.33373190937109,1.52693665403313,-0.505427110680603,-0.406577908181001,-1.37142395664447,0.289105995745497,0.703312515013666,1.09563350343412,2.12941236735764,2.01019118286244,0.00187763659605874,0.142866256533305,1.74102083479551,0.66124188615662,-0.173214295956717,0.422142637246798,0.189779600260588,2.53019389885863,0.449127716047869,-0.833515605340117,-0.0828183578891372,0.255336722198293,-0.161898365157035,-2.07093339501237,-0.204916260535873,-1.05027930480597,-1.27419753641961,-1.28179615286661,0.657521293103173,0.642374423722082,-0.310210607796792,2.37415398530355,0.811935878869521,-1.01445721085902,0.218653538189635,-1.99007362977602,-0.860810561397017,1.01790876541561,-0.472628210002789,-0.592383319555889,-0.684018517945567,-0.904342210677035,0.0668687733192036,-0.015215252815005,-0.24042027736025,0.298459599242348,0.487820889586895,0.520514503634278,-0.791861449282096,0.647178057718295,0.85210434624685,0.57770642450781,0.370071928274853,0.381540725139457,0.882551926555564,-1.00551708332043,0.0805880841001486,-1.28185497099193,-0.245171567788147,0.802865127770127,1.10447287746183,-0.439186866471131,0.13534194065023,0.968071166322237,-0.0930304321047061,0.267683103911436,1.4930005874199,0.405185533075948,-0.724264473665442,0.145847123683163,0.102482965449488,0.364800175456858,0.890279956048615,0.335921088386449,0.406046787252528,-0.669501064182101,0.395145775931006,0.384354645681168,1.04718383825181,0.689033561144761,-1.06698598454624,-0.0754526480951223,0.511851097284691,0.396859882836167,-1.5964137832064,0.000169945407819514,0.289222177111456,0.357901652207913,0.157872515862222,0.0208370870843971,0.699307376195631,-2.1658290123194,0.884667612319899,0.31197221183948,0.101640500831835,1.48690528896117,-0.808447032938701,1.56105285081821,-0.0197728220709678,0.285934596968695,-0.428585504115831,-0.465035076087799,0.328153152116292,0.201485260071865,1.06218304192053,0.0386033336728324,-1.74839592807727,-0.964667193295343,-0.13730665380423,-1.0686070495718,-1.04725664716519,-1.67886615594505,-0.48593194629946,-0.194301902204537,-0.206426004304294,-0.466077759773908,-1.1921674646623,0.58304631718339,-0.194255598426456,-0.484126862347579,-0.185869177738573,-0.391424293705164,-0.295631532955272,-1.03592239290063,0.266187153261838,-0.0450025657547269,-0.22668684973581,0.919498683872659,-0.0425162367344715,0.311306102941418,-0.649154234017818,0.392984304743886,0.764584013810351,-0.187501028747535,-0.0177438458930655,-0.253773061442834,-0.579190037044881,0.18380990438143,0.185117332565334,-0.37555573685122,0.650053416584954,0.67973481683253,-1.52454877148245,-2.05573289496546,-1.04798257727027,-1.95348066023812,0.712461992416473,-0.649235819004954,1.27324276099911,1.56085519858562,-2.73473278343746,0.166064315873848,1.06143698454827,0.377147288844694,0.520091238514188,-0.105487519639339,-0.424235852828613,-0.381322326545526,-0.609239769717307,-0.553646014352217,-0.230543067247907,-0.538507189658436,-0.311144960567212,-1.28355123298922,-1.94384689131859,-0.0943816246828312,-0.58863768903893,-0.345431040731534,1.59675987524997
0.0760715959831415,0.909783246356816,2.0912748384361,1.59894827708751,1.15169054505604,-0.050254228382641,1.37574369714688,0.139774932662583,-0.238571932025089,0.576301746271835,0.0988990221299678,0.540995466224167,-0.0706786678608784,-0.654851420287492,1.37980440786566,2.04491703701355,-0.100610208565999,0.000493096527215655,1.01596455036408,1.02354295856783,0.445508456932302,0.847514358100206,2.05469333322564,-0.0605522787000553,0.317513087919968,-0.90514966077969,0.413498691617786,-1.15305379199987,0.718982724504933,1.12631286132829,1.56245101362141,1.15719761509033,1.24256005663735,0.810221315912517,0.52213945511222,0.0734168420843616,0.373108982345855,-1.90550187514508,0.624063213935981,-1.18346513212399,0.438929681154582,0.651252275200613,-0.825701252436848,-1.62056223902077,-0.491754695403922,-0.208464475586843,-0.167221353574205,0.0488081338391245,0.527318816851918,-0.135639753583237,-0.303923430123123,-2.32829986504371,-0.764586247762596,-2.31199573173524,1.7248786465865,-0.223070921386257,1.52473733941553,1.44149266023803,0.158103607894879,0.780350496707967,-0.169006330692002,-0.00125807564529151,0.0472682241322836,0.3727809184072,0.135124019601453,-0.169066812995037,1.02097901911088,-0.868121259532221,0.096970303998162,-0.204043485335238,0.0592117125628965,-0.765667893575096,0.131801630768921,-0.316500927515933,-1.3411092138686,0.0676394573435007,-0.36019156846077,0.754777471978579,0.405144977336342,-0.64847430168445,-0.513536849542454,0.267527282327205,0.407563219901837,0.546581790793006,1.36336055904323,1.78112252992157,0.497373726453852,0.871977316816027,0.154478629059966,1.34959268213596,0.350465635121406,0.725234013208179,0.941830818456601,0.456845304479777,0.263603164789376,-0.5823235604348,0.39707305844382,-1.52826721993222,1.14276655612242,0.78605644747086,0.126470059357713,1.20360181507864,1.00450149425444,-0.189883826753615,0.418570488855654,1.01924900756365,-0.00583409376967721,0.606523635284589,-3.26029587536642,-0.204708844274979,-2.10136703608088,1.21298217019134,-0.0402606154751674,-0.217189017494461,-0.352299634701359,-0.0609422555046383,0.649390749824904,1.36881549529139,-0.080776644812734,-0.30980166372366,-0.914423128144974,-0.903134673141335,0.745375799969314,-0.4006645221188,-0.848627582752641,0.814857448643062,-0.641075685129715,0.305334525909605,-0.897960058949998,-0.437858742849246,-0.0148215761241617,-1.18998699257949,1.23177140981674,-0.634488204018954,-0.173049626914518,0.417381780721187,-0.492207963328607,0.661045689923366,-1.18896072396508,-0.418648103468951,0.283564822690852,-0.322249666740159,-0.199734576408145,0.382863027320052,-1.09356306185869,0.368779064535474,0.311119121555405,-0.620486904159867,-1.30703967090745,-0.0355832942964165,-0.382053977230023,-0.111991463638391,-0.0525324956031089,-1.44467121856259,-0.458719372547573,-1.29304438605027,-0.666287167750336,0.24257418053828,0.275598563478237,-0.0501478376952382,-1.99297486652464,-0.830606407328184,-1.14052866210732,1.49775387403021,0.0185154013892041,1.61390399339821,0.0743576930537917,-0.293958436967978,-0.365137914888545,-1.19872780287825,-0.485519092421795,-1.41367305287335,-0.0206626668830032,0.805699663217164,-0.577468971432757,-0.0356198621788113,1.24509764790087,-0.362308089531122,-1.11395800942143,-0.737235366775748,0.369316447880824,1.70871286362682,-0.379543063733088,-0.0943338905790086,0.381847062648471,-0.110964985572922
2.33051360679733,-0.044270077747172,2.10438214276116,1.98049759944066,1.62895331468978,0.534438184907218,-0.308755932403963,-1.11321985265873,-1.86550125380622,0.621808249531724,0.77743943702858,0.186967032517455,-0.761730966460705,0.385759528742508,1.69361836034489,0.10052664522079,1.30439447357432,2.84956401025456,-0.0138434478853316,0.421888001483519,0.980161164134101,-0.730270284168883,0.788114926497618,-1.40164827982477,1.91516321047176,1.39854743369203,-0.552854656919164,0.58784110307141,0.37293426621764,-0.0792835991299694,0.683466387021274,0.392485049519035,1.25671903209103,2.49308795462661,1.82699646973807,1.27133326657116,1.65201284386238,-0.473402758072462,0.254272551307451,0.243117690326664,-3.40222187202737,-0.700510323648011,-1.76943949868926,0.334462650716427,-0.263673717347108,0.20789176109919,1.95934579804037,0.0842963731621636,-1.58819222632444,1.03573442868346,-1.39693156836344,-0.7067524893687,-2.06541714962863,-2.16446980777084,0.330126537862697,0.336315093663704,0.181860203462875,1.02277126612838,-0.580487862216302,0.470002988145247,0.320903803154494,1.23191702706057,-0.112014305834958,-0.654610063878377,0.375156877687699,0.510821425832263,1.23480859808278,1.93551069450361,-0.0426587255067514,1.53723695293349,-0.801420322109352,0.701365465449023,-1.45387797229971,-1.62483611089724,-1.11963806980109,-0.135665029744505,0.140852523333383,-0.106017432973819,0.336358295463387,-0.875268770316322,0.499810054529902,0.284038874467168,0.498361787759863,0.808427081641119,-0.274192985430358,0.418332466466477,-0.815101195205185,0.339676082095271,-0.425171629937825,1.67503947905574,0.494966027316333,0.332103711966934,-0.512246863170818,0.278723546035659,0.760349736184793,0.65737442034818,0.956208723927434,1.5414204228741,0.857283065479139,0.862165749381813,-0.0308613287827192,1.43864383658353,0.808974912005471,0.666889218367679,0.799811711688641,1.79332562003939,2.33976511255945,0.863139298153152,-1.32125562229598,-2.0565692062824,-0.945054150354928,0.357953536598613,0.320238940756271,-0.128171418323268,0.90584479377687,1.08719173319627,0.163493120595488,-0.458876802518843,0.74859926071166,-1.01057792274663,0.361076019098146,0.463271563760951,-0.0281277175635092,-0.0952827836835155,0.393320452758094,-0.101158973831888,0.353818288552879,0.475834618299121,-0.756493710744092,-0.763629467397989,-0.545649982033137,-0.506999042211736,2.31842331882101,-0.291906038592623,-0.736964669304506,0.47934042481044,-0.273855462082571,-0.514976360326437,-0.279960939946623,0.264058622633244,-0.261848850424175,-0.766085267468532,-1.20039468209169,-0.524699669728873,0.177984182254198,-0.499062865649148,-0.906020361379476,0.325080379235311,-0.144225948912878,-0.570353762970889,0.737616942387969,-1.14667772771085,-1.01479340775488,0.401617016260706,0.539326923963318,1.30044542220636,0.991939365885725,0.730997996904597,0.26665354889939,-0.455507954649726,-2.79564141968616,-0.743244129413388,0.317104008674422,1.52960985103882,0.651068716677369,0.571421267647103,0.526409860851348,-2.89583765074541,-0.396605175168919,-0.507184899676401,-0.956057526684981,-1.01496882935922,-0.0894086074757794,-0.0647632524847956,-1.27948769848581,0.220063243389644,0.320886252910957,0.32875161956677,0.302620218006645,-0.310633474317056,-1.80096204862845,-1.16019880817579,-0.164252529255809,-0.824746416262029,-0.386569094413867,0.228786491053091
-0.040443542935998,0.668046337713327,1.2770769998027,1.78527238053112,0.88505313489533,-0.913497168933827,1.1761092167962,1.04245241426973,0.518818928847246,-0.597531492326762,0.00261943263709804,-0.579445933797967,0.894281987929379,-1.51577551451804,1.60649240446017,-0.430216874444527,0.896422419656002,-1.18701889499593,1.05987294049714,-0.60011337391734,-0.298160916792648,1.00933895470954,-0.715431505859849,1.49548147762205,1.94803187021936,-0.258889780178272,-0.559615009403326,-1.27532915657559,-0.023312270191178,0.617367813829978,0.167053835777419,0.941184542173475,0.462896547383843,1.09213197978133,0.0437525163091528,1.1416791692658,-0.670791420441427,-1.0167569725338,-0.260110116410923,0.338330528495186,-0.105735581139265,-0.925671463596006,-1.56803913893731,-1.95597910798941,-1.70372642213861,-0.157511683252764,-1.20542855647415,-1.68166417304826,-0.373902606720113,0.1839707207371,-1.85604794147223,-0.427988534179669,-0.841753515728684,0.643517513481504,0.496322621842914,0.458483012096624,-0.921304123265441,1.05160229945767,0.804062542355458,-0.104078301038233,0.161311333404209,0.108400334708117,0.17708817734642,-0.559668391072166,0.937750168538936,0.87594285890964,0.327635806046877,-0.693697247273795,0.265761334524152,0.946951405748574,1.23970209997268,0.513973632058288,0.306563176135596,-0.0243665048303745,-1.06065199584705,0.000324798070193215,0.265966501124258,0.258257190510461,-0.334903490888836,0.73104013846195,0.0298095323974056,0.220329345542577,0.569547462264851,-0.168324352803159,0.154173936221936,0.30099929268043,0.400609223935399,-0.423061432257221,-0.877951296368339,-0.735547430433058,0.580894936180395,0.32923570821701,-0.385365107671908,0.602442613020898,0.612593827325485,0.982737942339932,-0.828355942444721,0.38275114892824,0.308945340642383,-0.036734148288245,0.529369038303104,0.605161535113876,0.328020076934244,0.0712115556976518,0.708201695178368,0.230601099977207,0.883614868716946,-0.50568866274182,-1.15851828051188,-1.74623277694796,-1.10722415289298,-0.729515836772982,1.83011206712999,-0.456372632233869,0.0723597205588852,0.065851142481009,-0.690497733065612,-0.341766601930123,-1.28535877464222,0.132391110386019,-0.43838805310531,-1.21073594624692,-0.0906834977637194,-0.912101311225443,-0.684577767343566,-0.0281653986890689,-0.210374240767588,-0.666661024134722,-0.013406784478833,-0.695405098321949,-0.164480925291289,0.488076645574933,0.372751963150034,0.0824431249938187,0.460415558868698,-0.11786192370364,0.152666528453728,1.13921626865349,-0.0919165023970726,0.000558321622274012,0.554278483297341,-0.0580996142705411,-0.0919002283699354,-0.81022847564257,0.280012483369044,1.23732719502987,0.335402011325365,-0.404380128958344,0.628557307243553,-0.372664880447165,0.0415568767853232,0.0863475858667503,0.284688934137713,-0.408092343251726,0.339810834871048,0.587745597371803,0.726365114388706,0.780868736944127,-0.403227383303514,-3.0162526817863,-1.13118996121239,-0.129821572388076,-1.36386234364652,1.00018809430137,-0.924601416186777,-1.15478715637787,0.454193012180137,-0.264552356077051,0.296447942505959,0.107643703497169,1.34243050214622,-0.547302708825472,-0.922809139044709,0.542735385133491,1.20890106007555,-0.54800165864025,0.540200360892037,-0.556837611863615,-1.06831050834124,-1.24441226624352,-1.05611780930561,0.341702239897607,-0.320271812267057,0.217963402753585,-0.10793432040256,1.07814092683613
0.521744396245877,-0.992162812694127,1.63484786504152,0.934599890369033,0.383818044578439,0.323538067097089,2.27491660440147,0.439363657737167,0.675562728591687,1.7453723535721,0.570322495746375,1.47939373728791,0.0854503371849895,1.01057520065242,0.788733146178569,0.257852512823987,1.05378966159903,0.885056548247777,1.4377789795297,-0.256226075480886,0.44882655935014,0.78795153241289,1.15541951263996,-1.42940608221192,-0.175720847191522,1.40248614404083,-0.342404260561299,0.62782711827675,0.563235949886491,1.58995189961371,1.5244255083299,-0.309897458028929,0.288431508303499,1.29305609153271,-0.891129593460692,1.73366833609208,-0.819708943698401,-1.34190936203157,-0.589727713098585,-0.0662628413975542,0.473579652466879,-0.389994505379383,-0.465759646386108,-0.342099156108712,0.583375744499042,0.759560213777003,0.102938851480531,-0.689704158221662,0.28505987907929,0.367466186516389,-2.75794678140302,-2.0883948300834,-0.822448450284255,-0.407197029965974,-0.991017770831253,0.235775109360719,1.63890495641927,0.895255855340928,-0.308396407905214,0.805250133517317,0.527890446060035,-0.108079037170207,-0.449682292700727,0.0923852078390473,-0.0257087029363637,-0.216396796940391,-0.0766136955555994,-0.0165432116324684,0.533496956549008,-1.10579846686493,0.71202846897188,0.27358044142551,0.123698395769873,0.678029377662632,-2.96433186724679,-0.944315311808782,1.07705274160464,1.10615477946217,0.244205568677322,-1.31658101051732,-0.110450130236265,-1.06287947829163,0.15900022173427,0.428345031438127,-0.043026583203728,0.691325178172547,-0.472502498472927,-0.222210625119236,-0.179928520045842,0.864774838908859,-0.497439260864479,-0.0558209830720562,0.54581237439731,-0.116016780580756,-0.865474970887219,0.453591289318441,-0.672029157540728,0.160206328658609,-1.27707002069958,-0.933646067625721,-0.0931885197136953,-1.8647976740128,-0.662863867155539,-0.0234698203445992,-0.445877597184017,0.21069241795374,0.410227597884746,0.234146471822184,-1.59601891664806,-0.21643017346269,0.718776888863104,-0.467882937652085,-0.673824954863779,-0.647280591429388,0.536684385641791,0.726765485393198,0.0117061699513273,1.01722096827926,-0.980092257953702,1.45621857733651,1.13366244311318,-0.801735831115333,0.431504508172581,-0.496391993466197,-0.0960890007487895,0.352107035488581,-0.604142040956683,-0.652054132669919,1.20810757866231,-0.543714333175502,-0.419916915720162,1.05363664073362,-2.47625025168476,-0.869696262503723,-1.13975407186541,-0.122929647757744,0.320909641869123,0.753862550045408,-0.192499874717483,0.405931143376681,-0.243419598017962,-0.872103002561962,-0.0490671364282706,0.308150060042694,0.107740199818125,0.0233959965075899,0.831593906228076,0.358851736981424,0.55539757889821,-0.3928183893266,-0.53991806646416,-0.3377415689799,-0.193587762696373,-0.712414446291705,0.428772103623438,1.20211199336143,0.761142487957032,0.841457509810822,0.0999758856460035,-0.811751629593603,-2.77920441150926,0.270436803187326,-0.842824364852768,-0.0508165301845208,-2.60377507452806,0.550451305511147,3.1004697136967,-0.565924848163149,-0.277804664412709,0.173889616215693,-0.454801952301078,0.468976080115931,0.178876469881685,1.29182944925941,-0.0656420693128143,-0.654788511996255,-0.356028338785676,0.835010294393043,-2.2845931846328,-2.18842789652535,-1.75073677727561,-0.346890503951024,-0.145074803864089,-0.298342544223988,0.24317556911277,-0.47253019332315
-0.180387944919318,-0.798771372758683,2.22820007645709,1.34025354095859,1.917154780641,1.10110181712212,0.804084729105775,-0.482656049005838,-0.461578794176016,-0.187737622055063,-1.36679941192157,0.0226937452220732,0.777724064679713,-1.07996113900297,-0.616549762317705,-0.281837472449441,-0.322489942699454,-0.220799415329029,-0.519851439801705,-2.15706901324385,-1.0872077476552,0.98927459613642,0.26891061016737,-0.598597425841096,0.469947450124435,-0.102619015811083,0.453949229851863,-0.370921011263633,0.394716165984446,-0.313072105940251,0.536718505887452,1.29479968430266,-0.683767201787124,0.725993811130224,0.680475102428633,-0.428231004949626,-1.67878109815043,-0.627425211709464,-1.12697423933593,-1.51504238422389,-0.179373261415551,-0.162560386204204,-2.50776948934332,-2.66562985696327,-2.321427595719,0.793683755429952,0.238040937366807,0.829853977204078,-0.113241552320888,-0.983113154905524,-1.62276368569624,-1.82942947091844,-1.20149704876112,-0.906098179874904,-1.13619154134259,0.747126549074867,1.02299102942285,0.00691068059614656,-0.98537974781385,0.169186068749248,1.13312054749851,0.664317485563416,0.811764697866407,-0.117274137755492,-0.00918550082763946,0.37164464060924,-0.263020965610304,-0.607028170776967,-0.787573364432206,0.20681017859712,-0.198487559648885,0.568329910458858,-1.13509107562277,-1.03973071415574,-0.679567001463157,0.173706177773152,0.295134609500777,0.0262436470228626,-0.291226971785532,0.718808471245358,-0.851971490453634,0.0451018907572999,0.668397069008159,1.06581620944958,1.34297860776912,-0.178778863282448,0.25039664141203,0.484369624261816,-0.897069485342043,1.14531085948367,0.802695827451723,1.0790900626151,1.08585398053534,0.992366110287577,0.114941907129223,0.839967016194312,0.458157378447561,0.886711455048666,0.920047360592808,0.448950957047383,0.0581349475267443,-1.9393833664922,0.0142343296759622,0.606425697167293,0.464832595165873,0.9681772115955,0.186444040752086,0.76289863200992,-1.43823205382229,-0.430836132886165,0.603295114210222,0.0745834200396184,-0.26540373579597,-0.634910356455984,0.728358088179861,-0.863521089908601,-0.588698487148983,-1.01341017715309,-0.518196431381647,0.122611781792452,-0.503270743154038,-0.53036064375848,0.283391165005064,-0.62370490182858,0.283012289763247,-0.314048353281983,0.252673927523833,-0.166460748459679,0.134118338373436,1.52932057781991,-0.796850249741456,0.87923710753019,1.13055317042273,0.655205226274861,0.374407793853949,-0.38790843928667,-0.253628562885652,0.39983217674151,0.388431971072818,0.430114828253134,-0.0979376177524761,-0.15504306913601,0.0379493570908054,0.583095272899881,-0.12384537377213,0.122084046839673,-0.299164244567791,-0.119955122991017,0.267762922494032,-0.906487559345919,-1.26279750390172,0.768930090466499,0.306561669413154,-0.223590652477886,0.0100777442599122,0.488792212560268,0.898880084074636,-0.00252683804707497,0.305056958157628,-0.4356193927838,-1.83491479417023,0.528429588992251,-2.26233780310666,0.81772905785617,-0.731766279563751,2.32010765424217,0.859417159133145,-1.37768221164654,0.950668382050518,0.344446907110472,0.256544458050014,0.344245709413285,-0.655706438057192,0.537805951873551,-0.226471581875063,0.0981528437223157,1.20120414038749,1.08102001781005,-1.1315948163404,-0.770539606446133,-0.882420070689429,-0.233642070121752,0.0759077598579438,-1.50115536774982,-0.896004342620433,0.807366219629421
-0.748634158678737,-0.989797186840983,1.89996987386171,1.19091572394114,0.978464959228281,0.911723233656075,0.128771040583815,-0.561416178070587,-0.226069397846847,0.0774724844383455,2.09732815840252,-0.485351455386443,-0.596695131392162,0.436761235232663,0.861988650340519,-0.922149700903202,-0.926171512075369,0.303916941678364,0.205093539628672,1.71558704996197,-1.56699198424637,0.204957441344667,0.116996124575513,0.499887230035355,-1.60596877166101,1.26107560003174,1.14681809025899,-0.156030667070498,0.93102390333788,0.875088000767696,-0.851226297929625,1.09558197339698,1.71509081578062,1.5011040557336,0.0720091887625757,-0.125482714697556,-1.78176897713757,0.325766549578178,-1.22066291603366,-0.432444817654673,-1.41160986311156,-1.04944497308135,-1.24886360232979,0.321440856558949,-0.749115105173657,-0.48682356529463,1.86538158345536,-0.157792855123876,0.606953074879585,-0.0396375509696643,-1.40184806479538,-1.99459431779114,-0.0611512276034046,-1.81668962955228,-0.129545719321935,0.63339163476801,0.351732512324146,-0.518740633937865,-0.722177722156704,1.01330457527672,1.81413575828968,1.01553443475571,-0.712084901680911,0.0105606026688405,0.820602524214501,1.593495518102,0.700406149449245,0.656865835518265,-0.140222275089741,0.635400569420326,0.192365465124295,0.83960034076162,-2.15578556314368,-0.308034545643623,-1.4655023965491,0.487234160069445,-0.417979704589975,1.0827828051732,-0.760363226007657,1.6197746037802,-0.532213193165073,-0.399742655483408,0.147399056716763,1.00346025561419,-0.163611617114454,0.573363067378577,0.372633822253631,-0.0801511123054066,-0.404310712687737,0.804889581139598,0.4912321958289,-1.16295659982859,0.0919139589225952,0.627079070304166,0.432426947789532,0.687366047583349,-0.299108020718395,0.20384569912903,0.0226789603491833,0.0440005837866987,-0.252244508966383,0.239831137194323,0.19822785278577,0.345036684447547,0.180235878064936,1.16732953663527,0.272418013205468,0.677212227810579,-0.2347108837917,0.247118823680453,2.38913436475065,0.791235386096648,-0.594890815113768,-1.10421908676193,0.56744584072957,1.08254066364941,-0.169785982567127,0.272610071081718,-0.0739175013588996,-0.559823215683716,1.24850123808226,-0.0636149205893893,-0.978606166562673,0.317562055006507,-0.440628849754535,-0.983083117929013,0.147831982205821,0.218841065757451,-0.929755816155634,-0.571300650129378,0.533385844640458,0.297321602891259,0.812974063101099,-0.555385176068343,-0.27211401683552,0.290224764590353,0.365539601413125,-0.227439416646491,-0.462833361877073,-0.230061525196104,0.338126996231918,0.204730283498697,0.274290499081279,-0.118076480447399,0.778551648280832,-0.783896176337521,0.801767977351986,0.808600766126708,-0.114092657858798,0.598639059995623,-0.0261840126665507,-0.37473940229723,-0.360744358740427,-0.649056984591055,0.0969286521034707,1.22638465003761,0.523633526321982,0.887538039089207,1.66902779383798,-0.308106003669317,2.18025237907351,2.06797327585431,-1.45680827915965,-0.308582961702564,-0.837381808575596,-2.38659896787734,0.486417819769508,-0.846776187740678,-0.527060906140016,-0.0814517316711067,-1.03367042099277,0.0465507417348582,-0.0390477256101661,-0.952539825985568,0.18890754749547,-0.938507298070973,-1.32197065523188,0.148707673547502,-0.375295098238707,-1.10304774483075,-1.00616505581271,-0.684446236667137,-0.370095652973761,0.0408951246906978,-1.15822647147675,0.558521027347025
0.489997099490603,1.33244509508605,2.50622778677812,1.80637819132295,0.926633314600223,0.393686922170036,-0.815086634699283,0.382808901065246,-1.00138514614737,0.397113587597367,-0.217946823390043,-0.274233655729564,-0.0164721027803988,0.660980457804575,2.96647401973325,1.14250633768152,-0.926165202322446,-1.01946071716382,-0.908581289222837,-0.631996618007399,0.105139972432739,0.593680775060072,0.408989695756449,0.983585087520218,-1.01201336125615,0.530704773391318,0.300583706616016,-0.978017677238315,0.713303672825326,0.80070138908661,-1.08604778206798,-1.54626360256377,0.152232446583091,1.32279418990878,-0.382544062437791,0.0403170775097544,-0.257806227013149,-1.23298614256095,-0.948330236501956,-1.34874714495107,-1.66102058232017,-1.25320092955146,-1.37196174184887,0.153774255738915,-0.330530128783769,-0.0844786943006872,0.147728572167961,-2.04908634822664,-0.0206752289166782,0.469338465348406,-0.287245568122713,-2.76739279751049,-0.226400615312907,-0.956309352945588,0.372534709298799,0.329107502867073,1.12670512471037,-0.125150706593217,-0.808841260976438,-0.106510860043565,-0.190147087970527,1.09436643369359,-0.282135147122656,-0.456454890426309,1.94131586397888,-1.31788860068465,0.509658957207444,0.719080396534402,0.0423567774942313,-0.534997720190533,0.868530602848067,-0.0623155874999644,-1.7814822666392,-1.97383188892934,-0.86689911030178,-0.8562379174315,1.07532408717548,1.15402556041643,-0.534975562327627,-0.944681187955365,0.206127175528008,0.59111584747195,-0.795456231296538,1.22768888823429,0.643153625600503,-1.20439199263982,-0.0260133674176287,0.0926335824414489,0.278614960695479,0.53747470205623,0.537648250857288,-0.661315748875213,1.1425240484621,0.168057968629094,0.176059041142247,0.328198420799967,0.367361899633719,0.218419991772779,-0.550696789055806,-0.17526578525928,-0.246987674300103,-1.23491166258118,-0.415065418459307,-0.177037793536612,1.14238240056311,0.0775311272603895,0.641367616629416,1.08085091888591,-1.24787825047357,0.850897763803836,-1.7060623843311,-1.16361805368356,-1.65081954310852,2.32521438575946,0.062353082417335,0.631442444541991,0.432332617869781,-0.862596186425863,0.830221030791294,1.23209548015472,0.474592046650706,0.313600655118744,0.56136024501946,0.114167901414264,0.225140540004635,0.175801774818181,-0.267146610453559,0.000291893797663418,0.362111824022891,0.335914445412911,0.509456497686625,0.241226945404324,-2.31435325665021,-0.609737474375217,0.519755051126951,-0.203065997438067,0.24430169136932,-0.145641944964323,0.200447791644545,-0.231439207683286,-0.490307775872853,-0.0853658573248463,-0.411897172603544,0.110650485166511,0.346561178080754,-0.37745729701573,0.55708611622225,0.227520702264259,-0.73849905574723,-0.0808181393617452,-0.702992468187064,0.212929931658788,-0.429484818562254,-0.0756089293841564,0.258136812591927,1.83009379675307,1.79733901730864,1.0474310077896,-0.187322640800126,-0.510509264748695,-1.3862950796391,-0.0382122271620311,0.83339972053024,-0.39896212269841,0.969840681666635,3.46094573797948,1.22421989872444,-1.96242694746271,-0.38863240798498,0.808307342517362,-0.137724419430369,-0.393879588186625,-0.154080093679878,-0.823899380167266,0.973266942792598,-0.715764739535561,0.317838916162197,-0.169294300712529,-0.795778262060501,-1.86104021529097,-0.0852070946988147,1.71381470071355,-0.006759488553125,-0.575864874335319,-0.317161119800782,-0.510456572649633
1.11606323762312,-0.33971408276668,1.79092067365104,0.0372254632222515,-0.306617735024064,0.229684909888463,0.596083942959352,-0.0940654380422488,0.625402488921352,-0.400123682910048,0.98354140371967,0.622861104126374,1.68517570377256,-2.52266319486477,0.157784026267996,1.51710620806236,1.08587124144161,0.356661061369435,-0.558676438422213,-0.0900913484128868,0.402257060023752,-1.26477119922086,-0.834434692372105,-0.0616767984105181,0.1239817423227,0.0288226963468225,0.0612037597111918,1.17387722995753,0.852178813795949,-0.531914717972801,0.810997310961775,0.348500157242396,0.0969799816136915,0.452734120488079,-1.60896491117161,-0.453709839132519,-0.354818816802698,-0.177397041584999,-0.212397241401892,1.03820349324943,-1.9882641798964,-0.894936852519853,-2.97168936897933,-1.56028149314326,-1.81658064852102,1.23578753344784,1.19670712393752,-0.428626844211072,-0.627624127565564,-0.84425687817806,-0.104221722645584,-0.817025418113657,-0.590612068062711,0.0415976744344286,-0.431058735555746,0.0852236727869659,-0.853728541971158,0.0788617813083271,0.331993214742467,-0.502333697848925,0.167325207348047,1.15127686687484,-0.753417581339926,0.613519879092901,-0.356103421166721,-0.0354772587681251,0.452857113954709,-0.367231162303981,1.17820057933738,0.104912262923484,0.432656370475297,-0.0957699304806857,-0.804921500145418,-1.35408380902635,-1.08635346408491,-0.288571543540903,-0.697606403767145,0.556559476160286,0.236430105135088,-0.466319470017042,-1.05424468872348,0.576851433666059,1.38731289334573,-0.531741517904593,0.090264995434881,-0.523654673964896,-0.320131397210195,-0.0474737795698373,0.355245126502764,0.477446725617258,0.509798209669218,-0.421947736559574,0.626279840867159,0.173533168510111,0.110109866227226,0.394114559739725,-0.942892524963755,0.126879567117549,-0.369977026157997,-0.353490785655041,0.929539933417215,1.00125127151734,0.310483419726528,-0.564834431496823,-0.112403939218137,1.40346718140341,0.616671030024778,0.433408370711447,-1.90423471723008,-0.190027331484269,-2.46071738984407,0.587093603708517,-0.880209585770923,0.419760871715452,-0.922220927279211,0.399489928684557,0.270574070687562,-0.954873429324827,0.0602310367957971,0.63695094292025,-0.479731789846851,-0.258984492935497,0.548684420584045,-0.171605343512358,-0.413456700382448,0.579019543366704,-0.802668764283083,0.284194704761443,0.7409986915737,-0.69289302654036,0.0401032998643436,0.802179143397601,-0.680906182921147,0.682218247333666,0.871706246735114,0.106655993563169,0.71022961105046,0.0249195661092971,0.0139183811665135,0.44099027835632,-0.500901220589562,0.0232230653681191,-0.474027283699457,0.652562631306915,-0.423226378695789,0.14364224676601,-0.479898700209923,0.586758606159718,-0.704573092157215,-0.203472712329689,-0.623043867841722,0.0369171816118202,-0.409405647596217,-0.0404241910022195,-0.279684567452539,0.458424389485644,0.666482995467483,0.106547352456445,-0.123946730846433,-1.06422669527974,-2.11449087658805,0.180597188965888,-0.663943166219208,-1.41993874984091,0.784299551813777,0.475684840364257,1.38400309972247,-1.03119495664367,-0.080856751578494,-0.544140915110799,-0.735950277864861,-0.0637560956719479,-0.236245072761205,0.965233609609971,-1.03747537806978,0.674834265876673,0.196789944795541,-0.620473492669862,-1.261919437744,-0.765966524521414,-0.659131698703547,-0.0985853691572165,0.25356767411463,-0.882373608346354,0.209374979470841,1.25913276835315
2.58756552525052,0.720447719630588,2.90858488293748,-0.447795226531457,0.491998342902966,0.926636888561167,0.363328518727095,-0.364944780168315,0.543127006894634,1.25354062801397,0.861556964283655,-0.108539991567439,-0.114316239829373,0.329449917175166,1.45478432528863,0.79809270980309,0.814571015261139,0.637272179543225,0.509762539075644,-0.317146093217259,0.453714595373131,-1.24822830041317,0.172204449027664,-0.316578870996112,-1.27968204215224,0.80870645195367,1.37302390111932,2.63647311777516,-0.953586617596034,0.797634170391869,-0.613817047149926,2.2571674536622,-1.51154319966184,0.239892380286398,0.176548304197066,0.517673298576504,-1.02387736498411,-0.201171710604627,-1.09551700732422,-0.932994526775129,0.162031743148507,-1.92179924246408,-0.166330003752302,-0.854649949435138,-1.45017085773337,1.71583720066072,1.7773523911731,0.487170325425998,-0.304526462427514,1.21470397371575,-0.540808643912803,0.112878977498796,-1.17957681507942,-0.27904554075134,0.421223330210399,-1.28038925362939,-1.30278626479314,-0.493434265239422,0.168129050795525,0.14735274081189,0.584496607130017,0.175204597127273,0.0752811523323533,-0.46052000832619,0.195225840547594,-0.39190230765865,0.833306084481972,1.27169080648508,0.062792020104671,-0.372167209230562,0.767872802054162,-0.846230198011892,-0.345299988455608,-1.50397398447374,-1.23236814993934,-2.32795088798549,1.37342660007953,-0.00168569702705939,-0.0437912902905254,-0.0501928729115405,0.429991395746786,-0.949692737433304,1.38218140930363,1.8410759342451,1.55279001106576,0.231544269454874,0.682876683665717,-0.614974340004812,0.217709609838584,1.00564645660465,0.778625787172437,0.818026996923106,1.29053427947016,1.0209270959013,0.915999713862307,0.299447867359124,0.681943362099005,-1.19816802567003,0.86572893957421,0.0160917863535242,0.411687225346597,0.551865059438274,0.682986363054293,0.561173648086459,-0.0173410037412577,-0.311335760994151,-1.04233339412391,0.14690227123051,-1.64305235413729,0.0164039312976911,1.05538807503283,-0.163219780480495,-0.52807520009713,-0.21388738947919,-0.620201828250168,0.192357697468123,0.0312121248514973,-0.231870653393541,0.691419927894546,-0.191819555555436,0.764811554269358,-0.0906355570085686,-0.16311577504773,-0.391198787123492,-0.665889224357975,-1.12230680897968,-0.273541447135357,-0.19462005996239,1.19735959039715,0.947141645158572,0.254070999908745,1.62121808072018,3.10323793459854,-1.01021604231316,0.071986823197943,1.10663506588893,-0.555588000143153,0.345891332018042,0.503431243145877,-0.0738952788774128,0.759847465000081,0.232900841100013,-0.47768562038028,-0.263603952876913,0.523791989872489,-0.257551990572569,-0.389602993487812,-0.616731043716771,-0.401134281866869,0.641012398307581,0.269772037453626,1.45230499966025,-0.526506970405998,-0.939162550065013,0.753190315526707,-0.826217812628131,0.576156647007976,0.0868314590484427,1.01725933866887,-2.11196411895542,-0.754482338488066,0.199074000313424,-0.407868652060371,-0.00844432813959684,1.57105181666027,0.781614597894328,-3.39322561223459,-0.432454670125697,-0.297699385541153,0.0663684640734383,-0.976520639537324,1.44819997718877,2.28623260723181,2.06923320690859,0.887183418461627,0.824124120865877,0.731221886996246,0.493893249078521,-0.137207845243653,0.177951439113423,-0.893648729359036,-0.231098691795325,0.148853525580052,-0.00727348897474672,0.185502425561141,0.92210681998151
1.14183520639945,1.9945792088223,1.97928105345547,2.41064948100538,0.903822638432859,0.603509163678545,0.0325177021928384,1.79425531150275,0.11471193935147,-0.318156619080765,1.47407731034128,0.182307588135012,-0.21506797561024,-1.50475948184293,-0.856643323184374,0.126695927535199,1.22323506252229,-0.414632549377018,-0.473895679193669,0.0912717761811767,0.6118616542599,2.87796454023347,0.0493853936366462,-1.11390920642126,-1.0476027612318,-0.433604262397394,1.19172541445196,-0.659100502782363,2.1781099621413,-0.570905145618116,0.320614699371262,-0.5016838276088,0.386180786814518,0.0648983673759452,0.256994144140036,0.130323513367486,-0.272188757880867,-0.291846021924258,0.431565466072225,-0.659725456176137,-0.0136199961941867,-2.07273652050966,0.600210868790928,-1.15509097139606,0.761854697715032,0.270064600385445,-0.0102016230417316,-0.0199742810544757,-0.59290257762426,0.531459683954486,-1.01538798350281,-1.0105765173458,-0.720472372601097,-0.161309128840132,-0.694043310790665,0.0297749329141954,-0.646952779355591,0.34999415817825,-1.14526875981993,0.964024541686295,1.5050006918845,-0.0907945774691759,2.00047488080141,0.525207418481304,1.64923926020682,-0.930718291739771,1.45849862671262,0.136258987565736,-0.667303674113725,0.755931915597436,0.93939174639838,0.0450791885760161,-0.18320829745117,-1.9297531384991,-1.72660165416241,-0.324472678230686,1.49598995150715,1.06755829165745,-0.882075998977265,-0.910784907410014,-0.181636580942184,-0.848851060320378,0.347667900421472,0.783636684944692,-0.113179232969289,1.81098327711518,-0.0211717946422454,-0.00239529607272155,-0.287815924221722,0.927080883221647,0.550019032492026,-0.107932219162468,0.141988015987351,0.538613396772233,0.942275311284607,-0.21173981670643,-0.548069793687182,0.136721672583708,0.0899916937568701,0.61881341930011,-0.151934263861834,-0.021369696412216,0.328180215675985,0.456869792030336,-0.245507093458643,0.609738943675666,0.576800383263319,0.3652732459272,-0.877144832545073,0.762334593061421,-0.0552026691723688,-0.806700131350263,-0.248920014055922,-0.445969654040018,-0.487431254805874,-1.13935104254455,-1.14645124031569,-1.04414541062135,-0.326893471955813,-1.28514461099507,-0.110353190634248,-0.0723712353440625,0.462754217362746,0.159033552019628,-0.987005519724987,0.489597012237883,0.452900846131237,0.231603304196738,0.24887708604455,-0.0990158081087881,0.996327748787012,-1.69584263648323,-1.18837832189119,0.244088367422888,0.0186009953906344,-1.17501549886885,-0.505802471290909,0.430208148485501,-0.849273023076414,0.823592835822761,-0.304723212148662,0.686441440886063,-1.14114461989857,0.447385943759435,-0.516386654831843,-0.453639685943907,1.26794314681891,1.13359113545292,-0.156679603355719,0.409586061576644,-1.06137177153572,-0.485090015267395,-0.0855174068559661,0.697404159361368,0.381270918147809,1.14873518102245,1.30335857169431,-0.457659877637529,2.50076932233923,-1.28125981925169,-1.20121225914191,-0.0329311134558201,-0.935055023706674,1.15619081394482,1.06886858695071,1.71132511613585,0.85765230752333,-1.28669561414351,0.635547355604539,0.32335060935928,-0.327793077252366,-1.10983609462867,0.983853563891016,-0.982093270267341,-0.97535661946033,-0.463343022817703,0.0656316507500033,-1.02313722033429,-1.21627715027932,-1.46846517658008,-0.613682666078035,0.967592424046112,1.05760427963819,-0.484586690096728,-0.511464174355383,0.454136590323194
0.383971473878537,0.991052398523832,2.29098029307989,-0.469078626681227,-0.781941366761383,0.23204144811937,0.299957680297574,-0.22250017203056,1.59226451825511,-1.52499113281367,-0.442071210047069,-0.504731200947094,1.47487243087437,-0.850617553365624,0.759098248248877,1.13512667719312,0.545123205302334,-0.394160223633361,-0.008955333980925,1.44349457386403,-0.972397971048133,0.431055090925559,-0.101180595523439,0.097067110392564,1.16290219394908,0.939268965823705,0.290258413326134,-0.137192689401019,-0.936642553350339,0.950051247442484,0.407316307750516,0.259503239250019,-0.448961265529946,-1.23258009984061,1.16958856753918,-0.897463128912987,-0.730268752815647,-0.58517898001627,-0.571901138509457,-0.964628089771104,0.250758035144706,-1.68051692557804,-0.362689351515425,-1.40752288682981,-0.731290799125692,1.18942685761532,1.59806280110704,-0.691421705849849,-0.312354599483433,-0.909592690788114,-0.356112188688297,-1.74753973153138,-1.50670122229556,-1.23651487139746,-0.429738155727169,0.273585242170754,0.0799464943662754,-0.273203081348876,-0.806384758048196,-0.920477631576918,-0.21895749379675,-0.803126662828527,0.188821865028691,0.0862788279793007,-0.55766843295038,-0.255923447347519,-0.0100850753916253,0.270906328315102,-0.176847349980224,0.112066180223886,1.14308834289523,-0.355889257781919,-0.539051977569925,-2.07407329673304,-2.32421324460438,-0.252890722671088,0.719450981080092,0.562390252811056,0.172695416045488,0.310346469771774,-0.284632237923173,-0.203348680966629,-0.443583958744189,0.199785640227141,0.602469323301318,0.272502860295729,1.15118158957225,0.319963573573172,-0.1248743799171,0.720072577726214,-0.0219387467483122,0.562131779010541,0.00986406831141852,1.16326984995827,0.0597316065595701,0.871488715732693,-1.71519414070961,-0.867050615247967,-0.962985049203144,-0.186649877019602,0.129752677823468,-0.121461494875471,0.535000452062258,0.434615532488534,0.370501051369138,0.988168804498252,0.662811561779486,-0.162980700157434,-2.16972422997797,-1.26257147753756,-2.22627547368477,-1.4224574256594,-0.876346779378321,-0.50482438449355,-0.721620102673328,0.0273563906637966,0.524383802498129,-0.247236351055803,-1.16831308317402,0.412535669264167,-0.82334283830014,-0.928698226825106,0.561949316123148,-1.00481042669245,0.544812976973116,-1.27690198529401,-0.478019580066629,0.218873065821104,0.896848820970811,0.54723442191887,1.34363091937969,-0.367274053454228,0.531486071699828,0.646757167029901,0.0452539439424235,0.21746657793476,-0.78997499363372,-1.00102101409663,-1.24009672625268,0.226346066811369,0.74080220055562,-0.254483991467766,-0.0937079297578311,-0.251873006024828,-1.01720754311808,-0.639734964262216,0.157680363353433,-0.361089045295356,0.285933474237654,0.369242755954007,-0.129774246236769,0.0748208644737496,0.457617901504273,0.0278593168826705,-0.978243092780027,0.728663544220134,0.376161783764705,0.518942556009025,0.353630060550463,-0.391482995639265,1.09491836086251,-2.30050539143517,-1.62996420370572,0.2764859931965,0.308718261896566,-1.68299697992112,-0.588265455409265,-1.50336982806072,-0.956108210264088,-0.871413525030543,-0.79105952105961,-1.13668596650632,-0.197136459315888,0.384528637470324,0.421336101326835,-0.66772259718726,-1.22003753007713,-0.491507068878839,-1.4243668247359,-1.2702273091475,-0.00221471056979721,0.278465736352072,0.23414871421548,0.714736213812494,-0.100525232372952,0.824843288443132
0.635041327314246,0.847008705124435,0.615605001250721,0.948958466157565,-0.487190624229178,-0.0349953390562981,0.405169288283164,0.507881364954183,-0.0845144661309566,-0.317022499666951,-0.00536878869674403,-0.860232592519551,-0.535101012553208,0.703220923499374,-0.268661788852255,0.488850923279175,0.937956959109192,0.00698955813426229,-0.746603174127175,-0.579139462546916,0.335978517766616,0.976384334234491,1.57047440469829,0.179935523937292,2.14038756370646,1.64347249288803,0.798466018180765,1.01757859497171,0.967938271831748,-0.434879240401369,-1.53418705795761,0.498638970122029,-0.506055428330822,0.0302669649504118,-0.117681098515669,0.619763324260383,-0.626357535295211,-2.47944980161871,-0.767655551289289,0.187281446099741,-0.732379752630885,-0.224495620740938,0.136037646717801,-0.933905589264768,-0.320838548251611,-0.72693931135717,1.25476276492504,-0.55275689970147,1.28183063289564,-0.62566038718168,-1.04133390315385,-0.137190985587868,-1.48384227218464,0.35208922128938,0.0771973615208099,1.05128456117499,-0.649874749965368,-0.279113779640089,-0.338796353608722,-0.495808857868636,0.929516346829072,-0.0440163867825709,0.891369212489099,0.268569568843203,-1.1423036846796,0.0207529175517178,0.142830898807342,1.13128275808215,1.04376298126914,0.98424433661781,0.946128143802238,0.485754030342499,-0.165810572132968,-0.00695987340980766,-0.988038251956022,0.00695611152525684,0.432417080310486,0.449294558502496,-0.908486663417523,-0.284488313880898,-0.427611813806452,0.42813207019294,1.35841841480408,0.653051066384256,0.996152567705232,-0.459595570833715,-0.453517557023433,-0.357480309122275,-0.484291714630095,2.07561247083107,-0.116666090910302,-0.408182109303007,0.376986567205839,0.370276373273687,-0.450253424218724,-0.815268238142294,-0.13210660435428,-0.653823904849868,-1.18465683258717,-0.119121297439846,0.387387878325454,0.16507576893926,0.500032448787102,-0.0790095965573801,-0.209530663836049,1.599204329085,0.43072156862107,0.125519372156844,-2.31497239104879,-1.59168967441503,-0.493385099559343,-0.191595884321804,0.958831274258875,-1.22227598489568,0.283536994108049,0.0122796081553049,-0.42074607039191,0.952929971649707,-0.887832105514297,-2.32284778125168,0.994537590237608,0.748261192850434,0.630027339514913,-0.753463740751369,0.325318005016736,0.916757591073953,-0.0936887582519541,-0.452877618954985,0.667526229111387,-1.39155732238744,-0.49943880177477,-2.28934230701095,-0.634196093479855,-0.491686066355622,-0.401712148804753,-0.906695115983773,0.649468095944703,-0.0516167971217367,0.0265922966844259,0.472849514384982,-0.286415464449252,-0.482234786314075,0.931975705748667,-0.594518476259836,-0.137141249642379,-0.262941673439595,-0.349773906000221,-0.456881694558747,0.758061974897486,0.00263978066675345,-0.225625582534844,-1.07339552211461,-0.621865487218406,-0.433651991325331,0.981795243819192,-0.51114719426314,0.617300202160771,-0.837505348931302,0.302822425372807,-1.07241939922617,0.20860989899378,-3.23444096575581,-2.39424909234341,0.332664502145409,-1.42744026674481,-0.214070141963179,-1.67113605314169,-0.543229529941866,-0.412010938090067,-0.557929642732012,-0.355625862122213,-0.70624345032999,0.15956850746316,0.651356314030854,0.338277788442688,0.702801535289994,-0.692824029564117,-1.1425638032326,-1.10093243100658,-0.595958903352484,-0.987135712441947,-0.273757027323505,0.253819843737868,-1.72055785885458,-0.589933913829588,1.50699628902445
1.68017122270228,0.143596327039808,0.240398642595645,1.35144186840753,1.68313888759788,0.645642494601719,-1.10963912425159,-0.47268766473218,0.7392853205079,0.848591440760675,-0.310398360566374,-0.387870023168201,-0.00961098510789166,1.56349302437383,-0.35409024736856,-0.271443528405102,1.45095614358098,-0.450019743428523,0.505105568962298,1.0131963223565,0.498054831366297,-0.639481523254022,-0.361955627201683,0.747454767564925,1.63709113185805,1.70401971209312,0.609247397200424,0.116059254283116,-0.62595528729952,0.109637543904928,1.50321284950963,0.615592084498554,2.10045003899678,0.89930672477104,0.109540410402102,0.594933425565446,0.06365111556293,-1.30702971854484,-1.63437853599876,-0.968098731892208,-0.0691473841126488,-1.42511440834519,0.422455769075254,1.80792417712205,0.10355246381591,-0.0996025727222807,1.28826606030576,-2.08032443544194,1.69410962935952,-1.02314654153103,1.11636777795497,-0.335235253430654,-0.377232425832901,0.474795981057308,-0.35292920526892,0.794733705963223,0.884694812510165,0.193948225077548,-0.244016469389255,0.208800872608589,1.08106156067801,-0.291736311285141,-0.39121170944956,-0.242935059076776,0.742237131330812,-1.36926811399393,-0.827922250024889,-1.07471495308279,-0.761961273494262,0.437829711835674,-0.161578184743758,1.83104587322129,0.474928612948942,0.675837919267902,-1.41051865776755,-1.02074912713852,-0.0454188036925389,-0.231348104560082,-0.784904180249528,0.247853745094767,-0.0981258842279862,0.198264816799014,-0.0836367824522173,1.27435813896371,0.638186941166011,0.979426848627946,0.394703475193414,1.09725215764732,-0.0604238743402111,0.947800818219125,-0.155952102765727,0.762155591262209,0.91454323877281,0.970268741217079,1.03597880641125,0.944280378571445,-1.00221543045975,-0.000657560256778939,0.389876675016471,-1.26364884745566,-1.17449154625264,-0.980433791667056,-0.419432693680727,0.14421202926165,0.276490428294337,0.147356963413295,1.32569040093663,0.221821113551005,-1.06108795739774,-0.985071986294361,-2.15142652008524,0.765532415807251,0.799546250941549,-0.373460885133444,0.780874052927724,0.67944331484416,0.256485185179297,0.24900408763148,-0.511853141972581,-0.374097973396745,-0.463670872490282,-0.830833805669103,-0.849194939983814,-0.312544022572171,0.241376542595707,-0.476842782125947,-0.00300227031712486,-0.493725182044267,-0.0773095881182863,-0.585064436186164,0.171523224376072,-0.763842318095639,-0.0806733990086125,0.113071148797435,-1.12671657707032,-0.100401877217974,0.292716394219358,-0.877455867469881,-0.625637248009347,-0.110522388425499,1.07948564611367,0.0536551389635644,0.90205462371858,-0.187020326961188,-0.495686601521568,0.118051620445445,-0.479807093268222,-0.423001269377035,-0.00498434157110707,0.0960178312008324,-0.167267870535325,-0.330442494485871,-0.437439478902856,0.845371857332584,-0.463590490498143,-0.1256716968695,0.785377942673027,-0.0882661328808098,-0.344404299800179,-2.42161566058434,-0.645631989035963,-2.19940339339742,-3.78241861331962,0.380681543015624,-0.0913602661262932,0.487373710437421,-0.562801815728886,-1.15897781586023,0.466122909591169,-0.374243230435795,-0.116990993030991,0.129121313155143,-0.166320554655637,-1.69639355661953,-0.31694407182417,0.201618500085742,0.152180450829054,-0.376718527590783,-1.03640389915779,-0.311932206221529,0.299956176868806,1.48775945405958,2.00132396486121,-0.256537060344925,0.451902953598784,0.99318774140608
1.04283371577894,-1.58889499008021,2.70466788334931,2.42078859356542,1.27798049706296,1.24241713841033,0.524693762077636,1.07816848164609,1.50384278677632,-0.488572703525558,-0.0888057678306015,0.177668379934255,0.287069735971834,-0.957696412920899,1.30390407380209,2.20728335261788,-0.444222743462215,-0.446914762509962,0.880078972401574,0.298064033177693,-0.421215893088784,-0.314566181629931,1.8540987401729,0.16749003116921,0.429684160441645,1.13124551674047,1.79543634034934,-0.00583887154725559,0.646937373736413,1.81068916659556,1.02697178494367,0.33753453319273,-0.884359611408148,1.44889135889615,-0.50179458828323,-1.03429021995821,0.0546754238988454,-1.02416470352178,-1.06557591616491,-1.35780466387975,0.0596644668425327,-2.20207361007957,-1.32248921181964,-1.24652503520069,-2.27176766369609,0.286143365857303,-0.514571141703331,1.09665422328214,0.873842155464268,1.03705150832915,-0.415238554335101,-0.769910976075369,-1.35906919487561,-1.07596214858323,0.625438466171352,-1.14072365778441,0.586788569337691,-0.181298815195022,1.03033919995555,0.17468804298747,1.03615940314695,-0.769549843145795,-0.572570864107448,-0.842334965865362,-0.791262106177999,0.073212073985313,0.234107809494788,-0.319346583204127,-0.290892882575002,1.28968228999401,-0.624147776666066,0.266175440786881,0.494156983637121,-1.49122284721371,-1.45527718982681,0.538009220914959,0.77231276405457,0.625207589648757,0.184332845984423,0.797146115349702,-1.02646286455382,-0.37412697087815,-0.0669199604704811,1.17230292136692,-0.18171312347139,-0.187005142184317,0.556989559803576,0.382180258399464,0.589937754831862,-0.0808512893675735,-0.602101192796847,2.30099796456912,1.75079743746171,0.324798649690177,-0.370201917004173,-0.170480989069404,-1.18955873088868,-0.653227941697275,0.573882871652356,-0.193989368334097,-0.271285946794358,-0.423662012853419,0.484134602195594,-0.75657421493844,0.106143923807743,1.31153536807262,0.181180094019223,0.456895645917137,-1.41340248993349,-0.354356030608597,0.614585653375332,-0.468363457576633,-0.172282025089171,-0.0720497698100584,0.868028213121938,0.553317306008823,-0.391062243352303,1.46529008696349,0.174930968487261,2.14912018549568,0.54789779549446,1.19825234789083,-0.414004186038273,-1.23823769875804,0.409505816449794,-1.41561844447559,-0.49557563304825,0.675948764835678,0.0885507710007534,-0.0452188249503202,0.3936636411671,-1.14023361961977,-0.560966165966122,-1.35548505212204,-0.112310443060911,-0.591295457962959,-0.433723009396169,-0.582869154946387,0.350188256218449,-0.549736853731641,-0.70763377312132,-1.07286889110497,0.357314690633531,-0.761904449255089,-0.601118299172168,-0.442250125445112,0.142603273765047,-0.0267810201915233,-0.86692449237878,-0.219424244271512,-0.0779356730838226,0.653074681957042,-0.773909098877127,-0.350751887523324,-0.200270099438259,-0.00947065372365505,0.157091001006498,0.209012815087608,-0.36389922045989,-1.103088199046,-0.814458523483277,-2.58286313949143,-2.12710852759804,-0.468295032494855,0.211707729629769,-2.20659810399009,1.00762343778799,0.77013253703499,-0.610244334903062,0.140425022598067,-0.115619552254289,0.829031967654533,0.0158609596999513,-0.163733474251465,0.467217846001573,-0.138749392345208,-0.0521774048466302,0.239445476213492,-1.64558975603812,-1.15120427667303,-0.872968401430042,0.57173340712326,1.37226167850477,-0.818619614304813,-0.713619293310686,-0.606634766448603
1.00921626318872,0.612268885496694,2.16964213964303,0.815187781209826,-0.485859690890621,1.02632071729435,-0.724265408263122,1.94253540273837,0.032608328669175,1.81009924433146,-1.30367030300422,-0.625767279138098,2.01631836956657,0.0370473227713539,0.380208708622651,-0.44455708954111,-0.148333721759991,1.15476087760445,-0.202844854164582,0.379974795447675,-1.06424379646483,-1.25351056769245,0.393105664144975,-0.233291582793923,1.08712404370264,0.841872696989365,0.287931702526133,-0.350831118638304,1.35180928751923,0.235468042109679,0.50859492421858,0.496575442010379,1.56616573246036,1.59533847312505,1.61973557811574,0.955741480822371,-2.11858430748225,-0.917875735341737,-1.01361810256246,-0.793223606000866,-1.20898287096204,-0.38036345612268,-1.2800481954627,-2.14620580030887,-2.56000247746708,-0.812403163936202,-1.67212304502712,-1.34220723744903,-0.0820431813798582,0.0418902901538119,-0.663739487528413,-0.556317223057584,-2.36454455961066,-0.419686705742849,-0.412692809379604,-0.0809828167271764,0.0367470773994145,-0.410577167980581,0.220416753112775,-0.348627309708112,-0.197179443208836,-0.485685440576254,0.037203933974435,1.74620962333568,0.845327627882619,-0.519786238543114,0.807980295629117,0.0733011712785221,-0.305525428505306,1.40340987950992,-0.706639059325422,0.0250730426152968,-1.96229589562142,-0.733803953046478,-2.48495285053913,-0.328942606814275,1.02679845782814,0.91449799076433,0.157566319195025,0.475119390413541,0.571747330755087,-0.02474575166698,0.181907741478693,-0.315782753106825,0.792470712338718,0.846130236716698,2.19340514709445,0.59690431459418,-0.368492742872736,0.400484651334726,0.273876528521839,1.06028135700496,-0.1793986572613,0.008593995212961,0.850509166191854,0.841409827601893,-1.12123015059327,-0.167042524343697,0.548195262170317,0.50938440968648,-0.289560715399061,-1.05294992831947,-0.178288507832166,0.426909827805705,0.780401759678409,0.533756760194588,-0.235946936204186,0.225679382629103,-2.44815328709981,-0.497819641762782,-3.33186597109823,0.282731287633052,0.531103490542895,-0.136087389094584,0.390811281791577,0.110301711495232,-0.565394305702955,0.367767114218899,0.117102793758268,-0.985803007875531,-0.350534932522494,0.0448699547815864,-0.21106673355905,-1.03210754004734,-0.191866852106245,-0.464254785250407,0.0210486865153289,-0.679586827032384,0.511948594881137,0.525643783455496,-0.293031200801161,0.846366194086471,0.968517101688285,0.407265044034691,0.49376573983494,-0.58631495599716,0.618226711865837,-0.419837484474274,0.307916283832376,0.903308836304822,0.453605525202461,0.450662257880277,0.314274195030738,1.30457536386544,-0.114018547263052,0.432990335537471,0.657943106958343,-0.359419365345172,0.264434965285818,-0.414940246875469,0.156294288621033,-0.312869330243282,0.138294887740011,-0.192272162667747,1.14928564579178,-0.120598620082702,0.689614922566118,0.0217984860876274,0.244507055671992,-0.543132610750395,-1.04511871607609,-0.254426434879103,-1.48718216882036,-0.803588918324025,-0.610109298168599,-1.01402260306645,-0.569196905254432,-4.64658311364624,0.695376745104632,-1.78161091029239,-1.16258061303503,-0.998918645772232,0.00934021058025052,0.432975222151761,0.504887072403491,0.314693796529327,1.15914709684612,-0.360041681825035,-1.58897719538594,-0.662324564867785,-1.95387192890261,-2.24938476843885,-0.19744902133867,0.0561908097920715,0.604723694233268,0.496877901770865
-1.16117722738062,-0.0698896852652544,2.42966743705843,1.09224276206116,2.08665643229626,1.26569726775498,1.52169410885176,0.274827638445501,1.02460707974846,0.959258067499518,1.12608274146098,-0.35115402263257,0.701573722177163,2.09476718228219,0.144162212563076,2.34103144383663,0.751997096781832,1.65432064929016,-0.22995251233609,-0.165445006393835,-0.952982268964684,-0.821968030777178,0.0734375833121601,-0.206103268705012,-0.834400404027287,0.856886647990482,0.561085121203454,-0.0122588771306599,-0.611182720686143,0.897813861767535,-0.350870445096722,1.29355461759758,0.0078643474549765,1.33835964248364,1.22577600141974,-0.846438181624767,-1.00085147311603,-0.635945778151157,-0.945870327933723,-0.614571068321567,-1.9613194307023,-3.10577315710646,-2.72304133106918,-0.521494098454562,-3.23508833365653,0.978365227305668,2.48665377635666,1.4702387646959,1.43678865849807,1.01568236964035,-0.291290427084308,-0.459590055063838,-0.834629724739789,-0.059841303720502,-0.446308114887743,0.604825904044523,1.16517208121546,-0.455328374555045,0.529425878649322,-0.0871000772887295,-0.343434307764515,0.695532170186976,-0.528672808442099,0.187465931418726,0.192117261191712,-0.221139482353581,-0.583055010401508,-0.521587386973503,-0.655998958423347,-0.777397484806269,1.30575506019455,-0.349715528487535,-1.03123005137186,-2.76080885294328,-0.916152969735298,-0.0856148438371833,0.408214624573973,-0.149334710744766,0.407151992409195,-1.36454242993324,0.0770236003077806,-0.319000494092654,1.02415769942797,-0.118075240851709,0.701043776122043,-1.30244042972504,1.52810033114055,-0.475527813173403,-0.771074600549144,-0.295137897154151,0.177838982747601,1.24486470718256,-0.32150553787893,0.0524037542009946,-1.00792221302747,1.05943682245038,-0.704766204764001,-0.247210018046176,-0.945501817661413,-0.453098576785193,0.427056509501248,0.0749620589243446,1.1329555345436,-0.176635179693749,0.756614063110081,0.387568240599537,0.349301618253646,1.40799233725733,-2.1616566365548,-2.27768421339358,0.874977987837823,0.440561616793758,-0.0378056547789769,-0.147644444936198,1.28496031126961,1.71611874986423,-0.209238746729761,-1.03699313496443,-0.145602107498919,0.18307007878769,-0.17725380463033,0.215334376225209,0.0768722359833924,-1.42310280364861,-0.46653735853743,-1.75344637728932,-0.72667262408831,0.13478139700355,0.372753381645061,1.00632652283077,0.0577602073248506,1.49829582279407,-0.949167656451006,-0.531918798944641,0.908097348553888,-0.17920672764085,-0.154885233607741,-0.0668579661450044,-0.104127251840953,-0.0363752007542444,0.168319506876674,-0.858819301200471,-0.648127581062321,-0.350283643788645,0.144231425698232,-0.485752600822256,-0.263583399294648,-1.01713322267796,-1.35369920275828,0.4454411205941,-1.31079764270074,1.39171620721961,-0.349777618325103,-0.183919088398346,-0.535768002475291,-0.386838586643977,-0.462156477643468,0.519348660158622,-0.452014428379962,-0.121006894872966,-1.00522626501374,-0.321925611389553,0.589783535795298,-1.37310003119695,1.18454559095862,-3.4152500114409,0.227737460751183,-0.0011218473015908,0.0528447877966191,0.129901225797287,0.0806001030875556,-0.546431548430427,-0.326729898133689,0.73501721917338,-0.743220182533518,0.441558935151658,0.248067713487388,-0.586738156609116,-1.26473561642593,-1.16533684870879,-1.41769339507578,0.0193120083617201,-0.0356500804882336,0.806322863455682,0.376001366240353,1.57380837515883
-0.240818372316374,0.162251047333712,2.16837179450885,2.00960266056185,0.951912612983649,0.545355758704293,0.0123087262510166,-0.170755134411485,1.30240477799825,0.843146230648127,-1.58377643427608,0.872257243847622,1.37400188799862,1.18517354027251,1.04762356030703,-0.456105225348797,0.553446909690988,0.538742946363982,-0.214355151137281,-1.40527404127052,-0.833972443101092,0.49554217059067,-0.149597240514541,0.312491707326687,2.66517751577766,-0.397262921050852,2.04382014477503,-0.348097979449036,0.151249260775399,-0.536276574767338,0.917022452751867,0.0708499150102238,0.849401317922,0.581048230052873,0.440880877363587,0.675553028167455,0.556374891413991,-0.392182489767105,0.829385984792072,-1.63720382327397,-0.847501942045418,0.272880672817167,-1.89478639588012,-0.478002000249255,-0.462345045524193,0.0369114923332779,-0.263323553322127,2.19190397711574,0.511016553842049,-1.30889820190455,0.113442118104923,-0.851125659115076,-1.47162103881228,-0.764691814552526,-1.43335496400368,0.19732436985794,-1.02199582923399,0.367803823238103,0.0814411693820627,0.0769974299121383,0.0903878254424195,-0.317300084118259,0.368441330438832,0.416021085809208,-1.2194459218427,0.441971853506061,-0.0121592483775566,0.477474342631546,0.932730755633464,0.293677874936004,-0.212419279979865,0.359862438431763,-0.466184797409665,-1.0786492341628,-0.0911399232036528,-0.4679924937277,1.95343326197906,-0.301209532619024,-0.484782112067988,0.199033785902905,-0.791356869965377,0.384177047908877,-0.12132117210728,0.436069074923085,0.624356069726316,-0.0715417585816289,1.66752698112156,-0.225102556002275,-0.293073697468598,-0.155979936825684,1.29912515548292,1.7298314749652,0.959198646440994,-0.213230866862945,0.62607875298581,0.647437651026864,-0.119450943386,-0.383571840047663,1.01538029256327,-0.793917987688332,-0.0311421620246445,-0.969702012549685,-0.458456943055894,-0.203835643228802,-0.637984914157504,0.456992833002099,0.388789947869255,-0.136225288639132,-0.690509599024181,0.0563673467044113,-1.35897171672865,0.799484691199096,0.041343387899884,0.199445608954044,0.391727278710977,-0.469077004547828,0.413485307652707,-0.887297269964221,0.255994141448431,0.768938377944804,-1.23592107152475,0.526943012978323,0.603541572790641,-0.0469501975927787,-0.38136381004108,0.093666890066177,0.489137516409785,0.445960148061087,0.449868470691986,-0.690728676926654,-0.98731805797836,0.916704536901915,0.89898595289899,-1.17142745192296,-1.12930924881246,0.845346557114615,-0.745314824882803,-1.45845448875854,0.751994096185014,-0.086372257607269,0.351260859229149,-0.880666408955009,0.594720841356095,-0.274162160534154,0.029945492243517,0.106896145033036,-0.122144108755197,-0.386932394056055,0.329658384198567,0.34681701112303,-1.15162013168988,-0.489817770842864,-0.121204085670855,0.297007404875156,0.0412672764339906,1.10056147961771,1.28714239629228,0.237595862806253,0.00652401416899571,-1.77677532473705,-2.34472633465732,-0.923772166763313,-2.46168989038153,1.18129813753186,-0.379508637782056,3.18473281040577,0.671281348299669,-1.8550976083684,0.57777829715607,-1.49450484411532,0.684762262698958,-0.591538474562539,-0.745977072255219,-0.237130167060915,-0.178588220390107,0.790672637933027,0.0378665557495251,-0.196793382598314,-0.32721377963954,-0.701159288829318,-0.233501148864696,0.140458839952548,0.218195049020875,0.633786766747297,1.10317907611923,0.168168083220902
1.36392889498142,-0.5431103845847,2.39586976480571,1.9261166675399,2.44336526121095,2.50142646301639,0.484365793845785,0.365733590254039,1.18999331813917,0.700406654073133,2.02732483327947,0.840968370350991,-1.81780800074336,0.82254095328487,1.60720309191499,1.26854121889561,2.21192857053613,0.173205448087435,0.0370948097205422,0.474002292902491,1.65288376342569,1.2158676487437,0.424433737864276,1.16450166848894,1.88149482297453,-0.595491367718292,0.189948805734726,1.43149966464308,-0.276802678944087,0.553886092967509,0.846022341563117,-0.582014402285969,1.28869178356967,0.231262233533265,-0.525167288417812,1.53029922833061,1.03305611853053,-0.445349149534117,-1.43552580682129,-0.889569567091817,-0.0902073780352878,-1.01406320456496,-1.35286022707502,-0.43242398397155,-1.18572753082163,1.5323342511459,1.26775658174646,-0.0603806373419979,-1.22362462263359,0.91994246160221,-1.73250886429829,-1.93893998410108,-1.08689405690975,-0.860075637054392,-0.0798006874589048,-0.80737228165298,0.441079295858619,-0.355584605534862,0.46588416436647,0.449632502592124,-1.00870760791536,-1.15462310638733,-0.779010859031241,0.0444065260636882,0.0724363665125588,0.837838462859707,-0.326261402779264,-0.212095627441496,-1.30337544339278,0.527515590013139,1.21941802895227,-0.099502589618367,-0.823066066238912,-1.36139244618479,-0.62157216799589,0.303829820622847,-0.332572725005651,0.943920480511022,-0.243195810374532,-0.720720648104327,0.325305847759536,-0.894685141510561,-0.714808640427324,0.98186250487552,-0.690076116425613,1.23367664791462,-0.823103361468692,-0.275489238668988,0.0795602383992185,0.703523131369268,-0.416077251368002,-0.29197369020987,-0.113842221002286,-0.521064315344484,0.56162650483042,-0.94957944633106,-0.0911687755471807,0.17774497689337,0.490717293692567,0.119137291898229,0.0652264917092203,1.16028321887693,-0.177221783619255,0.665876529125128,-0.146868835903478,-0.178288382493625,-1.53520908632676,0.442618884847596,-1.24208897039226,1.45174903788765,0.0437569588220343,0.71975785867224,0.574946298062799,-0.241707247278786,0.809782232239029,-0.968473987881841,0.127685097440727,1.04980846948499,1.6002572603794,0.578372066914201,0.207488166001846,-1.24284296794202,-0.695208499234369,0.246809766998233,-1.07283960455691,-0.174739833564802,-0.048781252995304,-0.0486527111854833,-0.354927315094366,-0.888841157271612,-0.0316794941468179,0.527822846862519,-0.213340018883957,-0.589735860702988,-0.146573636218288,0.274435131566399,-0.116788516472977,-0.121822900289395,-0.41674910653892,-0.182285011129882,-1.08269344483473,0.715359533508507,-0.114178393448446,-0.136174810045349,1.16196580270289,0.167122531752888,0.111568099960717,0.213191513945028,0.895096047721514,0.56316199744835,-0.159377380654149,-0.143743609555447,-0.975038403737321,1.26973975885527,0.118940837439283,0.316589119479584,1.29300681605937,1.3294217674662,0.59266587368991,-1.17291583553498,-1.11301952148387,-0.455790902642328,-1.68511498617175,0.564578552826909,-1.23171224174483,-5.50884981838607,-1.26592875011288,-1.05788608074565,0.739982211359778,0.648571544278541,0.150866640809332,-0.514780518884643,0.100401909055662,-0.716099001498654,-0.223476490334117,-0.727784342130073,0.54751822852061,-0.715676899677894,-0.961761696686449,-0.904560941249618,-1.2499916436662,-0.538219211702301,-0.212897051771226,0.101523523150476,0.161833691443157,0.338525897427563
1.15153239815504,-0.471740990855468,1.02895634353499,2.07804669175821,0.499016615750901,0.83548201718885,1.07514643092917,1.69534934476812,0.567805015444859,0.0798547460902386,-0.177279073416364,0.146565361976782,-0.419609252901376,-0.4102539032549,1.12229612690773,-1.96672727053989,-1.05352601851332,1.05055356405851,0.498773856314234,1.4818578819163,-2.894662523529,-0.248269084594892,-0.319615649827359,-0.517040726796834,-0.900678445053759,-0.107071316818074,0.377533236173356,0.0241818029433817,0.0184365624381934,2.13098353957521,0.493628646608602,-2.23480347066325,1.79113996162596,0.0758443046651627,-0.692668764405045,-1.65882051875753,1.08145740718498,-0.638770093626626,0.357218202520197,-0.752203525372525,-1.72408997557351,-1.63491142161194,0.989981208764253,-2.21192843830005,0.161534385064466,0.311530592114298,1.24358564243267,0.39462371412535,1.77541380834804,0.907220059180455,-1.2087802936677,-0.094405580511412,-2.36435391984034,-1.48475835250618,0.820743690124759,-0.25570591672535,0.275930814067027,-0.834891543291412,0.321244350891877,1.03609517296455,0.349385528262578,-0.74297623513412,0.126897211893297,-0.117512342710044,-0.92065645088464,0.539262878615471,-1.17933204243968,0.209014493221861,0.0511206003434503,-0.35393805638741,1.27785153533627,1.30698709530096,-0.95971672763589,-1.71242459693495,-1.27761788868007,0.00655141297302133,0.000346399805295953,0.300654514685893,0.0711821066153496,0.0321943616830293,-0.618536178825507,0.246091251498126,-0.12314918008116,0.908517261828333,1.14218756986967,-0.42245534221367,0.609858030880016,0.424734839753781,-0.449735706071674,0.27195678075235,0.106669888049212,-0.420145235194854,1.07017715967357,-0.0625199654384196,0.190294632468807,-0.0741477126364016,-0.444111562745418,-0.929601178948367,0.0236006836259381,-0.472694907831623,-1.67273342756323,-0.742150419459206,0.499506311592243,0.438363146700841,-0.330858499019501,-0.639586234171142,0.138665745418013,0.159685338813405,-2.68483140133474,-0.354482144312564,0.605283515037628,-0.0605302931170288,0.47998724083919,-0.587829468521976,-0.128459921535099,-0.0216328136422539,-0.524643089582512,0.907230257540569,-0.15630463989878,-0.0893271515502182,0.246069027811033,0.61653609250611,-0.50837391439792,-0.875603601754686,0.000484666603086671,0.087304598579177,-0.827309443312495,-0.658576736469625,-1.03576351514977,-0.124464976898332,-0.822516769473383,0.490863556250252,-1.75865973162979,0.480202371586355,0.68070427883806,-0.0915298661541395,0.469279852099798,-0.228273582511374,0.187660422563819,-0.25436656284219,-0.741573640495799,0.163024917306633,0.0380804352535671,-0.240731963958328,0.126557892520588,0.320204014386528,-0.0197079364015114,-0.113976663897368,0.208954657921686,0.443012751084263,-0.874733111442108,-0.282293546511878,0.267814975748184,-0.180589400348775,-1.06976958084202,0.387387194365365,1.3806414192706,0.084968746230166,0.248408357260283,-1.71444238875641,-1.59747729351227,-1.85335458360401,-0.5303368654311,0.844222183776747,-0.955768702023825,3.42837930674502,1.20816254350967,-0.743647276672528,-0.110087640352476,-0.362572753938747,0.141876612602757,-0.101109850126325,-0.53244564363359,-0.67131734301016,-0.756822831714168,-0.078437492244997,0.769065117187921,-0.58174908459164,-0.948908114668027,-0.707119815300381,-1.26397144314011,-0.612495227542548,0.92009438589373,-0.981134896775571,-0.483679611742574,1.83115507013252
-1.24861643959766,0.693440639532196,1.39570010289989,2.17828443276147,1.96884151463591,-0.357851498200747,-0.133408326429248,0.269982461449024,-0.547550485807912,-0.785907816906748,0.289096260617364,-0.859792124488488,-1.00181289514909,-0.201230027454402,-1.14272662180637,-1.19524386981559,-0.133901756373606,-0.37705755817976,0.178569452848895,-0.400984496149354,0.483167219628561,-0.330684531347137,-0.14403562917246,0.39533032285322,0.0632022248516042,-1.34750301502169,1.78010668404503,0.0733403958546099,-0.107955067439834,-0.617520877207108,1.04754790908527,-1.49517225116452,-0.00222278903209451,-0.905253383016155,0.910411251819855,-0.203038519176736,0.535154964425225,-0.0414434496749432,0.417950872369775,0.0925331927548541,-1.66472735952406,-0.95429890689672,-0.0552629948576207,-1.33628732312389,-2.56626618319129,-0.560505537696262,0.883692452547863,-1.63705865975364,-1.21447858846771,0.0309468835860976,-0.490087507118756,-2.10940951436488,0.0659050126550615,-0.773189240863743,-0.443978730258554,0.252522081905106,0.217580767173963,-0.82575089432005,0.671334794675162,-1.11980951218911,0.892309437039357,-0.275288548852171,0.275304413121945,0.231554466772052,0.61930912300142,-0.246467364862879,-0.388546850418178,0.29341317019754,1.39905928097496,-0.193406570842103,-0.0345809104268711,-0.319319860985414,-1.14917411158519,-0.174035985736493,-0.404967324959681,0.459094474415358,0.741051962664363,-0.217553629244349,-0.566091433976931,0.543112893840367,-1.01011285421001,-0.210227951945494,-1.04892649904614,0.180141648918992,0.191861456988477,0.545747954574263,0.0300141787715573,0.142979079446662,-0.926282177164502,0.0741918889209403,0.0171496041508708,-0.275787467816076,0.365768142135354,0.697007313834697,0.949933287621289,0.229402527081204,-0.522291180681118,0.485984582424594,-0.546035554742867,-0.0176739124324519,0.346679903035516,0.264877750987024,-0.353788459471215,0.663726116264127,0.248051014013319,-0.0824311145308084,-0.00829850216326219,0.914734168960198,-0.739146501075688,0.368626321380981,0.635681488724764,-0.0709888965537245,-0.822248653346465,-0.974432095029907,-0.00189104588367545,-0.693175751464654,1.10722782858831,-0.841948537170674,-0.954981373373324,0.580109050247843,-0.219586622942399,0.874011960724954,0.0524364478137516,-0.671168843315517,0.101437560727579,-0.692487664973931,-0.40945102577147,0.0490241673213058,0.456349930880093,0.4486158500492,-0.0891694369181032,0.20712382972775,0.618295969626124,-0.265314097025916,-0.197573977882118,-0.375670319834092,0.257333565120806,-0.0178124874508152,-0.524692959845727,-0.163101678775957,0.578509923442423,-0.118327332037697,0.272132394284926,-0.356470333092887,-0.173188946652494,0.156522270889706,1.04129304840502,-0.422827376710196,-0.16778608359269,-0.32937105183668,0.125805825195103,-1.19685413995896,-0.381071840046064,0.199211112932349,-0.324398179244649,1.0361219223818,-0.0383057829744264,0.98673548337245,1.34154836679408,-1.20686467474534,0.653198430205209,-1.63429646718576,-2.27983411593567,0.74990085182807,0.645733341738014,0.041296600388499,-0.325555862989829,-1.05678990676485,0.330612076646614,-0.399305128807798,-0.186402972969502,0.358706761282476,0.445718081839406,0.582593466852775,-0.0102130598482475,-0.385383219110162,0.29818698966087,1.07949626631908,-2.22990195610144,-0.784923719311086,0.0665263611459676,-0.417516167285126,0.714184065000177,1.55106116064006,-0.451601545884154,0.434259208549383
1.65843583547859,0.568206226822156,1.86371016241803,2.33535894591487,-1.30544235710697,-0.262829780199656,2.07291608082249,-1.2013239266906,0.742397799119066,-0.933949833898539,-0.551961352303653,0.523907753641504,1.46595053807337,1.17227699269511,-0.146661289641573,-0.764730374949181,1.31339751070958,0.98340405235713,1.84286250360003,0.00753419170312013,-0.45109649392895,1.46996585841352,-0.941684404278891,0.0458362240306349,-0.313800109659981,-0.749460320480398,1.10838212015955,0.00322684740109467,-0.628420453615919,-1.43181277416981,1.19927106484979,-0.315427798854953,-1.02165169733583,0.306979921407763,-0.119329579441607,0.658703495678202,-1.04723954976812,-0.522697973312111,-1.15181685600252,-0.670006682944098,-0.638330256280262,-2.24401128162835,-0.341299198415726,-0.691728249244334,-1.32733556848802,0.649875287874645,0.012917903288129,-0.599824981575191,0.022447875261676,0.407709355444153,-1.26214317685553,-0.685065772234734,-0.436094954355125,-0.003411775592033,0.0307774659166997,0.0736039819465848,0.883800476381206,1.24163592034136,-0.858875330965154,-0.295098765805464,0.399732149186302,0.0938694500609226,0.742502907518724,1.43025015999555,0.315581956638159,-0.281272057948497,0.0873386139885661,0.881595544332514,-0.19807066686534,0.764199550816273,0.659601446921328,0.80453716045744,-0.853415212521412,1.55860429317082,-0.999580635022347,-0.182108185124543,-0.994687421959087,0.807954243162717,0.0923393032347354,0.572020912885344,0.609733483645391,0.351310094017691,0.47469367945018,0.11139224357555,1.12632179320884,-0.149162367594753,-0.319263327487983,-0.427805737136179,0.654533908666518,-0.789566585335063,-0.819015732416299,0.781344818347701,0.124230729031336,0.242988511157864,-0.0556435179973735,0.71205721982076,-0.0098133225956693,0.565260724658448,-0.0945649158241458,-0.576526824176243,0.813732010411621,0.171205037426535,-0.323584002378766,-0.048609454194203,-0.639685985392326,-0.688169831434871,0.183155084761595,0.521278826658768,0.00430460876748252,-0.84740908157169,-0.786878634325002,-0.846054032209366,-0.0369776026196742,-1.26580248479622,0.214124246586586,-1.25081881912015,-0.364496292116618,-0.466677329089814,1.55401962080376,0.161942712440009,-0.112647982383595,-0.583461541487967,-0.612158088534904,0.189438234235136,-1.04524503099656,0.168055734196414,-1.20309855704291,-0.404111240848279,-0.423478251664592,1.11454856125636,0.517280874661108,1.19275872986488,0.525828660017746,0.684393313383316,-0.0476842753187579,0.509960717011029,-0.571980717711808,0.281322423070312,-0.840977436543928,0.646010927030876,1.11455580118543,0.252507854992131,-0.0540368085598641,-0.127594675840439,0.745058654362227,-0.980838038054663,0.507297780041749,0.0835385333019756,0.799890705990145,-1.48702767224034,-0.793250053449236,-0.186172092466198,-0.65895648969873,1.56404784601775,-0.207256698846612,0.549922728305605,1.06014231654919,-0.231962090558718,0.354311076466003,1.81428817635001,0.76799356376088,-1.18354938408289,-1.32303757788748,1.00117082322073,0.302263601429472,-1.57361486740104,0.540457471305953,-0.176433012492622,1.03304245333945,0.0906319944457975,-0.467076888679133,0.0301476713738739,-0.315606069364609,-0.503750765833332,0.840628929001265,1.62419074688828,-0.371979244696084,-0.795376568103822,-1.83399577755841,-0.506326019670676,-1.73396808241314,0.815767015687639,1.45182471087103,-0.468869140027185,-0.0949960983886504,0.273994681311773
0.376354017165662,0.358170746051559,1.5184123377271,0.566289052417659,-0.119887474804382,-0.834824720257547,-0.832996895885245,0.13389973242876,0.0679040621499066,-1.82251992140842,-0.176712104708109,-0.448146893630021,1.25309053559185,-0.200790314341751,-1.26704283790353,1.10312770513013,0.884471552346298,0.256857324369897,-2.02277082657257,-0.744445941497063,0.569991920082111,-1.59479187860162,-0.701101788154549,0.948215938474022,0.354637876954585,0.0151569789502734,1.3005801615705,-0.751582512696423,0.330965894273204,-0.10366509865345,-0.91096268283001,-0.562798146497647,1.40993042221063,0.215459744542927,-0.461482940836423,1.19148368007816,0.84555799165877,-0.710077392060426,-0.896626865764897,-0.579721717618078,-0.814696604437618,-1.39255070639064,-1.0769023910769,-0.566560052466945,0.000651451412708389,-0.421107930423336,0.375662052796987,-1.87576508752039,-0.179591691328731,0.19007766592613,-2.25050956482771,-1.37339961924591,-1.66223521851743,-0.927140429360049,-0.821589950412124,0.92748615738038,-1.09508401242872,0.866653085991854,-0.880075052064527,-1.00074809687297,-0.00229446023661941,0.338692546676388,0.0376958362497518,1.60114304600172,-0.175499696181109,-0.0944841495852219,0.328729311571254,0.128342950389284,0.0245058675105143,0.4099976772401,0.927987953750724,1.65332658792837,-1.18036698058697,-1.47047012099562,-1.40384510606306,0.232240072567613,0.927243716229936,0.0637655020884041,-0.360266401634597,-0.680515029037055,0.12834609059539,-0.0623194153819899,0.255539091095611,0.778670493580447,-0.106313302956156,0.319830909920831,0.157293476279617,1.10742308242806,-0.599567499899395,0.92836943689729,0.716810346243775,1.43817318850938,-0.442252662933989,0.245967776396789,0.0837432395776092,2.61127705547759,-0.10550231936355,-0.34452547937703,0.52950280866037,-0.152205009389633,0.243228210898018,0.31898717998087,0.452405586554774,1.02154135670088,0.608523718565457,1.38682853760987,0.463871979550791,0.343835183768365,-1.93660586912391,-2.99550528753136,-0.192781883249107,0.110516383567415,0.166248159417978,-0.187645087423156,-0.426312070584403,-1.13665207732898,-1.52138643948146,0.549807677499033,-0.202637815963427,0.397051122447237,-0.695475680141921,0.268717798972953,-0.828354339034473,-0.0965008427210438,-0.600629328858328,-0.906635716611248,-0.340020914634918,0.308072622751067,0.308582815951379,0.340805396529506,-0.129600756873962,0.349324359389603,-1.40356411596139,-0.533993905866242,-0.33780806804322,0.294254810681485,-0.787225539347812,0.416116422207029,-1.44794552913629,0.160908069837218,-0.627762696873123,0.346850622050303,-0.00707691909013033,-0.218341671883024,-0.649774563056381,-0.105188811670922,0.340682112635657,-0.668966391890005,-0.69635052083643,0.326723716425912,-0.325190113101325,0.513277629648856,-0.533369981506714,0.114447146990559,-0.289219217499302,-1.12482539916431,0.939098515481007,0.182401519052142,0.0411372233463671,-0.64245871937164,-1.7798496508924,-0.047216053984653,-0.21473790729289,1.07614398590291,-1.30708352623228,1.39520469212479,-0.0569453590914085,-1.80287855555271,-1.06369346907846,-0.118994824782985,0.070617990371288,-0.0275817370942377,0.123230082838479,0.343414186520823,-0.633459499512683,-0.356580930792721,0.245454669442825,-0.0177709646752706,-0.628784361074158,-1.46726382808061,-0.8658866940335,0.40234041956183,-1.04949794088664,-1.20394736141034,-1.0203385581127,0.583369769854093
0.573368102714742,1.32751621065354,1.42560299482361,1.8545645121715,0.890910083316676,1.01953689457764,0.78959906138188,-1.1998758419229,0.400279305966341,0.152422968525303,0.846202818900143,1.48116104883885,-0.83308931438933,-0.763497307662598,0.782795451555447,-0.727559012326337,0.212663177722928,0.970911999024082,0.639447874133072,0.0624817871038199,-0.0131952223620606,-1.59264357785653,0.371773048346728,1.01840386567456,1.50325146890886,2.22707503624794,-1.26522464797856,-0.235736986545062,-0.409801466921106,1.60755354748575,0.936339475635946,1.37855622622163,0.196256304181973,0.280869069233356,0.691493817041908,-0.252192647332438,-2.10611689165059,-1.61794440307155,-2.501370313424,-0.66325612398021,-0.703084513371655,-0.482360876267568,-0.561832065305699,-0.971851534320107,-2.11665694846071,-0.391492697171085,1.95654971424228,0.792936194213761,-0.967865259912249,2.42096460508662,-1.86432490364761,-1.2925329172371,-0.98487753226994,-2.00684076598287,0.839244607599706,-1.7463160118989,0.446920440793819,-0.427383517341896,0.498079310367816,1.0793241492853,-0.307029760806828,0.038324706112492,-0.43771485949931,0.180480097030958,1.10861847663994,0.117082532121837,-0.416201619564337,-0.401911476761116,-0.0263778409748178,-0.464509560507373,0.498524851613958,0.533753169049669,-1.56470355097954,-1.94378431316922,-1.73608938388883,-0.938804176273955,1.11163855657035,0.362421035340282,0.144470729325717,-0.693775094959816,-0.0132568256662977,0.428537505262679,-0.512622264777206,-0.36114396751159,1.30346320415757,0.384491413149773,0.180795221811037,0.371961784326478,-0.332307569245376,0.788381879445221,-0.134165981133104,0.39680820371341,0.303975331340496,-0.211427993818956,0.148856695145523,0.657390392568969,-0.12753259125672,0.67333636678072,-0.208144206916414,0.671701045688678,0.0859088337789767,-0.291105452699325,-0.00281417314910223,0.57919623482154,0.352037914053425,-0.0745956648463871,1.03184678032469,0.649759680480575,-1.79141958931941,0.239293983170944,0.358256613013978,0.706232982644712,0.487553365202582,-0.103044678006241,-0.0638053168864643,-0.223364386223027,0.389264955517068,-0.0610104025513019,0.909507586554551,-0.477833918000077,-0.324306184876215,-0.513710988712486,0.297273323726893,0.0499202598865828,0.0464769481931269,-0.390430961882854,0.481193989479729,0.783794655194138,0.348631727931414,0.587398927373996,0.924559868220516,-0.427248756678908,-0.829283138237442,0.764982414140652,0.628280260475861,-0.384296032318088,-1.27711554439276,0.578855559544644,-0.858995930029872,-0.125717666274991,-0.121755114944261,0.413903453141989,-0.268757356234129,-0.32145527569218,0.0198155446370081,0.0373475700964966,0.27402155343163,-0.10289796516016,0.675089148112215,1.30948603919991,-0.421193206626507,-0.55136909725089,-0.22322606526942,-0.100999032808994,0.389125860556614,0.710892212604071,0.589503123719159,1.08261266709759,0.655953360821543,-1.41007146690625,-0.673855046787282,-1.33733157824286,-0.423613567610985,0.148020515684563,1.02165234338228,1.66111407868368,2.03999284154377,-1.65386056410321,-0.350251457789631,-0.75637623249236,-0.159121543700617,-1.26486647022555,-1.02678484939422,-0.684767693711092,0.174321933841366,0.640528058336363,0.237469516049058,-0.299869253719982,-1.58230131399478,-1.14310044069778,-0.758764150901025,-0.156123405202297,-2.0931587486375,0.31172532222552,-0.347874555834672,0.942035467768659
-0.201841053459618,0.585629857087934,1.40488065709576,2.22983329057967,0.381497318114389,-2.32312721979323,-0.167552863281854,1.37144376542689,0.770088089750668,-0.946215558022324,1.01723042218533,-1.32598673044997,0.229852126238057,0.40757602197201,1.7696657807569,0.783883432518954,0.991526588315488,-0.156519283465192,-0.703249879469679,0.77275284274337,0.0925712374166913,0.649593645029288,0.925211582600477,-1.3451402358034,0.576267511948252,-0.564896561999315,0.569788956431385,1.47879591817307,0.33901913535538,-0.859888443256781,1.00165004785308,-1.80771447235208,-0.0773982795981049,-0.837831118943329,-0.609512777368814,0.101344664532932,-2.03707700887203,0.286691043686762,0.422703373129696,-0.613265568542772,-1.16410367883815,0.104322929612994,-2.30491591692227,-0.822121963762497,-1.19914276777673,0.208147517684375,0.260968858557568,0.802862985132701,0.610493622160956,-1.1949360192412,-1.34607371814173,-1.37678615174915,-1.20668723262451,-2.19724333372752,0.0460771010332187,-0.863580360433491,1.32143875272265,-0.608502412585948,0.449478235149367,0.910113549470209,0.433920494266231,-0.0614326070428215,0.0833847164034975,1.29048232540389,-0.603761392260125,-0.0946596684385611,-0.322834726579634,0.360102496134804,0.731754110101932,1.75791971085954,0.550014043061477,-0.555565205805867,-1.25547484948193,-1.72225667404474,0.0484494628823243,0.0941418723166919,-0.0247410372977382,0.836636425974946,-0.707635859307234,0.43318215111111,0.130526415048829,1.07796170819835,-0.970522387417047,0.508453215579062,0.153276419999852,0.173910054197002,0.455841840228362,0.19912542857829,0.25892121382854,0.652792907787737,1.04880690958713,-0.898884626667466,0.342379134840579,0.794672282068101,0.779567760040909,1.23134254633846,-0.0920833087735116,-0.287722079163707,0.982567259005722,-0.652045536614816,-0.188581689290358,-0.137901501767467,0.57339681997841,-0.886616252435026,-0.283670287951027,0.317810983026172,-0.367484892914739,0.102268039496988,-0.66995793099654,-1.69026543949308,-1.2123571783141,0.652246914899344,0.591994793618568,0.474283218947944,0.0284733160431086,1.25848233912647,0.571719986500311,1.32929320606521,0.746331786026088,1.5561367086943,1.10196915846757,1.26459168409561,-0.692609744159039,-0.745744829567602,0.232828537840796,-0.73556608562724,-0.0939449877533803,-0.590336114651864,0.239516088996221,-0.172949819795674,-0.119765372629634,-0.929741416214717,-0.571410554846874,-0.532057168732346,-0.701941159434724,0.270745599376103,-0.53940647813451,1.08188797266276,0.340953115261857,0.536566027998452,0.188866431049508,-0.123077144354909,-0.207367658189827,0.165911586349647,-0.339096096911887,-0.779961701925541,-0.106315959350869,-0.341230044684208,-0.0876899772129982,-0.0263551132036296,0.2147896219084,0.0955953981038014,1.09617256005829,0.0499611813663725,-0.246755884448628,0.98061045216534,-0.807838825721022,-0.20116420178559,-0.45298186312888,-2.04121091094659,-2.22137192511332,-2.24068823827337,-0.749256671073951,0.690658128594458,1.4681870588508,0.782701508082023,3.54888083390352,0.117035117122621,-0.361836058087217,-0.989266319854745,0.0719441353863487,0.631792017610795,-1.14335463513347,-0.604091825673393,0.259456692487327,-0.31327813216362,1.08019668815759,1.29846673056559,-0.491599840847649,-1.33964643993943,-1.64142694441822,0.747249469087736,-0.832680279220019,0.735869522027076,0.822510502814806,-1.28381824378532
0.802656639539442,0.508896936573114,0.693281632450653,0.454889239901885,1.51710156930504,-0.159173168099924,1.65825084325073,0.668127935898323,0.979864689737996,0.285767282152141,-0.786818779818138,1.88160053842755,0.62513311941482,-1.25439744604994,-0.283524639932326,1.38093831750753,1.03299346793249,0.30855745852637,1.81019967656584,0.0122383904846847,1.00302868644115,1.23354495887266,-0.493060850767331,0.275536812180955,0.551770931302791,-0.897167853495857,-0.704798474390311,-0.685727508805331,-0.133535988709947,-0.606961785375836,0.835604122137247,-0.401766302848561,0.866191293291112,-0.351574998549971,1.23225866593364,0.263410110046262,-1.16740449976337,-2.04179687311766,-1.11387711644286,-1.37041118500884,-0.828313417721612,-2.16290318795606,-0.557503101754777,-0.128096972414475,1.08971885171524,1.06207216762663,0.00372309222391459,-1.16537766251231,0.215492260005515,1.19640369333632,-0.362045905617978,-1.18329651849947,0.468308349280947,-1.00371454528229,-1.18783419034276,-1.06946271390443,-0.407070403208317,-1.03271612225683,0.949252339231607,0.218056740330392,-1.01497294852284,1.26500420025847,0.628745414128016,-0.247707456839641,0.28106670930578,-0.27817555742904,0.720181884117787,-0.422029836365749,1.06625539242257,1.03802271821798,0.736726086183508,-0.962710460878239,-1.72383200238786,0.202784111095666,-0.590110733398231,-0.0463024246382186,-0.0903210305860955,0.737010932636589,0.755066030941351,0.094805094921224,0.227732953097933,-0.353079247402362,0.750468981619293,2.17138047165772,-0.174175161129265,1.06710311657779,0.504876687982957,0.266711790995916,0.0554943343197134,0.50750537782791,0.091102471318376,-0.0910451783236248,0.0315345312817936,0.471893312948002,0.317093086826767,0.0803342486945687,0.0848559086054787,-1.08549345224052,0.560143477710396,0.80308145031747,0.225150602868143,-0.700373814768428,1.14181976432522,-0.0553236728962597,0.546083651076526,0.264602824764564,-0.0738707917797091,0.0415282404383504,0.863410416959767,0.911998455945947,-0.325946015505042,0.0992492516828303,0.0794248544419343,0.83554329644483,-0.110073290844894,-0.760823630006379,-0.489943836450885,-0.333222784534145,0.206982549099436,-0.530602240850409,1.10684212762371,1.02687323494093,-0.583785185844048,0.580364822599412,0.331917641197093,-0.0574391688621031,-0.666670402445132,0.761652622328281,-0.199400561959021,0.627655273232136,-0.291922180772924,0.0221316065393576,-3.11893510132294,0.121783318782686,0.0288277365819812,-0.707142953006897,1.44346641097734,-0.3462248045603,0.254210281280348,-0.0999696812689388,-0.0314995471114008,-0.215227628500612,-0.371449170274126,-0.445781506117155,-0.702174882842085,-0.758601132191272,0.169518999644721,-0.469320423602136,-0.460264681027647,0.060765343722697,-0.267385961518451,-0.641165549361232,-0.435035797424228,-0.192490219909,-0.793495476709175,1.11996381609533,0.987293076134418,1.11796952968582,0.901234895146577,-1.28694687169967,-1.45364120270689,-1.16126366843673,-0.984688928720945,-0.0748379484826514,0.14558942838283,2.68642179702569,1.54293358538858,-0.173769221326124,-0.316089084785715,-0.744629313252993,-0.675822647424015,-0.427864296917136,-0.406644042726547,0.516918637794168,-0.172740997924805,0.537631512814788,-0.577723522080957,-0.0980589382465697,-1.69703704215639,-2.43193906675674,-1.97801268111341,-0.621307743379895,-1.62023760613887,-0.924606263318355,-0.0320595865888506,1.32333118568171
1.07238843563472,-0.389031150400463,1.38391247274233,1.75113252280845,0.204279262957208,0.375729722990434,-0.336418537295598,0.316920364385272,1.4393108290394,-0.00250186905366726,1.95578928407304,0.518001859075392,0.0350820294393333,-1.4105947901753,-0.0717862435854565,1.03274804024507,0.585853965233392,-1.77330576004366,0.465589969882091,-0.905919512954378,-0.264532121136412,0.947351070894306,1.41345460050218,0.426065818879931,0.420092401906414,-1.03015618804989,0.240729764921041,-1.82660390408103,-0.0932078717279623,1.21144738660985,1.31108844502952,0.294565338914318,0.103253672492732,-0.3747398587282,-1.15189491680704,-0.273144912057218,-0.215415962915241,-0.582447879763582,-1.04809987519632,-0.894948111134716,-0.837087969286375,-1.62963582676514,0.568601167611536,-1.4972792012766,-0.707164656984752,0.0382999278431348,-0.962519893599203,-0.907779443942306,-0.544587190594336,-0.0476065465675308,-0.933718878644801,-0.366845513485965,-0.201655809179117,0.0542614871278582,0.145372376209886,-0.437813432735221,-0.214215147085124,0.956599982201423,0.263455862564335,0.693396838829086,0.2018013295784,-0.693352146346602,0.521221722826728,-1.40230740653376,-0.0292555438936818,-0.109959737744707,-0.182457719706447,-1.25685738429518,1.21379743490805,0.348952978138722,-0.101144461181733,0.487258650203636,-0.285541332967327,-1.64430967866888,0.436956001925834,0.310330890105854,0.0423196142452265,0.326824946329,-0.456727978279174,0.102948193413573,-0.19112076354688,0.577352314572542,0.518142651045951,0.535047769732516,0.280052841523082,0.163484115064701,-0.721411245476479,-0.40874512522853,0.954757054334423,0.490105034390727,-0.348958061383653,0.790426802886613,0.740629652997015,0.317556922233532,-0.199699963809659,0.369733189294392,-0.112102346426328,-0.818225762601819,0.594960170417866,0.560744190311902,0.390334370700209,1.09515952435124,-0.158145518279706,-0.222129608836399,-0.223184472306676,-0.658618393149339,-0.0846854669268935,0.505594950427675,0.219501220628495,-0.325570589254244,-0.547526513883842,0.00604641735650477,1.12091413210277,-0.364275915572166,-0.411655130612392,0.958987079577781,-0.0191664675421274,0.229069019896812,1.28194074788455,0.886940383553967,1.1098039049429,0.0685156251927526,0.12741921888154,0.263172363628942,0.547621579621528,-0.556971117962264,0.261403933208795,0.75646439499188,-0.20902661370293,0.699961396502503,0.707133550679486,-0.0992006037240508,1.68214004960566,0.417873255460655,-0.991656021601761,-0.132823753723525,0.280296796272734,0.16596784445981,0.28691868813319,-0.864239687647052,0.572077462252626,-0.355086716239578,-0.417541725645895,-0.858885331241296,-1.16343917907354,-0.379901053749161,-0.68661279294097,-0.759608561041832,0.0169270343551112,-0.230914126635991,-0.72551254957543,0.458660695888714,-0.807506927005807,-0.618587013866622,-0.655322678607466,0.806926168660863,-1.00044513378306,-1.01535185505124,-0.282179872237464,-1.59001486836719,1.14078236275194,-3.49359046037108,-1.11111888707145,-0.401554010459258,-0.503919572631871,2.12573360589553,1.52044313541002,-1.34219096709619,0.651491159205043,-0.0313698405744593,-0.146257763232314,-0.155732259385654,-1.08826565215472,0.136066410141124,0.0253574859963043,1.02924287242893,-0.436248066468957,0.0466884582601866,-1.54857866574018,-1.1210125459018,-0.172718560950624,-0.712693616258752,-0.106797523845305,0.0630381052195836,-1.68718250693668,-0.57913438016422
0.783466875176911,0.00506952478347055,3.3933527874067,1.56765943568802,-0.0709654995645709,3.40521016558119,1.40226285796017,-0.0984310293986997,1.50758807156472,0.615509172685335,-0.278804362100065,1.83657218377488,-1.27105252179269,0.0495934061551162,0.40485239456971,0.44544155615587,1.30305033005635,-0.310015347420084,0.877215830683632,1.24505626868134,0.78835348128407,-1.03893586038247,1.40515159790991,0.306543256129098,0.198145313257779,-0.39744632935776,1.66205911833459,-0.705085902918056,-0.191673110612849,-0.780311112176056,0.174048107484235,1.15145466754027,-0.387910325621855,0.120569645124723,1.38608826770664,0.257036549210213,-1.96143328681029,-2.25811634199778,-2.30404716572979,-0.579539972836699,0.539504805684715,-0.756804291324101,-0.88177862096499,-0.618846388719691,-0.732690954328919,0.448961088731166,0.591929111328587,-0.485494647931088,0.0475743692341039,-0.221413066544602,-1.18496875131514,-0.730396861041886,-1.18031213402045,-0.826314469209329,-0.160505414235491,0.721065363553626,0.522008554657153,-0.360800205111117,0.167627635218814,-0.154046020567974,-0.756434289339194,0.68058631118366,0.0536386430966573,-0.00323552928187315,-0.0981332101760654,0.875976594347824,0.413401742092307,-0.726861834018615,0.7472118162233,-0.511765308290633,0.141678915314139,-0.433014680899838,-0.69582190926298,-0.778111544846341,-0.983628731629961,-0.653027941227575,1.72649805955488,-0.260813891320458,0.00723643045914295,0.721000765910604,-0.0269621205380263,-1.23301865690197,1.04452109789119,-0.0769070575944674,-0.378781062020751,0.83640234294797,0.0937892796820177,0.350403381778019,1.93208233888515,-0.319119783341299,0.640889722856312,-1.75668706296762,0.263295114269631,0.379367340754174,0.111535112287564,0.182358238026737,0.682625620662817,-0.300644614145309,-0.0954958292253448,0.0967981390433812,-0.947620394504011,-0.99188476271454,1.09011225926846,0.581972465158344,-0.137696359491073,0.673667740902196,-0.202718104323882,0.115508056757375,-3.98195086739755,1.92326403390186,2.1388205650832,-0.109134064951864,-0.40281961193034,0.177273248680172,0.614425249997896,-1.26596349258718,0.0237251893123939,-0.0623271843959051,-1.09176282748649,0.690904236641395,-1.50283067145576,-0.977120612049846,0.321919116224492,0.377636898412188,-0.460936406244938,-0.179107838353964,-1.16239436200063,-0.974107614809416,-0.0180805051316119,-0.142370630063032,-0.448622259809311,-0.0750738218460636,-2.39816476591449,-0.912363132242036,0.0947304966672023,-0.37537509568147,-2.04111577661398,-0.282114847238883,-0.864883067665796,-1.17925451157885,0.153448735843624,-0.0174019843628118,-0.275458734519852,0.847383152227979,-0.320254727593243,0.896413718632611,-0.595219336171214,-0.260692010845042,-1.68030605708723,-0.136356136640381,-0.786033022850842,-0.244054849326175,-0.460252364531403,-0.647513766835979,-1.42341153193618,-1.15298264635973,0.863682559019514,0.0909377789716111,0.558455094755654,-0.978579078018362,-0.70622526595241,-2.16911877569362,-1.05714351108627,0.944764917216502,1.62709924453873,-1.23792212420265,2.05621041145954,-2.17254214352397,-0.334007837560832,-1.71344319554694,-0.717557069069661,0.0579638668973857,0.31037532546612,-0.867978340978882,-0.951525169366021,-0.881013207614095,0.247712082504633,0.155053769061895,-2.21065306813041,-0.756322089177854,-2.43315791071509,2.3037629511369,0.335187072682501,0.845208624744828,0.824476381494857,1.89505486804485
0.394094817742609,2.05978898633951,0.900217801553237,1.05604066520037,1.45287443318431,-1.89726299952451,0.556100064533715,-1.39732949558473,0.513910416104145,-0.730567531230333,-1.16467805317955,0.964496686169634,1.02795463221748,-1.2371889337491,-0.0212903481965853,1.0572309516365,1.05186471918917,1.27978700233242,0.703091266702508,0.034805880170256,1.8352368068626,1.63209548515911,0.333717988315642,0.10696189858502,1.02721798752288,-0.650235013157602,0.997362162719853,0.967629052505104,0.600596551895022,-0.791628499931189,0.595619961054885,-0.109413644812003,0.468459622925014,0.657509571316737,-0.312339500301028,0.599668786543164,-1.39105142663883,-0.926649910622648,-1.05265245781699,-1.03417130759046,-2.32937941443004,-1.21258532711473,-0.99158575216038,-1.47535042701711,-0.34953727290496,-0.68588844885421,0.088731215297391,-0.5589084612685,0.127955827095192,-0.727511722953633,-1.84198081532166,-0.55799886823052,-0.288154068656581,-0.173510752282002,-0.781874752810027,0.149638802430283,-0.266929744240834,0.849055840690189,-0.248754635191157,-0.408845624209885,-0.217847044766115,-0.0199305228378057,-0.543430048109319,-0.830285970432582,0.369712335609209,-0.125177901374156,-0.834415096855215,0.262303210972138,0.224170496962119,0.389166050538939,-1.15833629965913,-0.382013564296805,-0.610763227472964,0.49045039249232,-0.283658442538217,0.0579416374512232,1.43228563244599,-0.114450808535072,0.0310921138879637,-0.679251713810112,-0.193619450833551,-0.453465344382961,0.726745012879955,1.99303815555527,0.928846985897981,1.1375131069421,0.331156607811025,0.88976046540291,0.890556154838291,0.488978351051044,1.28409455239653,-0.316637684917237,0.789641628276638,0.403601637140603,0.977290238562279,0.427973281583686,0.183878160629179,-0.962859407990651,1.53947906424019,0.458672257178999,0.769263714043844,1.17030380305362,0.301748830975981,-0.526976033886032,0.295794057682129,0.125228743594715,0.0763350586325816,0.33924261975797,-0.304574236766933,-1.13717924374166,-1.51256479819124,1.11445681699436,0.236453280654975,0.720687587631488,0.651852862390243,0.854893909467915,-1.10019061264246,-0.562047564533878,0.5953527007488,-0.0365697285974565,-0.463140128002102,0.568287888370855,0.129243883150357,-0.47732850949587,-0.69515059058315,0.0490311562196774,-0.791421116036586,1.05181916349848,0.319551876241606,0.825090779707975,0.985175990501921,1.15928858992951,1.09460367803198,-0.449081382645462,-0.626592370663206,0.632463275774253,-0.172847263994504,-0.225117338640335,0.0976170114754683,0.0756855790846456,-0.702264678219689,-0.145599112984168,-0.0991824475766612,-0.127021239755089,-0.0128192417175586,0.0492580530215945,-0.551543444409719,-0.897894332247313,0.0870015091653168,0.58105746411012,-0.201424161179244,-0.0102709291345355,0.789600606323565,-0.398657890505013,1.13449077485948,-0.644093360099994,1.46723487342523,-0.476823868573228,-0.301373514148019,-1.26779285651163,-2.32115239204679,-1.69538622390939,-1.0451722540018,-1.07875172806594,1.67383145687435,0.127149635091581,0.734255740524697,-0.107026030623934,0.0346703597119043,-0.126105558009403,-0.0917299056964743,-0.565092083674634,-0.622358799288682,1.43938979489111,0.41112761630192,0.459343234499582,-0.0212045380302697,0.925863035001331,-2.16768747265342,-1.75129196484177,-1.42391646697297,0.563594735090828,0.0464973598602552,1.52838576819414,0.699541598147366,-0.61686721117004
1.59977682362249,1.36549174959038,1.30520754769221,0.739033958876446,1.73817732628817,-0.0979180537117446,0.574884835548572,0.324375598202028,-0.329208680098737,0.474691626882244,0.394537373870522,0.209353668181655,1.14983762574516,0.210108403898101,-0.699845444316494,1.22778278994567,2.1605638896934,-0.61124135921215,-0.116250292669218,0.105302575379368,-1.86202229561201,0.623345529262477,-0.123672524318548,0.389002704153047,0.425715150789086,1.52326374141217,0.590276793299052,1.97209561554816,-0.297648630533447,0.555474157939333,-1.02868060916245,0.826014820427715,1.79493314006699,1.28860693231248,0.809182087549946,1.93030734875068,-1.92047788495671,0.10701181580001,-0.533561526409826,-0.302837550785804,-2.02940677966974,0.247813497799971,-0.782074653654327,0.656209994834595,-0.208995744274859,-0.813817307757202,0.423097794305151,0.67866806770931,-0.993586641275164,-1.47700541098984,-0.687021247776216,-1.44673549014556,0.43016646992929,0.818283596428601,-0.0133684379618235,-0.766155868174783,1.85067965265925,0.318560435177251,-0.831077128749151,-0.509771584278758,0.0676893294445734,-0.84618312276316,1.23443192766179,0.797862116859488,0.344012591509187,0.887821016351768,-1.29619133607131,0.080777741604228,-0.0210883469332963,-0.274991368036168,-0.276006798444424,0.89036598020865,-0.103247340722209,-2.19881305366757,-2.69946594873259,0.114748777221993,0.0932993066859042,0.9054854357793,-0.754258597593562,-0.346131712145565,0.17321456913573,-0.759851919089643,1.12176210260628,-0.904431769159888,0.876874883359996,0.852843254216447,0.951424670258436,-0.212459881490919,0.327708088110753,0.303730641334948,0.208749249065876,1.15207275589012,0.339629717241061,-0.506491801211576,0.671967116308635,0.644972399553808,0.141999755716911,0.339256288441962,-0.252478651452219,-0.914936618632013,-0.309804195394136,0.337391027045405,-0.0138073713153139,0.649996931610772,0.0211060524592717,0.213953315661401,0.543564304874814,0.0118263077676764,-2.44238357470927,-1.20382137168415,-1.05258644201379,-0.563065622292377,-1.12078677092783,-0.179089366452457,-0.808872298857463,-0.77384039043866,-0.69643163276197,1.16164747969827,-0.607536848290903,-0.78793556653769,0.684707303257118,-0.667525579639606,-0.819843578659453,-0.0204627243947464,-0.420319535510399,-1.01693487897462,-0.47031599202769,0.0741164727979121,1.78272055761724,0.343835157352903,0.226324704003301,0.127792823828169,-0.671412427355685,0.394649390652365,0.210031553024457,-0.20656345410931,0.458720120518621,-0.383295571172655,-0.118189468654838,-0.0780058481283548,-0.362723751727713,0.95209210187851,-0.0854206539666101,0.643646586398281,0.335395176649193,1.08414538963197,0.619628688018988,-0.377156707574281,1.21330008522829,0.377932667615554,0.686396839016846,-0.137985510481296,-0.063909909314874,0.327896181630665,0.140233916534219,0.71183255099789,-0.318397143249711,1.13831833075436,-0.347364376063465,-2.65179421227946,-1.48380105124509,-0.429244341511273,-0.227209070841633,0.2707055272998,-1.32354192339472,0.758488019390386,1.81459318058186,-0.630721235093651,0.142657787400297,0.347283983377898,0.248513917329784,-0.398926322489739,-0.333002848670185,-0.270002720147382,0.549648595324497,1.80641168158045,-0.0773924950928842,1.25703487639429,-0.408124625307203,0.463594138304686,0.597777733424331,0.0297009744396188,0.464314098830633,-0.749459375923571,-0.446615356421941,-0.436413831140923
-0.0284385485241818,0.793299295111311,0.784881711730122,1.31720010623058,0.844704790883682,0.00274316479109977,0.465615990982369,0.413973179111192,1.04197084151075,0.280570765925125,1.3086853408986,-1.00706390176472,0.259046674118876,-0.34162627002321,0.0432462968679135,1.2752100268544,1.14823697660182,-0.700938474815061,0.47322229024394,-0.728829051605826,0.0760944622454525,0.727566725120177,2.30810104765406,-0.697224534857292,0.749734041642483,1.09291166711372,-0.782291969719261,1.19689526491008,1.73586427485616,1.24868382436146,0.0168549352100167,-1.06835899722946,-0.0220048054470867,0.761125113250223,0.213236670331711,-0.0325876941301244,0.532805457220884,-1.33964591048242,-1.77029209243913,-1.38707280729407,-0.974038409854235,-1.79973986453903,-0.755925189067648,-1.27787115902945,-0.828263676383508,0.618976828475811,0.788743786727736,-0.129195446917992,0.152901925380491,-1.41738208643256,0.339334954451081,-1.26364389245326,-1.14638580296128,0.418423705862671,-0.456184971428604,0.821279863678549,-0.0223483218664922,0.0729597538907454,-0.117115177868849,0.748682721038442,0.975917815840631,0.973939615565794,0.856059101738897,-0.277408905266105,0.242312563308939,-0.369134479288217,0.822819970409217,0.00655940627425153,0.401075173137025,-0.11199862539315,1.01689708240664,0.0365694370950878,-0.723059385714982,-1.01227790384544,-0.58407394229421,-0.0203398883386964,0.311326384601199,1.23418710223434,-0.359026367561604,-0.399704006050017,-0.189054566425235,-0.684199267526782,-0.43684459696549,1.21663288433369,-0.227138429483493,0.107162974803602,1.38353674038782,0.279296388513484,-0.642062025439745,-0.112701463694092,0.65653940541273,1.17950042650156,-0.0810277462253372,-0.0287641481270232,0.548594634292807,-0.257482331985876,-0.497099624130774,0.858107674959283,-0.0959927890653837,0.0435402307873806,0.627119481125705,0.632191339442535,0.0670568168316582,-0.238905958580671,0.192603219504977,-0.110817343286341,0.0875117276629587,0.186166416808214,-0.178324903261128,0.709411307249491,1.30138135244191,0.187419795461617,1.55500131180174,-0.479408826750384,0.312368077485328,0.597308234036443,-1.39622812007768,-0.187143784127507,0.117930994149406,0.0515513526284928,0.208550243429731,-0.00746141704015737,0.553118811978119,0.0900319101414399,0.0890880221091264,-0.888215237716309,-0.841950229273179,-0.153336883431772,0.354501054135496,0.0709679981772086,1.47587470054375,-0.49399285527495,-1.75456153110974,-0.576405850465421,0.339074230046903,-0.923163991741194,0.23025122660768,-0.698618241717082,-0.54176617749294,0.357788217483467,0.12053368302265,0.0119693810397211,0.0574575561098506,-1.04379867766478,-0.337255112029663,-0.907841394562593,-0.713651253716697,0.273963918395097,-0.54427555142586,-0.555399698829804,-0.153255793546694,0.642802978980777,0.206166563505842,-0.0461657692848674,-0.3426559094228,-0.101178008454306,-0.0160738776159884,-0.641424025595069,0.142079425191711,-1.13763253087232,-0.238840329354063,-1.41824948974509,-0.86579782389281,-1.1949315367431,-0.270863921829714,2.92529093165972,1.37143027417667,-2.061263188129,-1.06392181918063,0.0804069195101184,-0.640776695349571,0.80674937788243,0.0160261872799752,0.463742916505374,0.410006871534529,-0.21920666771109,-0.459613420046055,0.30456234948358,-0.775177175086187,-1.05332141625974,0.0392759283888001,-0.57243795436423,1.14709436684205,0.442881607943119,-0.0632737874958422,0.388998253518863
1.17496114564002,1.59703807152672,0.123054098969124,-0.260119611456552,0.452777842198585,-0.462654744253331,2.21699199799513,-0.217612903620368,0.880754658020753,-0.088347269245108,0.115331815679621,-0.106320467268798,-0.977305874704526,0.590736939467639,0.312138616544395,1.12328448717195,1.08508939087699,0.8900781685629,-0.139085255446653,-0.118517293118151,1.71220616286282,1.89692226361975,-0.399993835048182,0.547608638049596,1.16535214649864,0.612161586881983,0.217247391747587,0.682845665896068,0.320300672163925,0.147105911599831,0.317469495595477,0.266781547296553,0.00811379965379768,-0.134675881567131,0.702825157403721,0.264933842003226,-2.7335138961456,-1.1251533271825,-0.895864295019914,-1.75321661808107,-1.57622652810746,0.1004508703707,-1.45154872932703,-1.7509845965131,-0.394463122068568,1.51859056219975,0.815809903981062,0.279825142580487,0.480612666048138,-0.307668233123754,-0.75544411671682,1.24042423144182,-2.18588135679765,-1.33191168036715,0.608063287417384,-0.130093134872294,0.855494217556158,1.22978940895781,-0.534406094950277,-0.084435131739102,0.806009831172791,0.535014881173437,-0.342489547397383,0.948179745715296,-0.198774086247673,0.0454982304109599,0.0466729661471662,-0.154669677987378,0.349313530709696,0.37489867760222,0.201719599912337,0.282093240912121,-2.00605815424169,-1.46135391729214,0.381691122268062,0.448707264615301,-0.290707816129248,-0.156638387946874,-0.415940243851552,0.518495568954922,-1.05979990648446,-0.421885209191336,-0.469282013730769,0.278607790756743,0.414998478599919,0.924801159212029,0.328291877234949,0.111259763196805,-0.508854075360901,0.037049164632734,-0.534395387885624,-0.832809448369823,0.203798518597381,-0.614920187243138,-0.888814836710244,-1.95677943750767,-0.45131883737284,0.522996395698666,1.60521158838367,0.262972664480932,0.713392274929159,-0.865358947207308,0.213314575424915,-0.446121951993183,0.515348177097793,0.104046808820201,0.379945076429838,0.529288389596478,-0.924313860556646,-0.156695057153771,-2.07874435735898,0.275269854218736,-0.812447149634975,-0.193766293906875,0.236677938677617,-0.899442152660093,0.458328156851941,-0.843778890998007,-0.231016152268952,-0.532674594151869,0.475540511096956,0.0873353339514417,0.213470402798166,-0.392451738910202,-0.135311046934286,0.131234240534019,-0.479952962440849,-0.474883901671193,-0.791833807163046,-0.690930457428265,-1.29635079926893,2.43228404318502,-0.728445232700127,-0.30637608186317,-1.26373335769984,-0.0183651696525292,-0.278271442767734,0.209298296585883,-0.770465440813143,-0.442300094758454,-0.14237883031654,-0.568265159932461,0.21407967367422,0.14589787270122,-0.530297892045318,-0.149348239608607,0.16395755451649,0.0499110058012956,0.226069923346326,0.231245185992596,0.937868477723127,-0.497726761489472,0.410917615065055,0.0483840443612132,0.718817637607228,-0.637589182327555,-0.620487319274274,0.245293741391308,-0.181658432639309,1.76594962263281,1.00242025862275,-2.36015132188049,0.0552925341414071,0.420509228452027,-0.301626071607962,1.01490572440651,1.73461985674839,-0.499249689996031,-1.26243383557498,-0.639323625126575,-0.779986337877861,0.81121264429247,-0.0955077417293475,-0.754497652645041,-1.30412975382332,-0.575161780343318,0.344194150774878,-0.248983584215663,-0.672007929031628,-2.01441916428806,-1.00400668184269,0.244500330791933,-1.30667051716021,0.605502046549452,-1.33973144853096,0.927292472625512
0.770053407176311,-0.0730681034164778,1.7675046509728,2.40385063330846,-0.701050896122585,-0.511308883477319,1.35727625861286,1.729222843203,0.544321391240834,0.355655431601879,0.0143055997230777,-1.04776407391134,-0.0588500188677088,0.52970058123299,-0.231875698213413,0.997542217606186,0.271127013426976,-0.81506280014303,-2.20233718446954,-0.34159159340254,1.44167259468134,1.18754034191293,0.697097425789761,0.574892942443209,-1.26543638161274,-0.281088156496841,0.597370653201382,-0.977333146196819,0.35608716439929,0.12376352970759,-0.354589386498918,-1.87913256618801,0.293654153434221,-0.336736365668787,0.073637294291871,-1.06330665862905,-1.19941813861187,-0.401940381233805,-1.5693982593131,-0.321262992396289,-2.90203832620077,-0.773891174700113,-2.56849995839622,-1.46640859864494,-1.57708366997322,0.658105625375203,-0.2149436757489,1.51608219914322,1.43486347992868,1.77290283365339,-2.46998215249839,-2.14356026600585,-0.943845307444117,-0.329147269526714,-0.804700606385436,1.04406436482138,-0.870062641802232,-0.509598505438679,0.0153026301940269,-0.522957625742995,0.319475544147326,-0.139560487912785,-0.0364817677629798,-0.813844681913489,0.0484028983824862,-1.20586393320555,0.524661702072597,0.447059282350931,0.653128831128508,1.40767987624827,-0.862249060500552,0.391740965373973,0.609495437418939,-0.297012840194861,-1.20742464288427,0.431256397148147,0.129618384228949,0.627877588245131,-0.119627117912792,-0.0654978549477756,-0.405008364574732,0.763996733608866,-0.914741753131215,0.60704621986266,0.194822519888264,1.09415113059267,-1.09228429113441,0.418746586706904,0.462460196248265,-0.703736659290402,1.34661378761805,-0.465011469856815,1.39329079790801,0.342467231401286,-0.168374019397992,-0.6936019238524,-0.065176064036858,0.454276382856428,0.780370447230102,0.600448414886371,-0.34175326991499,-0.733291368678895,0.247210607829218,0.354444045471816,-2.55678631178921,-0.65362696156853,0.052329559697661,0.234440367616037,-0.497549664901098,1.65308798460941,-0.412153123433872,-0.639153008448753,0.144432893097383,0.232837194872779,-0.427308432232254,-0.291605230987773,-0.540952680273487,-1.31467845238149,-0.1406271678772,-0.761317598316382,0.461906144612392,0.263951157002981,-1.13583003919508,-0.0484793619320047,-0.819282765687844,-0.339186446146852,-1.34093976235961,-0.0610065724066944,-1.04644217747242,-0.964507530381381,-0.69647014381972,0.6317181078563,1.12877865166626,-0.991342341307571,0.364046262506974,0.609697879934792,0.296343782927954,0.271509994008554,-0.00568345545905721,-0.289294029606166,-0.881718788556658,-0.0340336555960061,-0.638816723402479,0.126335310250952,0.342643493908577,-0.80487415980209,-0.563700527954448,-0.172075733064405,-0.143292128396217,0.210136967655302,-0.325516288452238,-0.788523741280148,-0.091102758084602,0.163863576315557,-0.566395679652467,-0.243899728498541,-0.627254816594715,-0.031929125666653,-0.216816990915561,-1.78868762340749,-0.598404715075869,-2.10748183442116,-1.72181734478002,0.156406315337579,-0.172226297374775,-1.39565277464246,0.39580212530244,-0.362548672696335,0.997754872857867,0.2487230421172,-1.46554122049725,-0.243778574429914,-0.0961046771804288,-0.418906422949461,0.418004933877324,-1.90052794870569,0.202928959108448,-0.275593209394811,-0.955097671491893,-0.63875578785857,-0.736406581540108,2.06551811862478,-1.59399614851928,-0.302844515331585,-1.25729366331957,-1.09303480994134
1.73902682757893,-0.975058280108695,0.219083637603964,-0.372487891454731,-0.266664869257221,0.524719989441116,-1.71943280322966,-0.866311768979509,-0.129549284889884,1.2053662878425,-0.138063772861083,1.46956240520992,-1.7964515745918,-0.378397778460072,-2.84220918204031,1.63750732054724,-0.49818003374865,-0.870857683955147,0.0269814541857713,1.57663058192781,-0.688660440447233,-0.541156027403022,0.299446611393377,0.586884187528683,0.175145551590663,2.96796534725987,0.668442288469849,0.0780185800558068,1.69344215211797,2.42076793525183,-0.204878297152546,-0.270664991271702,-0.848168834326724,-0.633105385454494,-0.775905661314371,-1.68766853633126,1.29162567910811,0.0100154811566628,-0.0729406233847989,-0.235269888044265,-0.426867627842858,-3.47952541099986,-1.616337538969,-0.723063343267204,-1.62014980457139,1.07876999842994,-0.04030221857771,1.51383776000804,0.577650786243543,0.318680538484141,-0.291049756102548,-1.73903559284885,-2.19079035592491,-0.830415032518979,-0.653076180302631,0.0564871532247305,0.224452810806992,0.00794089013632094,0.522812281389671,-0.867833451864761,1.43544182944117,-0.332880807327636,-1.18966583180403,0.989326093370212,0.879948443867186,0.151102253749188,1.60730986665546,0.199755566924095,0.180441568202632,0.107273889314757,-0.0479133548426257,0.935828433065207,-2.29856635402865,-1.63839559897328,-0.955125367443572,-0.200505713555884,1.17282536542556,-0.216259809465318,-0.741681345821153,-0.926377555473087,-0.216852780074047,0.697841269403865,1.22964995889969,0.0849149013297455,0.226161121097894,-0.0103928639364262,1.90201856295998,0.198443168682053,-0.373672832477755,0.491131770717959,0.660365426321535,0.548255547485244,1.24107014459205,-0.268528171043212,0.164398615481649,0.565869004421834,0.06347548580353,-0.480817089265495,-0.363299175968132,-0.649001892573479,-0.613661982770271,-0.42998388949044,1.05569653384624,0.0784089773509253,0.471020086609732,-0.994065179407122,-1.0905258319718,0.0673351144251034,0.507784526748573,-0.373125418194731,-1.59802933029604,0.194711043862113,-0.335978133452652,0.156353759236404,-1.07525691666486,0.248019298484275,-0.467288444876927,-0.806635470722965,-0.247032217691573,-0.627826036842721,-0.243687931896044,-0.510074396010788,0.746473936429347,1.01063101583918,0.415715574835126,-0.42364899283075,-0.23380130102324,0.365662683675323,0.554995879338405,-0.469072688382057,0.0958282546642152,1.59779298516423,1.91086067239528,-0.136668715986925,0.796019811033856,-0.0980539611819398,0.630887050956426,-0.446444385147058,0.180713187919893,-0.301546283314635,-1.21231352629128,-0.383529822452492,-0.265250162192445,-0.170505433209548,-0.43406584772751,0.205792313030586,0.00213365175564405,1.10303114638463,0.493688085903338,-0.155327461042852,-0.146392631707238,1.04117311066363,0.626455897958778,0.0361055799015435,-0.49218520721839,0.713187012911201,0.396427186515869,1.21848436995448,-1.11802289881872,-3.47342338743691,-1.78114745903349,-1.97377578594782,-1.70156872063668,0.505143299409209,-1.68736478429333,0.758142803829194,-0.47886513723235,-1.94898037366874,-0.664152439573126,-0.128450258855098,0.0736783975900328,-0.182572234586051,0.673924935636288,-0.944117696595831,-0.344661180983654,0.0329202918439544,1.34576902019073,0.909893507009249,0.0557765735997656,-0.87570454968783,-1.02308505909367,-0.0156647837903518,-1.95196068344257,-0.538174106599889,0.424009958887908,-0.799746379507514
0.197911878674314,0.378642307601592,2.24163199573951,0.772739115164417,0.591626566439474,1.45058627045673,0.551140957681844,0.154782698913342,-0.16294583116149,-0.869844522295776,1.66211387339915,0.934654524903003,0.0598622645834451,0.77774812578405,0.270330171350031,1.59002443744382,1.17687248391757,-0.0944202726483455,-1.72773478370046,-0.858191729405077,4.18928293611176,-0.601911824083354,-0.425253046870056,0.141193835490037,-0.000819055738186541,0.150251290381865,0.113710829165755,-0.165299662409223,1.05029536040167,-0.716052732600561,1.24255653182734,1.47786898556053,0.484738151776769,-1.15667673599622,0.896205751618682,0.975510827068116,-0.259032807632756,-0.563884043463164,0.45504299969635,-1.18228763364215,-1.07133924064391,-0.224837063847478,-0.629421445473972,-1.71953866915162,0.338170114925159,0.611453640432365,-1.29065960358296,-1.53154295064364,1.57740476660746,0.421641644195402,-2.53930963208072,-1.12064082616996,-1.15075238277563,-1.74541203455216,0.165179731651498,-0.589981111388626,-0.899054271519429,0.0677223283053822,-0.109430586895581,0.0828893176445514,-0.400277430274534,1.08016140476826,-0.680380728253933,-0.363237472749257,-0.499448565500098,0.923459108591526,0.199483315460207,-0.142159552110171,-0.269107705427243,0.219863649223877,-0.670619596794229,-0.0800562298997094,-0.0836775000079262,-0.537804295319802,-1.62412795881475,-0.0183095412937779,0.339610053244737,-0.325722082878932,-0.902695188165934,0.250796753291049,0.707566406330104,-0.0277349668817931,0.433254469944091,0.190388335249218,-0.290433298760701,0.26442189843083,-0.71482855051986,-0.591800009769215,-0.234270597662279,0.184948791027732,0.91393081316948,-0.247787704012102,0.780507783539134,0.83134573005711,0.588516251173255,-0.229559068572022,0.535956268994212,0.334714490163652,2.56391950606207,0.00700486573378933,1.130498707298,-0.408180912089374,-0.0872239226097151,-0.22828096086422,-0.0136912736095603,-0.619306021812715,-0.168922191465169,-0.396575627860233,-1.76708444203225,1.11852906017725,-0.662024847400137,0.547121600607496,-0.520966374973033,0.370352367416027,0.666432476311402,0.515562718965772,-0.586330921377306,-0.110403018158688,-0.198165077247474,0.735723729411927,0.460012886855561,1.00015778405008,0.0162785881432653,1.34586112060898,0.720954959540578,0.875974004825199,-0.50833376478628,0.0861455563877278,-0.375498232818023,0.600168774694971,-0.0760094409488436,0.327543001271434,1.43418947263826,-1.08004017578119,0.261257575505417,-0.477846862571862,0.0235560752165365,-0.553862828473746,1.13705189987188,0.430810153659206,-0.321538382053154,0.0689417968319476,-1.12405337714562,-0.0208775449070655,0.123982359644937,-0.221789781965932,-1.63276015821447,-0.239897872685473,-0.00698585021619244,0.314809158995053,0.0237002459000697,-0.711626448805243,0.340405629818188,-1.16835561559699,-0.812842411051689,0.0062549693116032,0.662826380793271,0.266384726138426,-0.598254852914502,-0.540750736068951,-1.36331707673789,-1.72547059036628,-0.364176448064484,0.492157309331931,0.631083980711554,1.26287902828954,2.25289831771081,-0.0881428137521666,0.338366136538203,0.308712449876176,-0.729435135699661,-0.674255183831952,0.236926410168883,-0.584938676253004,-0.543600747713045,0.239198308350514,-1.16872653624187,-0.817395019320438,-0.328573013779394,-1.17947045609058,-0.795969367691317,0.53970002644225,-0.060349638694348,-0.18647333874842,-0.315114826177176,0.78182715506887
0.527693140302667,3.76641284841446,0.851169120326271,1.33617157764477,0.20233863102123,-0.583311484676157,1.7244693727064,0.222757228384971,0.47406007344865,0.0576750254074482,1.97352345378726,0.813573211139047,-1.49484182839607,0.688556390772286,-0.541664745700849,0.163604391306735,1.15514302844878,0.108254963901254,-1.40578662816788,-0.85077949040941,1.29722104687695,0.130626966614572,-0.520058362128173,1.27837417760401,1.44474090870183,1.09725269267611,0.971506942871727,1.49302451422932,0.0398054827622261,0.839386111558159,0.600578707979493,-0.409419508405078,-0.911816695724297,0.923809958567158,0.65233297881809,0.751434654030582,-2.57437865785861,-0.963319315313685,-0.876586272906361,-0.415988233885013,-0.226689968369606,-0.397593495503377,-1.3120266566429,-2.25820884486944,-1.36682781423868,0.294517637989078,-0.988275933159577,-0.332015878006951,-0.511095637687818,-0.551372880647255,-1.08645475759826,-0.00451337488888732,-1.13907315506986,-0.973155601116341,-0.0695966258738297,-0.196200449387822,0.184079494780432,0.187812588317716,-0.201154383442418,1.41784620446155,1.01544013695705,-0.0596091919395059,-0.935066070378842,0.867680802773927,-0.234473488592415,-0.0252300462611725,0.654150311737692,-0.0699539989342475,0.324265583267026,-0.510778747076635,-0.638341469074524,0.256713245643282,-1.67010702624751,-2.13401769585363,-0.768562288239955,-0.335497128956988,-0.295116349277783,1.17132477591469,0.408270348222188,1.34141268359344,0.393068194254274,0.82445117319576,0.552103778128281,1.44066196793692,-0.245003328453981,0.237647372434048,-0.858202288929011,0.916818383614737,0.580016738033639,0.624742143475073,-0.298613121099631,-0.288295384164532,0.517611785127746,0.25095546242677,0.222972427770006,-0.530493532345757,-0.816613806654477,1.05590531532675,-0.298678980198949,-0.473976798206984,0.00207315314832966,0.350717012984957,0.45342095222796,0.417923839994202,0.168127355200463,0.0404160135166085,0.513060544140549,-0.154186032137367,-1.08945129749241,1.63054681270637,-0.423677314219646,-0.234637657891238,-0.510563036471008,1.11253577928596,0.146048943916085,0.00689178455150579,0.901119926769918,-0.444107618650083,0.246069058149193,0.0275421371452321,-0.128418725046166,-1.23073890227409,-0.523968397548979,0.720741534335285,-0.207639957602431,-0.371730009530895,0.200540833546157,0.239549163251497,1.07336530941544,-0.327951215765418,-0.357766975083122,-0.697254727860337,0.26702871714231,0.0980849953712355,-0.423206213261708,0.320610049386172,0.472188410254921,0.310829265345909,-0.373557799270195,0.752420756594953,0.409428099000029,0.629850594723579,0.261489251628439,-0.734921174998887,0.877373592764283,-0.177419600440995,0.865183907310443,-1.10070233205409,0.361045498538235,0.256258608940403,0.0707237577103227,0.627946369368214,-0.238821620138161,-0.106942824042479,0.595711777515564,0.481035617499488,-0.477645547097193,0.670819894507355,-0.662640814444236,-0.702004864901611,-1.62278670125185,-0.922494861398951,-2.71550022206983,1.48387876576205,0.914920244395885,2.19753343693405,1.30811655624119,0.343542872702395,-0.147143504428785,0.456414437913451,-0.122755748323751,0.34628510633135,0.633769108152758,0.303959304872509,0.624947031174081,0.740204444478338,-0.588831292136191,0.484091031442587,-0.208327412569114,-1.9749782798141,-0.844754080746309,-0.441922934566668,-0.0125639721257726,1.44231711749779,-0.320585062805759,0.0913381270361861
0.889008679269795,0.565137125819674,2.56683359587825,2.48860084608595,-0.315807767786727,0.420457667795187,0.533943757522157,0.638591643559146,0.633380356815932,0.962186037163037,0.368981934008541,0.393371484435262,1.30748754509695,0.371352375911734,1.63578951454149,-0.750681276580916,0.391401773802978,0.0434285379874834,-0.1491879765608,-1.66202653778691,0.972811812291073,-0.416819743806902,0.558866932355451,-1.55335948519847,-0.361477753365893,0.679286058777193,-0.105900596005564,-0.563434840326327,1.78971559464039,0.179159255635618,0.822923788130917,-0.223979673722878,-1.18777002100129,-0.263320652587458,-1.18643174187132,0.0971467553484372,0.157903241102523,-0.241797577922016,-1.5575686929831,-0.515372573701634,-1.31363856201696,-1.33954107628837,-2.84267097447066,-0.550511634720165,-2.86586237907742,0.174975057028577,0.670682221442466,-0.949465945157257,0.0234869770009811,0.014469099780425,-0.0578038579473038,-0.767443695342663,-0.626241124986331,-0.499229095002503,0.508374738802337,0.0818389409692508,-0.916658364100084,0.160409473597122,-0.871596075909405,0.640983049566146,-0.0447290089783216,0.58040845915919,-0.4112226521841,-0.33990715105353,-0.232279568630531,-0.568205798683877,-0.887638067573964,-0.417832168399286,-0.0288373027649474,-0.553498796332257,-0.631103271878062,0.0644381986312508,-1.13297916236586,-0.0376125876164405,-1.59100317557246,-0.686892447021882,0.503171251707669,0.842790732329679,-0.895919657091338,-0.602633748158253,-0.0227686675871673,-0.611882419086132,0.691256878380098,-0.693198615956965,0.866050438821272,0.262702439441133,1.82275607492356,-0.164832149631667,0.239418041236098,0.33797442646838,0.342239375123309,0.0794618827233841,-0.193184691195233,0.377585063693928,-0.584686162190068,0.15398607860325,0.0669001620998126,0.0344837886388225,1.56218426082063,-0.679356671460801,-0.483555061839658,-0.279412088202547,0.105200879207676,0.0736534978144253,0.226357451720824,-0.616938881064328,1.21939946129045,-0.418522186573559,-1.8754864849413,1.5370515822163,0.637449027676603,-0.841018499732384,0.894776587269205,-0.199547852072263,0.885100222450294,0.558504150164411,0.39779400135376,-0.445259002287106,-0.62244229554053,-0.767867891495196,-0.311306694606598,0.409945433547668,0.149985869227901,0.626034980528658,0.315265997858198,-0.0712141833086973,0.118469841456139,-0.0624746991146805,0.05057594900835,-0.100995399166894,-0.880061899567693,-0.316972690560857,-0.400794451785011,0.435442519098,-1.01162021531897,-1.15187081698913,-0.820733287168201,0.368834664712175,-0.697003947963292,-0.0428917912018081,0.285003176850188,-0.820526756783484,-0.727566384426569,-1.47439007242325,-0.577014202662116,-0.0470279862068869,-0.69114000234138,-0.20281240418521,0.464796768517115,0.343445346578431,-0.580972969112784,-0.715706974448993,-0.598895037634353,-1.01367985818022,-0.438797458817113,0.475353509123066,-0.16450882378278,0.494077469268632,0.523501086010166,-3.09330095903287,-0.333196880633839,-0.7523516605719,-0.0928911674785164,-2.00069876967747,-0.573130413140288,2.54755524017962,2.9614800084329,-1.38183395546156,0.243418233738203,0.360026860869617,-0.132283050019011,0.39220385808976,-0.0096410549878128,0.128514243239206,0.547260336642032,-0.00235461859590919,0.178404469210355,0.371634143160705,-0.188009878590059,-1.40257642152636,-1.70761814353886,0.418836737021785,-0.229536572904149,-0.918799149955708,-0.927951142691,-0.118586850321167
-0.484879110614789,-0.182361351993217,1.5170505623642,1.09247269708205,-0.635662597061815,0.750706003895981,0.0961503780996836,-1.45745165030288,0.905477258011864,-1.23469889622119,-3.97838549384406,-1.76927841227664,-0.00387368185283204,-1.10845207212605,1.84183518609356,0.676969654562316,0.601573296350571,0.408989427324782,0.340277855469419,-0.0853482876294584,-0.0745371794955342,-0.733053594380773,-0.723078931521752,-0.343223476948875,-1.40995886705747,-1.30151675274923,1.22687880169753,0.0614698525909379,-0.322699252320111,0.36831359703302,-0.367631152142101,1.2524359674282,-0.359578500884081,-0.264465388935192,-1.27770985818067,-0.680260864885065,-0.806252110384634,-1.29078455169959,-0.83925737501514,0.337407521494837,-0.867012635351716,-0.823470490209489,-2.38279867798789,-1.76071383284702,-0.964660135208584,-0.380419924841161,-0.0979069064697002,-0.277120937507093,1.20206812069632,-0.0669198840537744,-0.888844263953761,-2.42489409757175,-1.62724196665029,-2.20979056080257,1.41481921768564,0.516168802738336,0.903640171156644,-0.135044264897548,0.348457223436868,0.106503203201631,0.134043015553468,-0.716894857497084,1.38380165208809,0.131382225657518,0.640999941258448,-0.6792861509448,-0.622594413166272,0.136836431038249,-0.484888569542194,-0.697687585286797,0.435678111982494,0.685058791483406,-0.418687754458065,-0.355222807962468,0.0396431313996661,0.615822801478602,0.538095007959193,0.617354251962851,0.951622545697523,0.380186524270523,0.319293335210257,0.146810434107487,1.37795839562137,0.471400998868866,0.805974489426858,0.15572071021866,0.207380161050555,0.391035491168519,-0.552969003383844,0.792404498495109,-0.134275259115041,0.578868076660534,1.06152868148337,0.326389444678412,-0.249422517742891,0.29133222507518,-0.50614048994999,-0.949346336839514,1.2297836203225,-0.0334217887690217,-0.1560142877074,-0.720267792783216,1.70459932847813,-0.130410351153695,-1.06544805402582,0.936031328162648,0.538573722656749,0.249046964720596,-1.28582809489089,-0.689181380057903,0.844992661022652,-0.208155340450418,1.49123894879281,0.763763179076823,-0.0544673135265441,-0.982376774784744,-1.40431599951036,1.25038530988201,1.10187618799872,0.121022376609293,-0.860397838080805,-0.16419964427826,-0.289914362094008,-0.408499246953274,0.539128658678716,-0.0013376107117099,0.206963448744535,-0.814074891649935,0.549242720367716,-0.0977612103682072,-0.80558706865051,-0.520336145153227,-1.47804728710368,-0.663569267270454,0.732652614878254,-0.662887415014591,-0.158943040678382,-0.0271039062610539,-0.116070735444981,0.29482323694566,0.204129965075905,-0.493231021053996,-0.0624863949126375,-0.408442588782559,-1.03500537517259,0.0611570839609265,-0.677417225834336,-0.281818525720475,-0.152207911579515,0.417371875340879,-0.581984576417655,0.531574148410965,-0.953490430503616,-0.261842351397588,0.264745922904735,0.906661755446711,0.230706693219038,0.431081914458273,-0.122316513006274,-2.9717210144908,-0.480480561777709,-1.19592195110535,-0.787016315031323,0.711964007795858,-0.549825103264598,-2.75669995274922,-0.196386671830489,0.77195058556541,0.0794951399881095,-0.543904911070268,-0.507028574902815,0.708859798442189,-0.722855682817727,0.00295421231571684,-0.297128332199017,0.232404136514569,0.412397254939795,-0.288453496971083,-0.303230689760012,-0.97216793186777,-1.69602244366642,0.0951950282063864,1.61838972541796,-1.27237576053277,-0.8620841358303,-0.00186606916796243
1.07997221105961,0.456867894921572,0.730901917938791,1.09180650721481,0.435694322319346,-0.56115978007776,-1.10195930962674,0.941474943140594,0.706699859684684,-1.04458863561947,1.12368932888815,-0.328599548989289,0.187358189906779,0.761258647467536,1.56606918797404,0.342676460407452,-1.16891224023736,1.64141188519424,1.15638396203457,0.84732229899975,0.615520301980384,0.159971627538914,2.36154320366054,0.118456115883428,1.84425847689745,0.0714760934568271,0.77941139612695,-0.198538181770329,0.543331200987816,0.669018835639567,0.95358675777768,1.73405900595601,-1.00863654268376,-0.571579181728922,0.0992739785931572,1.92989722298392,-0.0211847469755608,-0.0395397990200639,0.389412857602887,1.44614826977033,-2.71846244684312,-1.81566336908147,-1.34858470092693,1.3073240069751,-1.37433297117332,-0.590030219558108,-1.44058042188384,0.407839206984694,0.535750468655955,-1.0621205683475,-1.19302960105845,-0.457806273676544,-0.520514957472881,-1.92478908654545,-0.384865227401875,1.20401085729792,0.969373553903809,0.26335804694444,-0.458481265826606,0.735773829651678,-0.804787384674501,-0.3809209004369,-0.155712360368745,0.67933345083595,0.229993568729352,0.580434985912498,-0.369929336769465,-0.377036267861475,-0.358505538720848,-1.17047921538615,0.906304475114888,0.72501552680109,-0.822442745506632,-2.42659141380534,-2.4418003447108,-0.841480731911217,-0.36248493518529,-0.673108617723995,-0.211429848812084,-0.571185737300985,-0.939821919701676,-0.556309030580265,-1.16869106258925,0.546832064569122,0.595157113601688,-1.09291424475342,1.04410800214542,0.108299140079415,0.565122762177169,0.762857788883476,-0.162675046102706,0.154374903273575,1.94237580651605,0.239699518044647,1.26434123265045,-0.455458890716458,0.218619038643449,1.22523249710536,1.20603061822997,0.317953438707385,-0.124873027028732,-0.194110677092919,0.179870773632213,-0.576234914859027,0.901787951140086,0.626966237263588,-0.300737179197538,0.456098719126094,-0.946950220638679,0.247952041589448,-3.07950550625086,0.688780920230353,0.00223099670062923,0.825933854550923,0.483382354489846,-0.438648536099301,1.29822454174599,-0.380877710884494,0.79876269198469,0.401450125055953,-0.0653638562309154,1.20077625468452,-0.191259442935695,-0.253598445123774,0.498291578655983,0.614247808201464,-0.432429148878182,-0.794942909722167,0.07887530137131,1.32787673297578,0.834958057398168,1.21988056473558,0.364557528127355,0.231282008700486,0.223011908645011,-1.69414427955955,-0.431877583703661,-0.117477017694282,0.723542914797667,0.165413785881484,-0.124331343656764,0.128203369687268,0.341514027410744,-0.0295724750603991,-0.241446542183215,0.53447292857831,-0.835882795008837,-1.3615056371789,-0.641178247547229,-1.27242646492615,-0.691680652552747,-1.01959088089254,0.687677161525789,-1.16535309122898,-1.71213081416243,0.805980284347875,0.724315738957652,0.826647068836877,0.351342804584043,-0.195451565638281,-1.38663589474769,-3.65689355587055,-1.54686149526635,0.220421331877358,2.78276328256597,3.88423056448821,1.4125262629412,-1.71514146531826,0.268338437707948,-0.732247626541291,-0.708669336039587,0.361313849733799,-0.2821393910366,-0.033354200217962,1.00835823783316,1.68936184331992,-0.157735324876204,-0.512997862378427,0.0688360931658953,-1.00353229004024,-1.1152063755806,-1.81012061948831,-1.70885060465392,-1.11916676800537,-1.39607523547476,-0.0454181840279256
-0.409043196304007,1.58268895934343,0.821788572004707,1.45136239995578,-0.426940319215316,-0.881421159361522,-0.0318026484099212,-0.804774789382257,-1.9840249662988,1.80517935511848,-0.155040699716963,2.13016747757044,1.21467051747862,-0.579248090673358,0.819802671363359,0.655552231080975,0.239447443049818,-0.802995163242988,1.38136616993328,-0.114326198918368,0.377873203228806,0.285220938379227,-0.134376623915162,1.04686711916605,-0.32393380296841,-0.219770987010421,0.127204226293355,-0.685429737530805,0.425043235041318,-0.934237845107637,0.231473360534767,1.9434725934072,-0.17845890662611,1.24107143075893,1.25934466371053,-1.89750722510425,-1.64659696683087,-1.90639483566076,0.0557356963930404,-0.926950566234869,-1.73632146365096,-2.17531400836484,0.777894812793056,-0.975060045960912,-2.04934784834038,-0.256078837420266,1.5094401382897,0.501200553837052,0.577792748422807,0.00793311581583104,-1.94397156840185,-0.875965357270737,-1.2628523297047,-0.841033862232248,0.154284684575249,0.182579085651343,0.466472587513515,-0.342769117619381,-0.383980751484539,0.331145071389699,1.33761816579824,-0.741847479519172,0.24369945458273,-0.713832918995657,-0.271171607268763,-0.758997847353662,0.433079720431023,1.00426857477237,0.0603294294718697,0.724280090908019,1.26995573995201,-0.126699865392268,-0.454062243464818,-0.36852558172841,-0.707448484322767,-0.251309044640318,0.517853971474403,-0.487930808146863,0.00430445966500478,0.0254358322673686,0.413871255706852,0.411385278277544,0.634299253069713,-0.356548013741814,-0.107378323668511,-0.104231969720316,0.660567201065832,-0.013687442002072,0.783250567647976,0.075235712387408,-0.357678241609444,0.854053284182084,0.532060133528376,-0.0968612632582236,1.02583502051275,0.66117698816916,-0.0693723514260043,0.554348776501237,-0.207495948507541,0.174068781493895,-0.777865720217354,-0.176262160809261,0.327931414496351,0.707518837023253,-0.338213943319471,0.476188635272435,-0.490301960350129,-0.462569233169528,-0.872841895463735,-0.499849000503005,0.586462519146383,0.167772123774103,-0.0968932636248185,0.220911525399192,0.717946275151725,1.28067958841654,1.15066984804072,0.684776969921568,-0.147150613395411,0.679054478327784,-0.065801732123517,0.197441575993788,-0.098051915335931,0.548987698898188,0.318047920854764,-0.338064373748363,0.583181619539235,-0.187236444681604,-0.700558906486707,-0.468270795066554,0.345510464088882,0.31994613731187,-2.57715320011652,0.120146004331038,0.0910823564695884,-0.652959719069327,-0.619692213852631,-0.149529886471872,-0.226107417575692,-0.202416951291568,0.645913506304048,-0.377392076412855,1.03452585860448,-0.967587597165715,-0.478992354908151,0.546534002726855,-0.38802858483487,-0.712372419715583,-0.24794404600163,-0.223955762788994,-0.164252639941683,0.042111446304534,-0.458126519560947,0.505478025104844,-1.02184100179772,-0.192069444143208,1.04501163547387,0.259468477971172,0.408863001478493,1.45174628743262,0.168926155038553,-0.618068991689848,-0.0415671096791358,1.07109686785529,-0.499471804130116,1.67632367940124,2.56363676256943,-1.18517502938349,-1.12610697025333,-0.0423635980841992,0.289245262308147,0.0607765567849074,1.39105404838452,0.803421311407552,0.568911385872434,0.243447731212434,0.609026638290857,0.40919911572777,-0.399239146632894,-1.02880392765164,-1.17463901634114,-0.157348746699334,0.067172661382393,-0.141509485495244,-0.90763347711838,0.76302629964683
0.762921101550253,-0.453964969314125,1.47678675262777,0.939761048728956,1.45936606763349,-0.362763717779494,-0.287626890120519,1.01015538230668,0.298840252863139,2.00819995172498,0.982346911001512,0.139410878778474,0.148425789841764,0.68111581184208,-0.876973776364365,0.486389493354169,0.415410047323913,0.945048071247367,-2.17557660551998,-1.06234582735104,-0.589716328541421,0.778656462303922,0.736755940739241,-0.78208195193806,0.862448400211091,-1.9236538135667,1.32858609835614,-0.88577398838869,0.243215857137018,2.77156184816223,0.566949365718476,0.0745025287452423,1.03501140034792,0.766205509341537,-0.0570333838255344,1.26576478192697,-0.362783710144844,-0.347399274539177,-1.11027271266874,-0.174060654383607,-1.55384495778702,-0.398324948936428,-0.233866811121123,-0.265810345969177,-0.507546242075943,0.965939334772427,1.01265538028912,0.201656018647819,0.137236302088783,-0.758951623033085,-1.80388120334444,-0.606113321576389,0.430201303936826,-1.4152095784659,-0.348137716687394,2.11921268263646,0.426305112408528,0.0624144432305386,1.46813965123631,0.667210873952451,0.358695837214602,-0.241925637046869,1.14456596832424,-0.439588178065302,0.486712295573015,-1.16105551686508,0.261617274153055,0.954118573340834,0.122508659653714,0.36144732672706,1.18236336444686,0.99385999659857,-1.30530967783103,-0.033654324449487,-2.16931747883356,-0.808525370082501,1.44442982954465,0.34617891252429,-0.213794796402621,0.206913967424585,-0.715426824826963,-0.603089197434937,0.587260190239555,0.978805246141728,0.208451444010223,0.422964732853248,0.735161768474721,0.874518057279512,-0.209484478077357,0.435749986889685,0.673010175513909,0.0957620029361102,-0.0376068088525044,0.47476112853077,0.288159795411916,0.354919152759469,0.506513235673956,-1.06616391413948,-0.199379881341937,-0.264595535896706,-0.107931937773779,0.273915412295042,-0.801403801898003,0.67797069355895,-0.213660835084529,-0.401437266539283,-0.42067642225978,-0.334826278809766,-0.979901599106719,-0.380583813970744,-1.78773004015686,0.108322068578026,0.609709472229134,-0.205855778778603,0.0445780653581488,-0.29555489255676,-0.0240145857946564,0.543731758065173,-0.44059705358993,-0.255967802710804,0.101326105711551,0.934216972534554,0.10960727616012,0.204372898121572,-0.201051420859265,-0.490484678492565,-0.0100857864392334,-0.72487037454419,-0.525127796795004,1.04429530991349,-0.0258023182159474,0.595787613093994,1.44016090206271,-0.197389700894134,-0.696930092515111,-0.147644566047064,-0.400264657501402,0.199478322218692,1.123588013034,0.0634542084149601,0.380902212975461,-0.250453954807162,-0.105318136752548,-0.32635597283549,0.240429506974946,-0.281213459627164,-0.869357456309066,0.612289720385704,0.228787899189436,0.261340540184249,-0.72572741475147,0.491537400282097,-0.114281787478092,-1.26081305922995,0.536555211839722,0.512736049099207,1.07276366659699,1.04046396335919,1.11543859404958,-1.63062452298284,-0.303546105682095,0.193818630041432,0.089634321629917,1.05194555740187,1.30807106926618,1.20897405306965,1.95508321222155,-1.15728221689771,-0.426049732599464,-0.457130147194079,-0.651762586575967,-0.337775797792575,-0.143959560751266,-0.405168295840497,-0.220388020330024,-0.573158600868727,0.216414127799499,-0.180819692610071,0.346959118859453,-0.422137144000303,-0.576571074881002,0.69616201133137,-1.83286333959744,0.146344259437221,-0.363876676600834,1.62663409577337
-1.52408985062188,1.07566075186217,1.44498860086741,1.90938164541219,-0.57213744015672,0.769327814829992,0.777008209011377,-1.22930786914024,-0.00274749140208549,1.25605898749598,0.640794241803188,1.78747793123059,-0.315960239477096,0.380996967351657,0.482993707785438,-1.48327249151159,-0.936627000618887,1.02358052602557,-0.177279951678981,-0.482179304200261,2.33346741582127,0.844031696463812,0.139264740309141,1.74309620898613,1.29920563563746,2.05978521073127,-0.731678853046887,-0.0700447547757737,0.663269977148767,-0.553746957431791,-1.25616013432595,0.641566583000645,1.19193759669965,0.967062647254807,-1.17273230683906,-0.433209813680489,-0.513961803188991,-1.29013984383849,-0.538355485119384,0.438062357779225,-1.40762805828483,-1.66903820175015,-1.4329839594571,-1.13728825330133,0.599181993226731,1.30304743349236,-0.66615057432881,0.12535012894556,0.521814298470146,0.714800627446617,-0.222677027295379,-1.39828291090884,0.19798835476911,-1.48848159891556,0.264074872876344,-0.487473032919778,-0.192220043175029,-0.893796310817191,0.828338383028385,0.380721364637797,1.18655714343739,0.496589514137943,0.810859497323785,-1.05072198147879,-0.519903876474804,0.0787254505637981,-0.700804108412599,-0.587765806695646,-0.0325345878702654,-1.06239398566052,0.491241141582676,0.786731405439895,0.0179283841138397,-0.507754297168484,0.263540122521334,-0.504744129604793,0.692258220514192,-0.207102461035363,-0.0126702800607978,-0.674204464295987,-0.812587243682795,-0.84788412908699,0.269935418118167,0.148620513658575,0.0064199522471877,-1.45192143329788,0.459574977973492,-0.885437832853657,-0.18542707822271,-0.481116821468576,-0.302444046557873,0.235469066868597,-0.729403851303059,-0.466521825691169,0.585348371416247,0.831543802148175,0.19987537877877,-0.764974854593051,0.0657250833862612,-0.205699669459947,-0.0938224729066533,0.0033355696344072,0.227571005848473,0.506995312054375,0.912133024061809,-0.545140728807201,0.44222954786962,-0.0204855662702454,-1.21728469362226,0.234237596683066,1.42260003584407,0.0616626670201206,-0.259896536176289,0.970811134121305,-0.584150617810288,-0.145670972888434,-0.364204620863441,0.445173512280437,-0.240149075129871,0.65460960378019,-0.993436113944819,0.705858785795208,-0.0763256852425137,-0.448641210381036,0.00485589653596794,-0.380220310729471,0.0351462482211939,-1.31063650509253,0.500295676927377,0.379963510914205,1.12431424187616,0.475078547549263,1.4994380322571,-0.982477145067042,0.110847471599445,-0.180363564551931,-1.36999095759869,0.0497065672291103,-0.176941245077159,0.0345088164165052,0.278512453623918,-0.107333375274578,0.219671896535317,0.147896129284779,0.381409700816845,0.0679238347160748,0.819367506824541,-0.500734287491083,-0.126025768149951,0.464422878443208,-1.00526078658254,0.372873560916763,-0.347191851061214,-0.149367622609836,0.238696952824522,-0.753939803442222,0.668188003461029,-1.31427536575222,-0.307427389742747,-0.748808165194266,-1.20959495152333,1.60414887410972,-0.453237672948552,0.58837007261211,0.835053281773885,-0.237912028239696,0.831731790240459,-1.23446097995078,-0.416052981387647,-1.46901214564634,-0.615443032196554,-0.569410195481452,-0.160871242961937,-0.336571013836016,-0.646119433439257,-0.386497306305578,-1.00295088347403,-0.0697397639743736,-1.35657129788153,-1.6929342500434,-1.14019113196095,0.676297556971915,0.87973612337489,-1.06638832444875,-0.322887156511686,-0.0493466547707985
0.94921308360419,0.217296361062514,2.9067146912971,2.5838050244897,-1.70267815143749,0.0542107783478456,1.1936982732996,0.566948632141324,0.200867150792349,-0.756559293984911,0.0616733661812032,1.60290658070522,-0.0333425108141747,-0.610016330969468,-0.402790012420409,0.0991839462132403,1.59071689261573,-0.196252864113124,-0.366632889934745,-1.47648590334421,-0.225682892397842,-0.0624052146043795,0.615149658093323,0.0508250302889298,0.512835096700345,-1.5615158821019,1.55446420143597,-0.522458913753942,0.711669756073398,0.787803572831636,0.237030141705702,-0.905303060125921,0.800987880703924,-0.74988688000518,0.171425411128204,1.40822106814833,-1.61146203198051,-0.180963523116451,-1.15286909420794,-0.805929598759106,-1.19928331446039,0.286789130814002,0.409180267466882,-0.710663018807197,-0.264531827455459,1.32976403196056,1.26234208686767,1.45352576051557,1.44815504829631,0.0224085916678178,-0.130971617967599,-0.280754797937994,-0.838908823381861,-0.674748509521183,-0.659496713324952,-0.544750337522351,0.290276853427225,-0.456224122352686,-0.52315444302641,0.379927839356911,-1.69522096722622,-0.328326205005608,0.525061747722021,0.975385621229026,-0.763213913456387,-1.27713552478204,0.249656876868852,-1.67255656176252,-0.0641160717512576,0.949748180039754,-0.773608420278819,0.00134547879444373,-1.60163485636307,-1.38793974878824,1.20374990770203,0.101788460906085,-0.345902385788904,1.12272175293605,0.990604123890443,-0.889249490670719,1.2568145924322,0.625498717290403,0.775400775617158,0.0387831452054059,0.484313988920051,0.342953318859419,0.621390758117595,0.64243029574419,0.3693504370095,1.47962597476579,0.0278503344778752,-0.0768032331368003,-0.28537304581416,0.423318989211785,0.631034116525155,0.759558639230584,-0.358635197470174,0.307451217130471,-0.328887393380207,-0.553768023405406,-0.595032283225013,-0.426905389226622,0.276145131148232,0.421404235454134,-0.212300578315891,0.2968302008773,0.626584641630013,-0.227607742811596,-0.318410538395425,-2.54354332708216,-2.20671953005647,-0.64784683325556,-0.30381773100378,-0.929158957226305,0.858763395976212,-0.6529341789355,0.101531901669908,-0.508024825666077,-0.407946599142842,-0.147044701759232,-2.06842635087046,0.272305528110524,0.14528024253765,0.446652103279479,0.0365309420072716,0.0737860666161446,0.367772666233429,-0.0308079710728903,1.34830535620901,0.462990794326773,-0.0639425643621954,0.504009434759006,0.297544959495672,0.292874031498187,0.136660957654904,0.117624773570561,-0.52956524297546,0.649180121477961,0.0520904227105757,-0.72073809670561,0.00412470799907602,1.10355659303734,0.0133487671119651,-0.114403304426754,-0.448950407990539,-0.0746775214494663,0.714321898688163,0.173865950008704,-0.774393038533372,-0.180239823422436,0.443135103148619,-0.638538604636488,-0.182124870802203,0.149099408806767,0.307687535796597,0.0469790218149254,0.294873769072512,0.150893987405977,0.0675805752659629,0.113828810768604,-1.65357145897491,-1.04894361262866,-0.226248667114009,1.71872230925633,1.55014427612648,-2.39618464985615,1.39412988014067,-1.11527921856248,-0.530578236160488,-0.0819420327074196,0.097462850946628,-0.572350483032193,0.484823660833693,0.945104425131156,-1.1262361326793,0.591670633993951,1.35735986719519,0.633391249755863,-1.55790759971607,-0.114127565997085,-2.19687945028657,0.650447722490017,-2.23692250057165,-1.57855713270488,-0.751809204362067,-0.254950333751628
1.04239087107263,1.38422548186553,1.03105013917193,2.24230865114971,-0.661659233734565,0.720223100514098,0.417746088170267,0.176900473600354,-0.903420630630401,0.925467277287609,-0.342038309148527,0.0491192272499195,1.30388894863573,-0.1241112300839,-0.153784984967474,-0.115999393332894,0.263308685646613,0.288208055963973,0.967998742039112,-0.0848351427876096,-0.00450588860922383,0.652826633125465,-0.673031632968425,1.35926065028295,-0.775957991972386,0.174587608938542,-0.799256625843185,1.2972273082377,2.40080823983746,-1.42363173117082,1.45079692098205,-0.0629456725025626,-1.93372578701129,0.602507146544215,-0.39057268041785,1.44854853397974,0.0728242453042414,-0.216359450868789,-0.271047803137189,0.834969561081308,-1.6843081184935,-1.07312474804059,-1.71152068402548,-0.883069294345868,-0.347578271372182,2.80401861649206,0.144131792563604,1.48280322622606,1.36477651760377,0.625383877594595,-1.27983027666623,-1.28796938379396,-0.922423934884247,0.128544436981778,0.0440208259870191,0.00641350672409975,0.313645395933058,-0.437589192469086,0.211093428074087,0.555177121091521,-0.473224062831204,0.150737031623953,-0.256158746695392,0.523202570806097,1.19998370201162,-0.673714969204954,-0.0227453493008035,-0.683599406473239,-0.26965472785117,0.423445073311172,-0.456695140931499,-0.319692088819942,-0.781145616575747,0.263636091248947,-0.832120893662936,-0.296012260144992,-0.150917356021495,0.535255885966942,-0.135046349638323,0.718946944444325,0.271268696911897,0.205885813909017,-0.0994689357721685,0.155875320545738,0.754908230285338,0.174066105183357,0.458999268174872,-0.506129526369995,-0.370668924005354,0.109509793919037,0.768996193502117,0.643221570579115,1.10475470306865,0.315909611211046,0.516336488191706,-0.386269049097398,-0.523922592458546,-0.164874707924529,-0.635459952873987,-0.188924509687946,-1.25702748857898,0.397392772990541,0.49513028938375,0.580388080101093,-0.199051828811965,0.694764393574881,0.617841035014993,1.17718090941556,-1.20939742473957,0.832661307623633,-0.0780710831663071,-0.093950265199097,-0.6623758671057,-0.462525815547917,0.0162244184304019,-0.0264486805954702,-0.40190513624149,0.83304562464868,0.921251110290579,0.0818108863004062,-0.13301458670947,-0.371807055021841,-0.0852640530044279,-0.744735772043396,-0.188754971216721,-0.38162537653432,0.216023688015329,0.0560418035938029,0.694804265973769,0.478102873766094,-0.149623603441446,-2.56413791534659,-3.46542975351377,-0.211289430682494,-0.542947124365517,-1.21214173747877,-0.3629343706717,0.477996446751981,0.0572797814896557,-0.175350920352028,-0.921097279833024,-0.100185636916154,0.171219870326728,0.210886785529552,-0.714155844250482,-0.0952308801130628,-0.346158003576722,-0.37163307760593,-0.0140060212590447,-0.992153625676958,-0.156654639807232,0.927405270479426,-0.448186853890875,-0.707599244839708,0.11327742585062,0.144568603602746,-0.326205632584961,0.877482581724425,-0.336857291497288,0.209165309547645,-0.265330933161058,1.15510487693057,-1.81687707515725,1.94882299456009,0.735931509201098,4.64030099790239,0.933303127970874,-0.0321074245919541,0.365214840337699,-0.10828220605329,0.109431402887221,-0.557293315384415,-0.792350397367325,-0.475395098077269,0.114462480880444,-0.459485522828519,-0.398665074405539,-0.433245885535943,-0.732433954346121,-0.336121116275577,-1.51320195633408,-0.500034023860881,0.0745694342876508,-1.17661062866701,0.628801489321419,1.41870276507394
0.418946220306579,-0.0885139038443119,0.18269238510146,1.34765301984449,-0.765370457192257,1.04949806952355,-0.724187202156876,-0.379012261752078,0.741616911574915,1.03190941785822,-1.05199645782073,-0.433292621370728,0.180330785194653,0.784451635460937,0.656997623810611,-0.301773264928991,0.53886877242271,2.15333772021934,-0.130597983993301,-1.43430536381392,-0.542583712971137,-0.00234401895430565,1.26724230177429,0.759324025123751,0.451577294571825,0.557116929894996,0.820878226251583,-0.68901513292335,0.0581577954686009,-0.704413675115532,-0.410290775953046,0.26934809477828,-0.545694505973578,-0.718236665672471,-0.660214160072812,0.00356968824873719,-0.448800389136829,-1.31950814133654,-1.2252619795483,-1.36283003748698,-2.61760568974151,0.363091632028859,-1.19432931792489,-0.503657610663443,-1.89902073350774,1.28495160762875,0.0355227583701745,1.1543973239545,0.537421285835369,1.45839129042906,-1.99945260259207,-1.05630645756127,-1.58108552348528,-0.989251705947616,0.927816245413485,0.686081138539217,1.31213265932823,-1.13963866894076,-0.6686905556238,0.379638524064892,0.161492893613953,0.393533093093935,0.5466527919543,0.645706673139575,-0.152827246188821,0.582225490018883,1.76982515598125,0.64122133858138,0.46740721038648,-0.991732471090182,0.449146254051298,1.26878046201888,-1.96890971639352,-1.89253277793474,-1.12315211674811,-0.0334863040882331,-0.727223732299626,0.427644916334571,0.00419681008236236,-0.860186481572333,1.06273897503757,-0.0461128176397196,-1.18876893996754,0.0664847383033941,0.51568764938424,-0.08683361632972,-0.124085743566726,0.0612847424227488,-0.328398456535126,-0.180776103767405,-0.179411769198626,-0.476094026860698,0.164762182305917,-0.0888105310440896,0.556150109922794,0.264549351625477,0.628083600192973,-0.0591690228969533,-0.066023339850047,-0.183615205731237,-0.686800276223987,0.10554166934008,0.0824663439166952,-0.423542922064358,0.413594546073602,-0.393784752356212,-0.455358920802663,0.273305140851291,-3.22956406391547,-1.84958933986773,-0.653733048047844,0.699594548833614,-0.778157866249239,-0.257413102760442,-0.277481872953533,-0.364730321795613,-0.193724326213154,1.03711069184947,0.916109414746696,0.150356275883089,1.08600335853352,0.672511181621585,-0.46457536263573,0.0094845952328586,-0.862444330868735,-0.0217637559502174,1.2207323089144,0.0209408172930427,-0.205965677254073,-0.354110605111372,0.871500739988355,0.770842957611635,0.225520456535199,-0.479118037804546,0.805441362058207,0.0444523904446524,-0.383637829081132,0.578947504140579,0.63564982723103,0.308025329772603,0.370230204491829,0.66395463900237,-0.611443533412767,0.323499332131841,-0.495818614871918,0.517102022475718,-0.275905379271634,0.935498965042526,-0.928176511823695,0.756849308782113,-0.166364137303494,-0.0816374965816506,-0.699218927127423,0.463030736936911,-0.16665928166403,-0.449198800240644,-0.541922064011708,-0.0397566871816694,-0.384416942771008,1.0494371244433,-1.21951280812844,-2.85164356659629,-1.27763900431588,0.13944092909796,1.46358805831118,0.534131148185165,2.65773541245609,-0.11460603221689,-1.34148740749536,-0.942059740088749,-1.42415186734939,0.174787529456069,0.179731354955773,0.194825160040782,0.744031874559773,-0.290644533243972,1.23733314762508,0.822475359456007,-1.83356231226938,-0.846470944862958,0.407881309897477,0.437445471020201,0.0616623978190624,-1.01355972837895,-0.341733065862576,1.51909520216874
1.3800057612257,2.02177933461069,2.80514846442306,3.20515079256436,-0.419832187238849,1.05638443355912,1.73034234440475,-0.126669482025857,-0.287170349307881,-1.00674259116867,0.827791527918056,0.75119753224625,1.11139123966145,0.969210557196986,-0.516563814411091,-0.274168638947021,0.939566177706397,-0.271135407847921,1.79952967322916,0.245272648616411,-0.546585253867838,0.199238264082964,-0.294573793458131,0.688070183993534,0.905360450746544,1.0686332641259,-1.44509332448577,0.321208216271544,-0.574143045562532,-0.0248325847457817,1.24176217860604,-0.717008712496429,-0.433154948944296,0.700108086994102,1.81146933135463,0.267040762423146,-1.21708275380904,-1.71764700756412,-0.653172881494821,-0.489699287392075,0.160395642861982,-1.6484756661165,-1.93337687252503,-1.21535760640054,-1.19857292675856,0.563551848565418,0.255610220869236,1.29046910029562,2.5516301826325,0.906750352370203,-0.846219167651533,-0.589687536965331,-0.409371858840385,-0.590040915853898,1.03870171154798,-0.166204865072927,0.521803792127141,0.978716547929322,0.748293727237766,-0.331463644940876,-0.423168000317903,1.31358637187177,0.000143837325886402,0.57335687198447,-0.059880741556407,1.29588599650463,0.579995289283429,0.606606791149223,-0.381732980071938,1.2331189822244,0.761955927151436,-0.810172015642532,-0.433700071285499,0.103428692456306,-1.52668333960114,0.475432971728527,0.109775533163811,-0.289244325024738,0.158434465861136,-0.190148700619418,-0.402606875249405,0.935818314530127,0.138573431631664,0.222405375919398,-0.670165370266259,-0.606584369967977,0.442115507486742,0.358463545380766,-0.512787715727465,-0.816005999175297,0.687601006031549,-1.29114471401592,0.170898435046315,0.562735210897631,-0.412756232606624,0.522978542989458,-0.0908892234929061,0.458265514858039,1.03779143966217,0.21247969975739,0.923217889404657,0.14754365856437,0.707538768537692,-0.448524929418429,0.0108799032572126,0.250310457070524,-0.10980814422264,-0.220868567289808,-1.51849253806081,-0.825285631050207,-0.273883996637591,-0.329032706623823,0.642160319057675,0.732902102563487,-0.885820165289873,-0.405494066701678,-0.657967710618567,-0.310923208411197,0.65713682950702,-1.16682598368751,-0.174767506620384,1.45326819070788,-1.04418523884752,-0.162931427242756,-0.207044152276956,-0.966617921381897,-0.229185972853046,0.149768250085297,-0.481436430140717,-1.15232020065585,-0.651717646884028,0.767095310177186,-0.264011843161376,-0.165978158882656,-0.0308373649241807,0.361524975383194,-0.38277372640463,-0.313708397987431,-0.124199708250647,-0.0638648586642614,-0.105667070216818,0.0837639409163207,0.119493362241007,-0.41789787987537,-0.0352240223255891,-0.101957496770875,-0.987750864784447,-0.652387666883966,0.133968656923158,0.329218884548649,0.269998364245454,-0.224489211872707,-0.701531452303412,-0.457461154616851,-0.341809791452232,-0.301785611474255,-0.122702992935882,-0.345937375189312,-0.540894522312697,0.234880367928689,-1.45572244286529,-1.97457535550505,-0.140207507162737,-0.191571458969619,0.412836052743213,2.52595335296078,0.985376593065669,-0.360774821499126,-0.55439141965209,-0.738515929996387,-1.7761934006964,0.37203444326691,-0.903367784147484,-0.195979061283321,-0.732990339457003,0.423412684815796,0.704542818203131,-0.214020751410295,-0.88011712210993,-1.59685052408157,-0.617493322814476,-0.169828807600776,-0.834504155302201,-0.87195698918454,-0.535576436889921,1.68079306624782
1.00695765806238,-1.18544855364467,1.78900880784421,1.47554476254723,-1.19321857934567,2.0129816897064,-0.620978033005201,-1.06346636294734,0.75677752209256,1.79742056402093,1.26193989296958,-0.630912395453513,0.0693823046421907,0.850975962238177,-0.0262487139890049,-0.231977918739033,-0.698376137702974,-0.918913703174551,-0.518691491854102,0.646275448117316,0.0523601084258066,0.24065135007089,-0.0625737721762896,1.8108411241185,-1.71003014248718,-1.37605029346278,1.99136001689226,-1.48273190074063,-0.630281690668521,0.203879711880832,0.636267247869599,0.27748968179612,-0.746488977513498,2.85232304839032,0.582426074570533,0.696371042594904,-1.08377070938511,-1.28311435153028,-1.26790358521473,0.0769570505363873,-0.285566407873866,-1.18364339150861,-0.495445768074046,-0.437421782150964,-0.214836664101458,-0.628068336262885,-0.124345826676491,0.114260495617093,0.968266831676365,0.627977334874319,-0.703236787393874,-2.39019882514035,0.12946851784627,-0.302200529987956,0.817841003677588,1.57052794074578,-1.01235362525343,0.7438807587831,0.938429945322425,1.60439939483551,-1.05966454813876,-0.634017432519731,-1.00329939827796,0.206017252889292,0.0060527004901307,-0.619454602850256,0.942006287301734,-0.123435302299221,-0.320890127161969,0.488288802264658,-1.04719489159299,-0.89790091358438,-1.79309674157536,0.395911459791725,-1.42410665745469,1.04941545388399,1.72479554207436,-0.110885739966758,-0.8883347391153,0.973193057730883,-0.228155686254836,0.635596438895106,-0.194465611831737,1.42606559903797,1.13494366475292,1.98935961342033,1.12024658476108,0.243200733948232,-1.50749985394502,0.446467364491473,0.598161204075511,-0.692624374687288,-0.00473537266878932,0.965843635455963,0.54460633449911,0.839673578692756,-1.10657508606124,-0.587260632558928,0.646158606669745,-0.37619760255877,-0.229250175274049,-0.322864550905479,1.22978882152655,-0.287157495031729,1.41862809045799,-0.0349151443311509,-0.201595997652339,-0.199920133026366,0.216510603845214,-0.919106261138808,-0.259127822068694,0.548502085269909,0.828259746897309,0.0107877183374319,1.10188011713712,0.416697337104368,0.432639602595412,-0.204235760835243,0.577565049832905,-0.732454676603146,0.231402014810844,0.0189909269493723,-0.70279376317085,0.525617905717139,0.213711165442159,-0.453878523593952,0.473651604688209,1.41212996226394,-0.200967100266357,0.442868623240561,-0.840425211636991,0.985462009459761,2.83910682542521,-0.174447684680257,-0.0772161340654106,-0.493126548190841,-0.578698049064322,0.36402417763386,-0.0389222001664159,-0.0385205012594525,0.09324296255121,0.350977844588634,-0.145919482488191,-0.0142308124844366,-0.223503042744023,-0.851431038476217,0.26419462466994,0.57072330114817,-1.87121858420638,-0.00875541121072305,0.0672603236748126,-0.266175662968628,0.391026014927926,-0.322299971990215,0.393330406104018,-0.0739810938569897,0.426161733804372,0.253272315954016,-0.823709822164989,-2.63185353742298,-3.12944929683562,-1.13423110026977,-0.835049222345236,0.0714415441357033,0.258406864452795,-0.943589961942551,1.5855119262045,-1.721545047184,-0.690453864737494,1.07562956572059,-1.46249670772921,-0.333191846062187,-1.03068417186562,-0.677060016235142,-0.100081099158784,-0.20154058836291,0.790634032242772,0.246791750803721,0.512124834378319,0.294603550258377,-1.36498096064805,-0.597162471010461,-0.184102889067026,0.211674756864005,0.647971943126522,2.54151533249675
0.376413130874645,-0.885601142190093,1.02422796242308,1.51706770733652,0.413397383733867,-0.0775025419328758,-0.557028009202406,0.348828590960655,-0.168849846759112,-1.35965018121552,-3.05788018447603,0.400499027396002,-0.274034654942807,0.00964592036446524,-0.350810510944627,0.842683427170756,0.589303563156774,-0.461630416425272,-1.00055273559299,-0.605621456737147,-0.0216372392155012,-0.237075671496634,-0.422740991717309,1.41710165872299,-1.45231863119832,0.56731484906333,-0.0553899789606887,0.2546990658628,0.22499494514072,0.66177984984116,-0.100023987393115,-0.790082798619762,0.854285095176357,0.914096992376424,-0.686870461128127,-0.858198608392305,-1.31905926876317,-0.827583077747024,-1.14462638776393,-2.26460993481672,-0.279230119698166,0.0178856588629882,-0.764357127714423,-2.62326139774513,-1.06945173985528,-0.0892733359401315,0.236357724225348,0.985628153818202,-0.177030880740298,-0.372408107092776,-0.572720001237076,-0.396292429123179,-0.807736113892407,-0.762068316590631,-0.102528106000494,-1.06633713836208,0.212879653754185,0.063605391800792,0.409335000215769,-1.64156980637019,0.330032098535043,0.0372147100495568,-0.30922004218484,0.343613284466023,-0.128553730940843,-1.61708539615606,1.44066409279787,0.69431714223318,0.568656965397049,0.81975376997115,-0.736547525838082,1.45034724119091,-0.764867071256589,-0.0244135155001317,-0.632403997511775,0.586066837290164,-0.180441550378315,1.11241724304581,-0.390929788244303,1.37010509763427,-0.193623152331701,0.429374688753547,-1.08782777184637,-0.641003125634987,0.80343384682376,0.531253885256896,1.3664468778043,-0.761762058171849,0.998677968263658,1.52768622198072,0.918390047783603,0.0894926327841678,-0.542052703232559,0.981466751829677,0.935399717240253,-0.101244449809573,0.26099023901679,0.575622130765305,1.22067229082824,0.674787255061902,-2.11528767175079,-0.215745756960093,1.27472092188454,1.69950017049074,-0.339971002677276,-0.324126236497275,0.323731795746077,0.0989401255186857,-0.238391211684725,-3.24678495508443,-0.614757308343895,-0.255899846414738,0.955309284891781,0.753234795279302,-0.309195453749906,0.0784263283387996,-0.270896133195657,-1.91553109603159,1.77586512453992,0.307834707062064,0.624933560606575,0.0371495946627768,0.533048540606035,-0.586026367880619,0.857969986741973,0.0393622617573932,1.09753496986653,-0.394449567796135,-1.06091856700088,-1.02056943052927,-2.69274076846667,-0.446174070384914,0.518373383002662,-0.0569510556519784,0.70550794777756,0.418538838539402,0.0733830538586923,0.0699700484230407,0.769493924739864,0.93333037255093,-0.279297677784659,-0.068279144500899,-0.809102405416173,0.322142107013713,-0.864892002647233,-0.228638386132327,-0.480764957331353,-0.194802051272507,0.520598608245375,-0.729425792966765,0.829553354132679,-0.87210275992209,1.08819961766265,0.0528215763140924,-0.304654576574951,0.197019569421336,0.480603816194635,-0.429065770127188,-0.564860199421957,-1.27834436780584,-2.84053318317007,-1.54377494016202,-1.7688257536473,0.730508032042084,-0.543070174222781,0.855083175106177,0.49887662751072,-1.47846375028044,-0.75474422233496,-1.44152729481647,0.454302861017915,0.961883655508823,-0.479374540608011,-0.53080941237965,0.0252424176099939,1.42956352302817,1.57965196624783,0.285955631223231,-0.382508254940495,-0.725697034808444,-0.540267719817174,-2.16024514820824,0.423498960471808,-1.66658707120235,-0.851727557970768,0.761364258116234
-0.502894139529625,0.22356887808624,1.98504889419233,1.55325965770108,1.59354914236694,1.26753250296142,2.31476881155217,-0.318790887203967,-0.0219762551148972,2.22777524844543,2.00725500348447,-0.117779619112239,-0.079236407260871,0.424338975817696,0.195651719137749,0.00236019398327481,2.08944504235266,-0.449982495131005,0.50273859662412,-1.50401429998685,-0.0438181707708873,-0.452139090343122,1.22155483058154,-0.116202978496613,-0.235929278612651,0.464429164829156,0.781880621669586,-0.0932641489164348,1.01130013017149,1.4881239511395,0.427320095986213,1.87968029926859,0.994122518803487,-0.0986739609917533,-0.403569091795388,1.55732723482153,-1.77411332069392,-0.947050753187933,-0.291287736203304,0.457814441489105,-2.1935062399037,-0.700492041534719,1.1618848626652,-0.771110009187631,-0.659008510108617,0.150388208291405,0.417049036835572,-0.880375222092897,0.739107975527382,-0.0881093337497282,-3.44442550945083,-0.151901616820959,-2.0373668878113,-1.88685700004715,-0.625061289292107,-0.810880902612712,0.312228828805973,0.512810172776449,0.565083522030724,-0.825781161536539,0.435025074018541,0.545976409319777,0.306760922860835,0.297724414659827,-0.193705323135045,1.11783077575525,0.932479698629959,0.511570587551693,0.628870437933172,0.709362366969832,0.617711600472376,-0.474867620529789,-0.372032945590271,0.727668026577527,0.203342173478002,1.19731332028785,1.64455384867314,0.162440305322401,-0.0109611497283817,0.0956013203133721,0.871903977678656,-0.809828902782207,1.28807490670805,-1.00740362009235,0.919621640384589,1.02843589485203,-0.000296686720640991,-0.113487476164345,0.686628196328541,-0.654154597566496,0.857263053803827,0.235262332015658,0.466083061304223,-0.294633525719812,-0.245430430021077,-1.50315764096913,0.047931251207212,-1.06440607798539,-0.0261564755317914,-0.420588891549611,0.231369499988703,-0.761447121242834,1.61850593161943,1.09173546314402,0.310234035572781,0.430353170789454,0.134993571237559,0.508638970443395,-1.630341745288,-1.29291713382035,0.153179270644987,-0.41572195319007,-0.172346392712422,-1.10832588062212,-0.630626672060767,-0.555343296634882,-0.581243104734117,-0.648674738388315,-0.541779920057669,0.193754351500792,-0.396229631491516,-0.909814031703806,-0.634772022948555,1.19806066001994,0.543045892089592,-0.587626970176831,-0.959450004115975,-0.170179947494962,-0.58256455986717,-0.794972320227297,-0.187812589352465,-1.00192396663462,-0.397886601937507,0.301962583970339,0.569538039418023,-1.23803771286258,0.282061469255538,0.465954519922759,0.010009442533505,-0.262582188240676,-0.759269544617389,-0.443949573058788,-0.25467848356028,-1.20482549693073,0.174772889247088,0.112183870615618,0.138177660096834,-0.826395408524354,-1.07490671643364,-0.246299578338965,-1.25634365129832,1.79188999268245,0.0441681407084424,-0.912376695155781,0.459270676266487,0.500649191549624,-0.0472565497945383,0.00988791787044982,1.34908320271331,2.1912609876258,0.864726728482476,-2.97594568841784,1.27849292041959,-0.989112175876969,-0.5305501746616,0.259330886586302,1.95100060860895,-1.91872178749078,-0.991546356923956,-0.049284038923557,0.780438071018102,0.334370159649684,-0.29095533810681,0.254120695511159,0.0114657518013863,1.36530260100209,-0.624763742360866,-0.801924968604317,-2.09399430683019,-1.44669726056133,-0.800602367197193,1.70008106932862,-1.72293298445222,0.124594647287611,-0.337137537021242,-0.416478459469664
-0.678438590633495,-0.166591929404442,1.57146328622409,2.90090904382625,-0.229902643765672,1.3380054521846,0.249034576451489,1.98623971538175,-0.00971283136882094,-0.148940292747044,1.18661643242036,0.749221062541946,0.936694742980136,0.640029682421983,0.205986603315763,0.926875281793291,-1.46478386097637,-1.47016116382663,-0.516813708955454,0.50664396833555,-0.162056796944138,-1.29182178461915,-0.462670800366784,0.596024274533539,-0.17910358246838,1.1089520711341,-0.31316178904642,0.415170284628833,-0.202862622707823,1.51316558219313,0.161720589881419,0.785285428749713,0.973218545990089,0.478133693062146,1.00728357570912,-0.439986434398427,0.320759191609525,-1.26188000417001,-0.88126561502375,-1.10940134332082,-0.414836133193275,-0.609947448233502,0.632854136653693,-0.64561384756885,0.00374281104932559,-1.95116270693758,-0.488590164635548,-0.263506035866338,-0.683117334718469,-1.50351960705404,-1.44362221287144,0.0333338088430167,-1.80149026583746,-0.892047231021816,-1.38126210294281,-0.382420499977985,-1.34069122204198,-0.24451431629311,-0.473779380943665,0.722817467259148,-0.407843540476425,0.203011249689382,-0.337234617049784,-0.0394877002133322,-0.311546335749326,-0.475170559638595,0.0569444869267867,-0.205171773592049,0.855514138506218,-0.357919088862309,-1.5780708524936,0.494209807303912,-0.618916706257864,-0.972294697906953,-0.864229065767017,0.282085991353125,0.290758836682475,0.379693220416383,-0.159603730264431,0.120803700710615,-0.379579294081851,-0.133327960149884,0.325248839041854,0.864487388510635,-0.0481712969766546,1.4927013746141,1.36851015182858,-0.669777735823847,0.000973214995417215,-0.830915174757824,0.379862358000343,1.26506080653011,0.218151116888325,0.0689733700391931,0.289137161296727,1.49177392424308,-0.58657999282287,-0.0235527516629247,0.881904255855154,0.323654867786973,0.0211336182123102,1.05693208167487,0.217393579212345,0.997983904454243,-0.368086040457086,0.122914168052214,0.520135212566638,-0.0311878417821037,-0.0120436413291511,-0.42362608023906,0.595855178558303,-0.870118353617838,0.820201524396472,0.153158017995067,-0.566212069044871,-0.196937808773608,1.30415555715364,-0.778780251026539,1.08319529645164,0.052474654178699,0.487475247871665,0.455246320245825,0.0324563991122259,0.330131210125286,-0.335402628911243,-1.3494157377486,-0.698103853296362,0.29105857845735,-0.0852431570498445,0.156284346313441,0.369847267318975,-0.389225762698771,-0.136562782732827,0.21624735630921,-0.6597105155306,-0.358620127449669,-0.17160877105665,0.410636509111674,0.254810885757993,0.0772315777022992,0.116313506997069,-0.20880559755105,0.104818458426531,0.313894924340544,-0.734764983411199,0.140923705751765,-0.359240846629953,0.553652260583592,0.186459993766985,0.0734976023232706,0.41198584584253,0.0436258794830622,-0.292785858588518,-0.180772606753917,-0.0626934330944703,0.19343432540014,0.97899901962271,-0.0658314802547795,-0.262278493275685,-0.137848937494333,-1.71691642511527,-0.763043932608964,-0.715661539148927,0.372717039077565,0.633168465709525,1.8596846390878,0.970341535039605,0.51725386175031,0.218900821364332,0.0234231761370115,-0.370776787019654,-0.274925292773227,-0.980892376275736,0.266867182653764,0.24184940557121,-0.315494744530453,0.26309331951284,-0.75429896306334,-0.544174451578019,-0.959112244045959,-0.951206892429139,-0.723154636512924,-1.16847461906067,-1.3970173182345,-0.571740030215715,-0.395037926245553
-0.159780939718978,2.13777294104239,1.87746092903929,0.262446764265516,-0.271825073456544,-1.87624542195654,0.0617478982271974,0.296587079964927,-0.803225677009089,0.0411579518996737,0.0496942295453218,1.04434286589635,0.0765513463095039,-1.187607879107,-0.254463979779937,-2.05211614342479,1.16927729854927,0.0495049690255929,-1.75107072973944,-0.702976590230145,0.444656107983168,-1.10383627842531,-1.00109445556722,-1.08441286053231,0.881285212414849,-0.831499237884506,-1.34785881679668,0.255617531302623,-0.657276399797093,-0.452514632276375,-0.107397965198504,0.148947530811821,0.872614884452797,-1.72220410469463,-0.0526405325820676,0.0626468986187069,-1.14232753048693,0.154709687409868,-0.187583129585698,-0.698661979690786,-1.25493477008981,-1.95418523342143,0.132897908315187,-1.29678677167544,-1.6681098703539,-0.285461783299401,-1.02437689015552,1.19776668337239,0.15269460675606,0.996083635734794,-1.06784823799078,-0.925962312387403,-1.49894262603381,-1.73889272181708,-0.962604220631543,-0.501631512465943,0.125005979663276,0.424856117490962,-0.435458264453278,-0.30584311588136,-0.97519812990752,-1.05363871383294,-0.116552490771824,-0.391368060619758,-1.0579652342387,0.738730187587768,0.3819900975857,-0.644900329557234,-0.322269040658034,0.591407228740681,-1.49278787605578,-0.663152137306598,-1.49171444445039,-1.41077703043815,-2.06417372347296,-0.0497639357867286,-0.172850467426189,0.549793340835222,0.133477883882489,-0.410189240430312,0.503637069692436,0.212086328783414,0.243605399631296,-0.684805660139037,0.544432554069624,0.255705790726962,0.492259439965918,1.03693998403877,-0.33636626060094,1.54182010331368,0.0208532236869153,-0.641173374987796,0.0804418310886429,1.0925519990162,0.790408431149218,0.4093865464879,-0.56576942142161,0.269271813505772,-0.15191531504866,-1.19451318057385,-0.198002730663736,-1.02559565165747,-0.2002773316203,0.548800529874272,0.401665475184983,-0.567315770754122,0.122564328569345,-0.231433045578586,-0.398953629961863,-1.96145448798731,-1.15328658151936,-0.880403788166825,0.138247047455704,1.14141588061951,0.336747317752002,0.446883082739711,-0.28183954170556,-0.0961728418586161,0.3094910540588,0.56594926392514,1.06455047790915,0.180127075392312,-0.257403842388677,-1.45120609254966,-0.173682887449958,-1.335773952375,-1.57592613764056,0.0884406788111813,1.42335364334586,0.923935005326803,-0.0728549784706126,0.0147730048483743,0.126028046620298,-1.02755414373044,0.497074966792157,-0.470868711306051,-0.674893565698084,0.11515729583845,0.0394160014464246,0.299068640912028,0.0078868858656585,0.269636253157858,-0.0184741150176831,0.661646532869221,-0.502785998824648,-0.125099216964718,0.103919183961762,0.0511806011646978,-0.396791008226862,-0.187636763431708,-0.14532732465313,-0.0497950028282663,-0.282581507264005,-0.374582885258599,0.0416605293498684,0.59285923905451,0.37713716326496,0.946947857142922,1.03306104677065,-1.79028883780469,-0.156266737677223,-2.3717497531941,-1.9765148943681,-0.19944828423008,0.809082567882772,0.387486725282481,1.91614457833156,-0.696167369800281,-0.313601937433558,-0.685660937233195,-1.08957295411178,-0.638656481971383,0.901919409885028,-0.161894621576037,-0.667310290201514,0.602079269819361,0.207193011438935,0.13350947051269,-1.19964590247065,-2.11456933227031,-1.60993329818832,0.805774958072401,0.218227582886974,-0.734317879995505,-0.572557683886842,-0.968744817428558
1.3769518159332,0.687931308162983,1.8371423088389,-0.251055738149586,-0.0900244701505299,-0.658338142116344,-1.27600609423836,1.18087554788978,-0.526558405972746,-1.35079078828285,0.160169130515212,-0.302998874637176,-0.0428781015899589,2.0031973986561,-0.2655365795895,1.02611378674079,3.26916053014049,0.711950980792094,0.771310756571913,-0.0728489126567887,0.253921463047273,-2.18257757294385,-1.250556926968,2.01003201883118,0.715721697666937,-0.717928120901653,0.642198721746313,1.51051089999292,-0.0303990765715928,-1.01881551406655,1.84574332624239,0.681739806395483,0.231994917740588,1.696094385446,-0.699982898376479,-1.00206607537175,0.195839469428957,0.607188920461144,1.02098809242362,-0.225452241589411,-2.24186094368718,-2.380875015481,-1.82268028434294,-1.62529682703432,-1.61562196748406,1.23968450887124,-0.330148501364243,0.552972854785884,2.05073918522042,-0.60004261714716,-1.77440403406185,-2.24730993880198,-0.691566484514194,-1.34414785849295,0.493555643409194,-0.596686300405775,0.929330145052866,-0.861757277261037,1.27153335194807,0.857670873368571,-0.713459761558588,-0.334327168208697,0.0907211995393371,-0.0124357179070698,-1.29048707266975,-1.32296433667704,0.0519379753205263,0.0512783030899534,0.676331620175272,0.28795249912938,0.0888993958266582,-1.31717167958912,-1.32630105818159,-0.107497935002761,-0.911575695112101,-0.285358467296861,0.529814932727542,-0.582400687456989,0.00985334652665662,0.599097574576152,0.27408738122945,0.798409376850943,-0.350691586780627,0.750405095309592,0.108475950690646,2.02377983735642,-0.453810988213095,-0.589147079128035,0.0178911819569977,-0.43570164540986,0.308340632483523,0.96356942068555,-0.444544571856397,-0.101588066974314,-0.219319076386792,0.48805569489769,0.515424866003937,0.53404424796661,0.365095957660164,1.26463566505974,0.72835317435593,1.58809648705437,-0.396577109600862,0.105899022397712,-0.673284809499269,0.626785423990997,0.0213652330584771,-0.241138282387396,-1.84007748289018,3.73152728084175,-1.98114080828848,1.31414476649685,0.282751581882199,-0.432344531314119,0.950394493551655,1.42089950127767,-0.330078521081881,0.609558168491197,0.931068022934269,1.19325162022729,0.0452795695882374,-0.350393007654278,0.634777436385422,0.907749507786478,1.1425719926117,-0.468749234330676,-0.453950938582544,-1.31216393289289,-0.310078611073825,0.0996006923594099,0.165746374660118,0.850035250129011,-1.46043069616429,0.235225493714757,-0.326021806149737,0.0784319368073795,0.246880502117289,-0.0143272590695609,-0.228540255229615,0.632931974438165,0.00190254299044894,0.431483269107901,1.49160961012335,0.176403690813786,0.269373768141178,0.79540822133811,-1.12203970812275,-0.13698459870907,-0.244747058755433,0.731194707086488,0.0575439006157291,-0.130478722300988,0.0987965757513623,0.217005727973129,0.118753694374783,0.25601379958913,-0.297411857207651,-0.225244992345384,-0.142966873834861,-0.628335509808339,-1.63502645158094,0.0979308994819066,-0.716274489274251,0.76617813875748,0.904656626096046,1.12717687731833,1.24739110178634,0.28922070149246,1.33059299162811,0.0181714157194713,-0.105877787674854,0.136612456108115,-0.0215827698776326,1.68690115997372,0.581461053726356,-0.982842781577332,1.54579276238117,1.02232502010965,-0.194396749901775,-1.10248407732861,-2.09686142673679,-1.10619751760859,0.240414710524428,-0.23482216384082,-1.46579308928716,0.457929858792491
1.02095513884,0.391341141225892,2.49736980078432,2.79058429353194,2.22500117241986,0.868995075975282,0.957316460651679,-0.161679748116602,0.61024025833741,0.79166812385157,-2.39854457393529,1.16740124110252,0.345761027575168,-0.738794741507793,0.391546013418759,-0.838481720545289,2.28483716046878,-0.260281700859925,1.17170950148695,2.07875976939213,0.697515814472091,1.72745338463758,0.723281493067479,0.307345406901056,0.514145143139281,-0.0779955100524864,0.116602407368202,0.446407192439584,0.499600122409887,-0.411956726157686,-0.959749988925733,0.562543655699853,1.0539282206235,2.41573436274755,1.22245335472749,2.19233646329655,-0.962219186440768,-1.18021044152187,0.0825352695174406,-0.611504788992991,-3.1123364416157,-0.298548694258243,-1.60465070946901,-1.18141827205516,-2.06962649003926,1.88009386546122,-0.18812708870291,-0.252208850589036,1.67756427497811,-0.326725110826605,-0.412817068038122,-0.986659241787295,-1.51328957214545,-1.6154163504008,0.35413096705752,-0.377101986874631,-1.27842729980822,0.69171394053906,-0.613100464753487,0.172139721901239,0.428310068428392,-1.07038715262253,1.26007419449531,0.0297450610862328,-0.163419490493142,0.273096883062737,0.795894027871134,-0.50558315393449,0.566057505262036,-0.642004652770588,-0.60116366431366,0.329176056152255,-2.26608577846606,-0.230045381751395,-1.72897714386167,-0.445254274935707,0.457629081522813,0.497925347124935,0.448245502189811,0.379909211500941,-0.347707769994141,0.0424169392778711,0.953158252676615,0.312474231614244,0.925374407229533,0.55811323120181,0.432362661414487,-0.573170234679009,-0.699711099190954,0.417496569611263,-0.252308051064624,-0.577240122240869,0.699510563058652,0.351239043470228,0.546334266104529,0.768505145669387,0.159161064923016,0.830991014782732,0.214268240579581,-0.509314526350823,0.0442289671109706,-1.32994364222543,0.796309362609649,-0.336869172900251,0.32641460683034,0.708581712045544,0.65659961213199,0.769329031487129,-1.06310755511676,0.712768709159788,-0.215105110747542,0.512460286840862,0.307890263860359,-0.102329387374965,0.470299385826312,-0.750244135427994,0.401288793946532,-1.4301575948608,0.608709696457222,-0.231723112126756,-0.208433334846225,0.224743389211578,-0.146986265538341,0.460280640183224,-0.738104176008985,-0.524641804831339,-0.896361367585637,-0.596041714987665,0.996154709737731,0.639022958949704,0.890712958514356,0.395135844847945,-2.01903971790347,-0.335947134187135,-0.182139000218982,-0.510437714834757,-0.0349502231362667,-0.539574925909139,-0.395802019033619,-0.345181444404164,0.0316223931916212,0.0357694575952943,-0.132727045339482,0.643688140724433,0.531979599940888,0.25746800535884,0.266033275991129,-0.12497322642729,-0.547746638882989,-0.339099201694758,-0.166305936298314,-0.36603694270105,0.302204148465924,0.197814281333465,0.36749140176073,0.0939322117668401,0.956142710784837,-0.569261701613805,1.31541045886289,-1.47297773363805,-0.0999846837754106,-0.417160583030023,-1.7847902503042,-0.381777656761543,-0.291644525249928,3.00448606660822,3.91685688436436,-0.57999880247125,-0.841191216964344,-0.338899863769202,-0.459318843684844,-0.11217463089926,-0.121448498180575,0.206518158998164,-0.2412339613398,-0.522242414343774,0.398124635626162,0.61816139932417,0.0756775482956045,-0.540290206250673,-0.65959036014076,0.105971832404412,0.0227869680994681,-1.62677409149988,-1.37945941514427,0.076371434178729
-2.02029957523155,0.248935483798522,1.41108370957842,1.296472898772,0.92253187381756,0.210904600973818,0.0740093402019506,0.76610696169464,2.26778059051235,1.68131470048352,1.13380077978155,0.3793188101415,0.568108020771193,-0.43544464748161,-0.816753320041567,-0.628742279328386,-0.500443704501039,0.519739391574873,0.382810831064904,-0.305003561780295,-0.238633049532677,-0.197208970410432,0.935927781985598,0.189482396620092,1.83222623273994,-1.28309238052791,-0.889420803004495,0.920786630664604,1.24356564581582,0.371130925608715,-0.278052851211133,0.537091755794766,0.342256587579983,-0.394782138697495,-0.791501761712631,1.33296116813266,-1.21852652239316,-1.41613288882148,-0.573157960350044,-0.294572166223634,-2.67900267938118,-0.370771692607795,-2.44117861655919,-0.34836525372762,-0.823380937088388,-0.0394896577548227,0.528161656873337,0.427485312173517,1.37927678999022,-2.61645355511189,-0.398885697962657,-1.21798916798475,-0.797810109369731,-1.48091818830197,-0.680820513570708,-0.153952308237812,-0.256073946886405,-1.27029162282906,-0.603322520256092,-0.667905883433071,-1.07070093668662,-0.15430263977011,-0.287181633076824,-0.00659868719646196,0.346850417824808,0.0588099457253605,0.00955705797569711,-0.704004696750212,-0.701162705768708,-1.07128196707016,-0.147014845854354,0.226700067706861,-0.223243697742228,0.367662022818807,-1.44924631982373,0.827026062710427,0.177931533250747,0.342718796024141,0.555676366989528,0.565423103986085,-0.318038128264284,-0.132681528961487,1.06910503908743,-0.0129927273312701,1.36833019307353,0.214974454992503,0.735756807855385,0.113787851545429,1.02668343354558,0.306577994769701,0.363196466522734,0.573562214090772,0.408307116105877,0.440896595821214,0.977452973436236,0.965867247148135,-0.048651813960418,-0.557832536849943,1.05238514030091,-0.32899769142054,-0.108598027654758,0.193579205079957,-0.762691397899054,0.0156135637729744,0.692130075748065,0.817792302534393,0.425725013226427,-0.036214516148934,0.675450460367524,1.96935496574365,-2.30073867667325,-0.267236112092279,-0.928431350062196,-0.106759394069241,-0.413267374184728,-0.901039890661841,0.0629222404845636,1.47539218215392,-0.467354670434059,-0.714286969399943,0.269068344604593,-0.336754045523423,0.162303062106605,0.160152205947796,0.263206345983839,-0.565114252301233,-1.51801340611191,0.804996749628717,-0.218714587856148,-0.0193365291556346,-0.539544833431627,0.203113013794978,2.73136026211015,0.260354579507619,0.249372743087964,-0.18792605107826,0.520797786958372,0.316861879965635,0.787801623100707,-0.617325650155479,-0.543156069676525,-0.0828399603438008,-0.149561109805197,-1.16135711429388,-0.429858945763135,-0.313958640012075,-0.31368066590242,0.0892752316504861,0.204111987996125,-1.24623809228164,-1.01635082930727,-0.477125164248107,-0.415241727423994,-0.4607217301037,0.17091205060357,2.00390960485329,0.356045124698536,-0.738653890438702,-0.856477166157865,-1.30025590714962,-0.405190112506444,-3.11347737269158,1.14045401978244,0.198703291675846,0.755784456931903,2.67399160634342,0.29757451437881,-0.908134626193496,0.0511579252822285,-0.89218143140111,0.494498479644777,0.567043442212863,-0.260242011936663,0.20722236869814,0.0615159999453711,-0.507711448496509,0.0399269065003456,0.680871096955477,-1.45326024282328,-0.736546755184332,-0.886147264290157,-1.25321062363193,1.48972765890895,-0.103312615954468,-0.177587638211954,-1.08899270609118
-0.616310198103983,1.22024800319749,1.6047350930135,-1.64031298478655,2.8458680708044,-0.53689071997959,0.170569411194809,2.63036150372777,1.32345575732936,1.92177543173672,1.83811610525244,0.218749726322157,-0.287737876483741,1.7239790269154,-0.153936074768135,-0.597519612278697,-0.547541529939473,-0.563972116595399,0.681604171952026,-0.0905040192076675,-0.980404209498555,1.80869354499368,1.76299869787902,0.311824139528277,0.890069600638594,0.246496687095657,1.09767758652548,-0.511034527100936,0.840090079711131,1.86631887194092,0.969568870631245,0.81793504743971,0.152963314529838,-1.41516900447773,0.675726968564589,1.05047926213993,-0.717901950310537,-1.21606546403233,-1.52074475444963,-0.255879602344718,-0.901418765402787,-0.0212273469759335,-1.05003064220305,-1.66353878461292,-1.26083953935679,-2.99640065561783,0.498629674392621,1.59056559998958,-0.543470080641685,-1.57784920840833,0.908563406173594,-0.721139877423724,0.321663208094105,-1.9984227351152,-0.0880626226765044,-1.1429690375549,1.26774749818301,0.379725466275494,-1.16464779110836,1.09618991331985,-0.539705802933763,0.971771823324001,0.177507889031581,0.740894878774742,0.309169423138171,0.991263680950522,0.997206336895837,1.09825022473769,-0.631227882217913,-0.753088221079973,1.20632808765055,-0.393453042840728,0.858681751518993,0.37343552282142,-0.356061888378814,-0.304349600697843,1.68306458888573,0.997894031844295,-0.620812784055662,0.468104262361168,-0.0218057701024041,0.803816577928185,-0.310057417798326,1.11386317212677,1.70260682574665,1.45743957841967,1.75969064329998,1.00758461112562,0.553745964076187,0.97837059825069,0.528658313376867,1.27469938379568,0.41695886277486,0.765933128166569,0.982094117190876,0.63438066794174,0.196294074733494,-0.302976690172774,0.596137155550295,0.633868668072,1.7077940165032,1.024011919128,-0.0883688977033018,-0.940663086496151,-0.492432003837209,-0.710334620546379,-0.643969843497819,1.29261033295079,-1.53946301405686,0.17660982061059,0.166626054376254,1.38987587478747,0.618675687790062,1.24619129001283,-0.152134967902605,0.853680217841675,1.06420910398466,-1.00140144423485,-0.658854223615185,0.623904671642498,-0.117236491354346,-1.00061126650015,-0.71164381708012,-0.413195332225396,0.00404966114571247,0.0838112443584581,-1.01259750763493,-0.225413494045171,1.04387970158937,-0.194219505882425,-1.27278432521725,-2.2615534986663,-0.707485382059692,-0.8079851520671,0.683992284971626,0.231160060208942,0.07208915099175,-0.490624554251823,-0.242769201965553,0.157878651617883,0.251111456786889,0.904640633586273,0.268896155507632,-0.629603081796228,-0.327171967473354,0.0469854392004001,-0.860871838802962,-0.81475339066393,0.46484233015516,0.385332285202003,1.08604550166259,-0.331174665373994,0.902208777310124,0.13273659696634,0.114317390211438,-0.383469970905556,-0.427665380233513,-0.961957557610124,-0.848391219848013,-0.869034681993423,-0.227426747987494,-0.00661521642646729,-0.754574490952081,0.4237672974129,-0.310540753510408,1.55864834380661,0.609698381105321,-0.792058857154105,-1.17012987031922,-0.987192494639939,-1.32429415292526,-1.83535603550739,-0.553648590536218,0.880182407975743,-0.946582617953087,0.343263853778307,-0.19023399105343,-0.836258653417303,0.325461803844024,-0.835133337246301,-2.23599611704466,1.64100272086657,0.0496488343196679,1.37111737750205,-0.599539971688714,-0.767419481365735
-1.27070783841138,-0.590576031222883,-0.0519531560406101,1.96416441310209,1.31540580829837,-0.687053852084828,0.521288247127724,-0.623399145285177,-0.441320919401304,0.0140941240426851,-2.24218995156161,-0.869227627958362,0.376086467366422,1.07839418911325,-0.788598202650239,-0.64065150736103,0.948916535466668,-0.95738937310369,1.54702676882926,-0.258819275719257,0.10547742223237,1.58589562554819,0.362034331623378,-1.81009501675979,0.902049660429595,0.805438081187276,-0.413888477675915,2.76971931969504,-1.49639013757921,0.387810747097431,1.51586183451331,-0.210754067842455,1.39696858492816,0.822866915419019,0.963848853772148,0.641827664701958,-2.2136270824939,-0.622873871014291,0.418362701397489,-1.06785508380487,-0.474229290478446,0.302306169377141,-0.849570114399409,-1.33799509333506,-0.434580839260024,-2.07053076424196,-0.855447107191993,1.97494465827995,0.377039162910726,-0.571515090694627,-1.37953845614196,-1.97993298672589,0.0641231012245356,-1.04148970883163,0.112427332774608,-0.874341742935073,0.474606503811581,-0.609188005646314,1.31396477526288,-0.273111540736023,-0.308220083818253,-0.258074317142209,0.0303496128079388,-0.42535207694753,0.641504639949836,0.339254482387942,1.2646013383891,0.0952830234770213,-0.261275754096775,-0.369333703787956,-0.0188799491482025,0.641525420636146,-1.46061427645003,-1.81493473126013,0.267428668729992,0.906919807162437,1.57790657745822,-0.0492824659040356,-0.499296124731243,1.29773365414481,0.017780865180781,0.40952334491426,1.45535664756838,0.637962574868477,0.739271372974692,0.481914182134047,0.429393361582767,-0.5532952963231,-1.50967948451165,-0.0233221159898217,0.181293865486862,1.14389805245537,1.61337988896561,0.00707972463148845,0.740783956776347,0.0502684636564103,-1.18483115398119,0.274264357249124,0.539008461478071,-0.697941311052153,0.850908291801307,0.294726040842906,0.485483599293209,0.680811109711112,0.733217061917051,0.275230150941018,-0.0674454705079816,0.562325080308334,-0.930538113990185,1.39613109101942,-1.3916097549517,1.213309709862,0.219958600752484,0.333187708234697,0.929565001825743,-0.144440839492265,-0.368073061100254,0.853439926899522,-0.00206364399948809,-0.0574693056801475,-0.454964048798947,-0.205328356276599,-0.422671614229728,-0.0641065078185362,-0.0635964514551314,-0.451486581523109,0.0678445972943395,0.597421035200135,-0.0301030975782068,-1.35173432011868,-0.233932155976395,1.75774103682668,0.547479265115487,-0.281038245889386,0.0369320978578955,-0.354466193665604,-0.72559898975106,-1.09983188866253,-0.54604091658714,-0.32964859860539,-0.119738380911371,0.322001969934679,-0.552026519962854,0.267788198474169,-0.669148059783199,-0.255229348186433,-0.558993106534189,-0.107244098201936,-0.464859049371371,0.888371948720277,0.748884279447545,-0.3031199954756,0.167597509888604,0.00965295675571298,0.562475087922017,-0.380753214629107,0.875078135249209,1.16663701454343,0.981268461288225,0.350245742610406,-1.35099517794995,0.43334603143315,-1.33677250139973,0.426313532812507,-0.207799381744724,0.601971879479599,-1.06484050628347,-0.99897776588754,-0.982967954865613,-1.34625901051368,-1.36214250089784,0.0476049105179425,0.366599415666179,-0.52751515990686,0.710337043481182,0.576908694415437,0.442993470697283,0.137220954831185,-1.5242350479867,-0.756130636286977,-0.996586048344785,0.786999787580736,-0.7865982005184,-0.472839411163299,-0.545846795683992,0.217235059624928
0.167947929918806,-1.94480518165338,2.03525740234131,1.36478778408285,-0.94497092078478,1.51614717348854,1.25227154160289,-2.09324649863759,1.01466173873572,-0.650667508635557,1.1889156712365,-1.05236729404473,1.04881194615753,0.244905358834578,1.1869122467319,0.02267734493826,1.42172742433018,-1.28322574669284,0.266291809186719,-0.158603673774004,2.7687911288126,-0.738461337825239,2.15518035397342,0.300137100094006,0.831346669523007,-0.124984347619014,-0.233286447338389,-1.05837375803664,1.21930246994104,-2.15006859502686,-1.26765807675183,-1.45187370927359,-0.390292127700505,0.948283782986152,-0.279612572429972,-0.0305925835454664,0.116421391426337,-1.60720255234625,-1.34348276183209,-1.8166940109958,-0.71263978736118,-1.71389600139249,-0.447676815808387,-0.105472395931381,-0.116708860966533,-0.40716363240337,-0.198651799737263,0.578074181909326,-0.383181198454374,-2.17716650861077,-1.55010334414134,-1.08939805177703,-0.88364968111101,-1.16526356560308,-0.384016964166597,-0.458332449578806,-0.394080648331057,-0.921559947551995,0.449218213012521,-1.19747854792238,0.607677307218353,-0.167898451667835,-0.296040809564574,-1.42667398886997,0.109118037220626,-0.337926240367023,1.14192351777097,0.459852577522843,0.603448666285447,0.653037482296191,0.372023069181037,-0.104069413159838,-0.0199825250217002,0.073652167807077,-1.04079095609376,-0.912461503125353,0.496503505915891,-0.933111526927498,-0.999487704798879,-0.059759577798097,0.00172272194207375,0.935803962504065,1.18570465995564,0.370937945703199,0.547312632301628,0.937430184559003,0.402892070367866,0.497611360831828,-0.970946207974942,0.0658915304632014,0.137813522696543,-0.503000336169311,0.474906263381402,-0.238540851687915,0.483212937325376,-0.447292761005208,-0.720698032961658,0.300916202504384,0.797259740270268,-0.00635493233553613,-1.52059395923757,0.201396004335362,0.741408007604936,0.203446093496398,0.576099202977995,0.298986352393775,-0.228964038422454,0.136073964977125,-1.64491218588093,-1.9442999080392,0.449408358086523,-0.187953613670387,-0.417360164240769,-0.589195994675337,-0.370791282969006,-0.084464851487595,-0.675278976424415,-0.176487325383729,-0.794147070495716,0.665572937500217,0.216539088381631,0.30958432950782,-0.878061487485857,-0.398560071444908,-0.000143938060572974,0.00191490740866922,-0.0904266662218248,0.472002715698026,-0.362151930699834,0.638332422063461,-0.925545567637038,-0.484127404512965,0.0587935839612966,0.188634666748225,-0.403827897782516,-0.212507004870874,0.528111354569869,0.787194056559677,0.653404766967505,0.561408655442281,0.45734465128707,0.457548494427197,0.673412344947887,-1.0387556062787,0.118956519034368,-0.418869185243548,0.151229303067498,0.112081222275472,0.11216130952575,0.153030402055527,-1.22318021113644,-0.724742098578225,-0.378208783917454,-1.18135018396297,-1.08256711476725,0.424003591488061,0.222001262923715,0.85734152576944,0.233475756787197,-1.00555414248597,-0.107024816737074,1.02613668896462,-1.27373011742132,-1.32464923929854,-0.681572290045688,2.47339152196814,-1.05889805835116,-1.20921627090657,0.147513782030815,-0.345774715534456,-0.0341362006603934,-0.799730842901421,-0.183827873467015,0.281801663277583,-0.511664261814478,-0.666885270764338,-0.224475708032397,-0.509673410567869,-1.41886031990203,-1.26160984968572,-0.601754341629857,0.845919253561566,0.57673079032028,-0.64349222901111,-0.336051969561242,0.343454970060336
1.47229788618607,1.39274289496141,2.82265819349713,1.12264111045153,0.372775583544427,2.40147103796876,0.518146674515077,-0.217106928052359,-1.60559572324644,1.02995855632419,0.44770083774079,0.853357503313111,-0.739075739518344,1.07882513062657,-0.422023286487634,1.54451128836055,0.68434248174663,0.346322975382555,1.3718436257788,0.860741974370413,-1.28691624163386,1.84091353965343,-0.114704444997735,1.1001692876934,0.456847640799312,0.0228444335598342,-0.368012564603096,1.21172299956526,-1.03222946125335,0.981625739098661,0.724692954002938,-0.178834971622379,1.89504801481981,1.65160381939403,-0.675731609292777,0.934143138137132,0.566766232831351,-1.44548119147972,-0.221946856561241,-0.679538907881309,-0.695270763458498,-2.00906413379407,-0.768880403870356,-0.447267191428965,-1.57550649140557,0.0221681290187414,0.485790389862785,-1.29534530910177,2.79811359795116,0.116155273482171,0.0804860357075618,-0.816997457052101,-1.88668403832091,-1.42355583300214,-0.360132858154996,-0.744572617613794,-0.325356198369413,-0.78734840291791,0.314594678958314,0.699173875324184,1.37792477168479,1.2667217792712,-0.418111471149054,0.346805548898634,0.225967273242882,-0.227058922831907,-0.264651185593048,0.0670664335456034,0.1003466606033,-0.499272913423926,-0.217591778261873,0.352120016789179,-0.635604220660392,-1.46292319619131,-0.587183435934818,0.647815486037628,0.549516655003557,0.816403785686056,-0.451451204069332,0.475398598467368,0.474888458943857,-0.0265749172364125,-0.200297161777705,0.307651616675562,0.650102249918745,0.846134526764129,1.25627576518515,0.7131953367195,1.52073419893463,-0.921942164214479,0.256660441727073,-0.152599100224581,0.331835390477695,0.612894563601623,0.812093402963639,-0.108429198015643,0.403071688264998,-0.114649115670078,0.374888304018536,-0.22205712273941,0.441769215517463,-1.06930350497103,0.399192672925044,0.383868800468405,0.254600119854382,0.964656198137585,1.36660750763726,0.176136711272319,-1.14760562719686,0.87141802548185,-0.871254522474676,1.55495084905537,0.75234982719507,1.05112953060479,0.708872570911343,0.00997523973456726,0.833626434194155,0.318800377335838,0.563342021945553,0.21703485507164,-0.100095822690775,1.02458649196305,-0.472214131312212,-0.0482190276922977,-0.704358968531263,0.303665545211774,-0.183009975862154,0.0322934190869322,0.697980652213455,-0.36079870470275,0.652991101236578,-0.504298188581751,-2.03051257390332,-0.534899406542224,-0.691283979117407,-0.202858904647083,0.543107713576882,-0.422296691854058,-0.941003607031211,0.617603147543027,-0.0729836866612196,0.0765137753265615,-0.226835110677509,-0.752409271244634,-0.011825045789118,-0.44455695181982,0.280096806887319,-0.116509662454734,0.397455203143899,-0.636901626812578,-0.283516218833295,-0.0281748570569823,-0.104031420870306,0.135480139389434,0.1806384362858,-0.493523316717647,1.4153998847708,0.0471819158338263,0.273160555367988,-1.72634953138622,-0.635756436777017,-1.0751468181851,-2.56949197837398,0.757973840612141,1.03879699819889,0.54459947894903,0.458102155720068,0.864359417097228,-0.378761535487,-0.429776252108164,-1.71198106749097,0.655857866469712,-0.932243497919928,0.734399559287142,0.663147415048029,0.633859259256962,0.313828524279116,0.0596782586250194,-1.78418984740458,-1.28276287503125,-1.99911563036245,-1.16700244244897,-0.583556658474661,-1.49226366444612,-0.925375379964512,0.273108842971798
0.927422906173932,2.04123185886901,1.38322987765097,1.25672311303242,1.48158898042353,-1.34659893380542,1.0700186200351,0.232749871620092,0.0918202917819712,1.1969015926364,-0.154464307498163,-0.717133318255647,-0.223768303168886,-0.609303506927841,-0.985813702139993,-0.632470132665339,0.711007190873054,-0.0273172978647601,-0.145603880567706,0.184349364076703,0.10038248754511,1.73661264470861,-0.6823345490371,0.0975474703883507,1.42172450617096,1.09818565227837,-0.408576550744433,1.46315906062349,-0.260273713332533,-2.07080516308911,2.67770003702969,-0.570830079476733,0.17312748946399,-2.41029780011372,0.0643971738982575,0.256529281161336,-0.0319388196094615,-0.0659446120289707,-0.310222198585748,-0.183764116062129,-1.05970212463412,-0.205402555371298,0.452962896589709,-2.2950461340867,-2.70187138021543,0.434996055867827,0.0884471356319639,0.180471011564331,-0.162261965973314,2.10294399625841,-1.61656943339833,-0.0957739361232074,0.208086256211235,-1.2445902684627,-0.144814936506496,1.26072481683966,-0.154227161780157,0.526014910122149,1.3309624471009,0.725813476651717,-0.622071642833369,0.96158514039889,0.814372482915477,0.364116437880513,1.16896905261454,1.0114603499102,0.305440975927448,0.445509354314231,0.810828706749419,-0.827289827507363,0.714835872834866,0.243185991437535,-1.51216337071895,-1.47118830388648,-1.96652267576083,-0.3440755908383,0.368406142977801,0.270320858983445,-0.279584448056726,1.13932969992923,0.642760561863503,0.410272457368427,0.0890852212823021,0.161489382757863,0.514890372035384,-0.741751697053853,0.450778889692962,0.70931166280334,-0.296223107335867,0.280151092717163,0.347509529274423,0.0694373418127455,0.000475638272560537,0.807513031508265,0.609405277333852,0.168293670101872,0.354888327455547,0.59964725816623,0.313975442359395,-0.658529431352072,0.419522684824293,-0.446084309470737,0.780321064822649,-0.0227894278523188,-0.0723860857546606,-0.35381577174371,-0.568735658220062,0.211869739431454,-1.28915115912801,-0.677318312008985,0.880943803501946,-0.31785080146056,-0.478537767416403,-0.0960558658823886,0.867483362327481,-0.204010345046718,-0.883751790879272,-0.0343398351707284,0.153776887554376,0.675327517125548,-0.315812232362948,0.0416993318978162,-0.0539688335564739,-1.16189840799609,-0.269625756863981,-0.126269125703954,-0.264957418957205,-0.313843995356608,-0.150534594191949,-0.494324365700913,0.0172677587970683,0.0375798997441211,2.32272798746297,0.117410774204958,-0.015688910490789,-0.112304099531678,-0.610316904501748,-0.658945476726528,-0.668291523077466,-0.209776160438119,0.17578734591358,-0.384252558578673,-0.398029443227025,0.291059752279346,-0.0126727153731923,0.327108670794812,0.700668042424915,-0.806803783376121,0.473798391180184,0.0931908993256925,-0.199822396490334,-0.779633590161525,0.0989476789239889,0.0692375500706703,0.860517074339264,0.772881701405172,0.962332934070762,0.888379946629528,-0.191577064963794,0.0162681631059996,-1.99723074056294,0.0507447495194252,-0.322655814374697,0.132503006478738,0.0117619464961089,1.82926517551643,0.965967311900042,-1.1020739133125,0.513604760400466,-0.690593505721804,0.2266955557529,0.382595760453604,1.64203951663002,1.14860864325043,-1.25920495179213,0.490298828288646,-0.0104132843584853,1.6307972056682,-0.862838486590473,-1.38612652599396,-0.549735310923275,-0.533056939132699,-0.800728590944945,-0.00349603669057331,-1.04043756405878,-0.0212698336939624
2.08778601657432,0.362746029612946,1.86472780660564,1.89683257496627,-1.32608398862657,0.497998453915621,0.768784192118273,-0.10256941547847,-1.72738336181296,-1.62435525579652,1.21158514452935,0.770712851471747,-0.48023925437794,-0.591727237334497,-0.0854497767207997,0.0936607737064256,0.778145644728137,-1.18918568032764,0.616436576610563,0.446707914636266,0.477672001866183,-1.17388181653333,0.351569355950894,0.356582927301209,-0.545070375104013,0.0420008523460924,-0.0279641850060116,-0.091555420714178,-0.615904887456915,-0.275717638649892,1.40642186370834,1.05138085169337,0.1789676184107,-1.63984314877938,0.0688394320157691,-0.572728468311567,-0.6173866056099,0.250589377525996,0.263366628145576,-1.26516268575441,-2.58481182487786,-1.10873632501036,-1.54237876477363,0.213682184441245,-2.42022947059263,0.3140369828936,-0.828121750379169,-0.249454435370469,1.31725872046415,-0.582036886120726,-1.22658199537513,0.457147477568741,-1.4149860357263,-0.282831701815043,1.18423597847635,0.668503628605658,0.502985781027993,0.507243462875064,0.296558704121373,-0.0203650402757475,0.629907651593795,0.816144361613668,0.364954866468608,0.257866038132799,0.546801602826521,0.468770616100764,-0.319428208664643,-0.0208948506101217,-0.502444526198728,0.762861578912636,-0.592735801578077,-0.0355405797707671,0.343909077694911,-2.20697600746025,-0.661682695516533,0.139084781156712,1.02896295441488,0.708215134413094,-0.481506175202103,-0.271740363300036,-0.236434678870367,0.0251168268462879,-0.130840448023325,0.67701252330662,0.925993724427769,0.0391049312111621,0.0530119589352024,0.0653740206753439,0.768900079732088,0.623914063988169,1.03874567740855,-0.808866108542448,0.522716684598939,0.517923931012923,0.349323748075611,-0.0778687099188429,0.154799009288235,-0.65040014078868,1.05123310207859,-0.729034941139671,-0.32882725007297,-0.333456462864142,0.254933765770566,-0.186594672676646,0.228096718497421,-1.20415941527957,0.180396286628245,-0.413416562251726,-1.89575843652328,0.0196079579421462,-1.49631187212553,-0.763974494193492,0.304775825964202,-0.380803442963732,0.0823154733636487,-0.519645816945065,0.329092735319775,-0.0716267643164639,-0.204508849382868,-1.06921681998174,-0.497911031444625,0.00897380434961472,0.517728919092127,-0.523157428325904,0.268127407836821,-0.860326045034273,-0.214179441919168,-0.75306251817835,0.484225910660791,0.536677462960733,0.471739933693744,1.79988654344236,0.938064557375645,0.0918262250203553,0.315593246591641,-0.559047870769616,0.278731822080712,0.0274726472613558,-0.0766682707385536,0.494921264652555,-0.297502178354118,0.169092322481907,-0.0301945738241751,0.182059725316547,-0.786392719031615,0.15905207858229,-0.593031618060072,-0.766198749605717,0.464124161120123,-0.730149605677985,-0.35053590045025,-0.426064122188137,0.538554470480803,0.779378232547636,-0.6230759724164,0.57275949603011,-0.680092786136931,-0.356196990946406,0.58222390842228,-1.41658866550275,0.677474957992553,-1.41098602453256,-0.965559828885153,0.595303835899581,-1.6559577314317,-0.319898281016178,1.37211507391484,-3.24419756208298,-0.451913287817502,-1.17612928631909,-0.571270942586832,-0.0108680194759637,-0.358899575180486,-0.486514527703037,0.51016085057165,0.494222153293763,-0.205736813084986,0.225870851768486,-0.862640169393786,-1.43725974918636,-1.58925104478509,-1.56461884004705,-0.43353153394568,-1.71221325018729,-1.4725673580049,1.7690077034828
-0.201071494451671,-0.162703201650529,1.13452243934277,1.09034280524112,1.11251291893263,0.540887457197252,-0.523849341308276,0.878076660413371,1.50547099065478,1.0363152395682,0.460586989500972,0.604412853706966,1.8297715871612,-0.185237623091659,1.23982620690712,2.31468574772422,-0.28838961074572,0.860023670589501,0.888413151584693,0.82852022720624,0.550157498478304,0.65324216871991,1.02804119143566,-0.32799357333611,0.00763086987563588,2.00164372085255,1.48464556098904,0.743171865504727,0.927230965815689,1.96191090209646,-0.366053438676628,2.493750315432,1.17824195254733,1.03834750656927,0.95638764977436,0.665534448087318,-0.145498104231587,-0.436937080500643,-0.366460051163869,-0.115897208851584,-0.436651316288308,-0.048059066646688,-1.9738731574584,0.458216033116839,-1.64447098236792,-1.615239849313,0.120706400190344,-0.572350616871059,-0.0542837475366292,-0.272325071084807,-0.891252121617956,-0.737055450989578,0.126747923308167,-1.38520408116916,0.275285368691949,-0.543285237089077,1.03529284715854,0.375588403027926,1.93153825051736,0.472903538260701,1.2086506389005,-0.644483458256608,1.0809767411124,0.109371675192706,0.783264659800171,0.479301965562044,-0.290716694049881,1.58790481530081,-1.26665164784655,-0.957584347067821,0.748686644295775,0.0308248224518584,0.958306284852522,-0.201065190304391,-1.52363175303454,-0.674194464444436,-0.304534638570124,0.806911966387137,0.235884819531416,-0.0192387374366937,-0.601098957971948,0.434097277431587,-0.229523008700985,0.682472777379475,0.130463776610822,0.336538660776866,0.665968601320347,-0.0956196450358601,0.408342426974719,0.19118501565784,0.791689349046091,0.992131577540982,-0.988231029167911,1.21322318117869,0.37106223148688,1.55309001828058,-0.788338793045372,0.57764893981961,0.62723202744036,0.092238479168272,0.275939229770314,-0.990096219034431,1.35142214790591,0.279435692807648,-0.703936274588655,0.356408053546298,0.239403389669878,0.90488624938734,-1.82098306853833,0.59835407464563,-0.0800457037676399,-0.0860028528638688,-0.610009966376022,-0.568868502321238,-0.564055493187507,-0.519235608825251,0.179588720560238,-0.635397444633031,-0.388453475405787,-0.0119969034740447,-0.238607186868177,0.939544086233508,-0.365329023516685,-0.362412406685805,-0.151640777360134,-1.1382861701282,-0.62638537469291,0.325005449806065,-0.394430852618347,0.43933362112208,-1.18733729077994,-0.818917194496666,1.14798611049361,-0.763794608973124,0.25661033951679,-0.890398248292174,-0.183923930234533,-0.43374631614887,-0.581754491285497,0.136338190455217,-0.225872154308643,0.387530248406775,0.212539341461165,0.771581230894685,-0.258693747303119,-0.839963502141032,-0.529161247889577,-0.746507229849935,-1.36796346058412,0.0457855734295396,-0.377664661582722,-0.35193747542609,0.590331420065616,0.219605283106213,0.0202901459707297,-0.104487521025856,0.0667808131711707,-0.613957657115691,-0.0618924330535226,-0.897313330601599,-1.91742788495536,-0.535287504289456,-0.770171250632703,-1.30688981925981,0.468460680286577,3.29158854721005,0.946955192922983,-2.09116573462919,-0.226256836452827,-1.08175132942959,-0.480818520572225,0.0776240434354912,-0.326806522517826,0.241350482044322,0.0410756223142095,0.361945326174135,0.542364204257676,-0.353005505470975,-0.842523674087156,-0.858361102321953,-0.223332829454328,0.594455423464513,0.637054008231471,0.0129886519743606,0.438799682705156,0.981892341588876
0.861869046072516,-2.20595368595018,2.9700934286575,1.66936914768192,1.41160234659352,-0.926879630480558,0.203483812407474,-2.53969919872283,0.751315296962106,1.06807110568582,-1.12509533747108,-1.32363884860605,0.835289276663601,-0.313151331019529,1.6349972403717,2.18893814390989,-0.804742405469947,-0.0356723512534146,-0.327817473693464,-0.974076949862825,0.00427342422142915,-1.07512373891193,-0.650460019470513,0.771159754507968,0.957131114607634,-0.120473344692378,0.451451406630087,-0.888589133902513,2.10908025954323,0.692009846480745,0.742845072063031,-0.580743845860678,1.37814309841,-0.244904288478758,-1.10604560489666,-0.456385657066055,0.147372787100135,0.445503964311112,0.5423509241734,-0.961329320106483,-0.886460799200024,-0.402493473651524,-0.358636380053438,-0.495670411079354,-1.38967453137296,1.67892583913376,1.35472259749014,-0.24489309267885,1.22577423215211,1.21314478025592,-1.613503267688,0.774301294670959,0.29373168391212,0.514852323194843,0.226505677730956,0.236438354919124,0.210217760310796,-0.433329716552141,0.587752159876241,0.267431064262579,0.643269807685648,-0.293216835840624,0.95040937753697,1.03027425729594,-0.610917557581651,-0.342574324176041,0.0780296430895738,-0.208966527652238,1.3546429253076,0.208987203596084,0.580880523429183,0.868591039828236,-0.289408749000487,0.118297910913893,-0.131781480364279,0.34521115794169,0.12976906968531,0.340685283291865,-0.219312024059867,0.387730627339865,0.509970534532963,-0.132217594456078,1.21678786100613,0.961560761027737,-0.357320201440945,1.54734113768728,0.96627111039811,-0.180485237290543,-0.322039492044892,1.04858540805597,1.29983759960295,0.645246993734912,0.465087095571723,1.12907192985096,0.750130447758491,0.683650436108823,-0.494532228471809,-0.210754524936365,0.861541946746207,1.11076716984804,-0.284159376846793,-0.0692135874627583,0.511902860588146,0.98973132594168,0.0653937801160513,1.80663757515036,0.50296904580722,-0.0447898482610991,-1.81956797087518,0.481080439623689,0.808257522751135,-0.245544068054298,0.243017950461361,-0.240282105511223,-0.672160690753742,-1.26918568265812,-0.584244350860403,0.255077582885135,-0.406827025432203,-1.29906930545193,-0.574730206610039,-0.880820251924714,-0.736645088999054,-0.0671030503364284,-0.723745378432346,-0.829710909131176,-0.890515808546061,-0.450406692267152,-0.208432094315023,0.369485410668206,-0.696015732935081,-0.336354296867664,-0.795135704865072,0.726559918597483,0.511472420520796,0.585556539256945,0.131473222549324,-0.13648010730095,-0.450322628340711,0.0138304825911068,-0.0158831546618488,0.249946118699516,0.155415462205821,0.575785578899765,-0.0778828734141796,-1.06023868360755,0.471581403013707,-0.0988462710688396,-0.443343989907898,-0.35246240140717,-0.164905853546478,-0.514238703305024,-0.469314714386633,-0.250386922129414,-0.524011824999056,-0.51463982692232,0.466764283266312,-0.684092643235031,0.391118905951988,-0.961587092398498,-1.48964686798019,-0.22419978200374,-2.37737190339951,-0.25633048273173,0.794884773688103,1.54194307032342,1.62975360995969,-1.01803665586275,-0.718096089521076,0.291814418340802,-0.00834879271611762,-0.120797940463874,0.141428797810667,-0.702748883392973,0.348013148470611,-0.613648236341945,-0.036567456903692,-0.352535724162737,-0.930005361508177,-1.48891263545858,-1.85838882583836,0.408720389543894,0.16715785827097,-0.647337133148146,0.170160357338106,0.375332356772664
-0.3732225300887,1.33298360100456,1.81341603700169,3.31297762513333,-0.598947077831028,-0.353819389919237,0.00732643903922541,0.0746345738065335,0.362240646932843,-0.450369599299558,-1.273720430121,-0.0460688991864567,1.12704811454406,-1.02951635804166,1.75353967510228,-0.960361566490034,-1.22920253756379,1.90517988195773,-0.447083766058094,0.789589319167876,0.565779244766349,1.02196995102814,-0.638265637334129,0.565517222944177,0.917140460733369,0.535754478976167,0.233256534993763,0.933150876178599,-0.0373245933348521,1.54349484070969,-0.351796729702615,0.381687488372022,0.12618797623738,-1.14942889936888,1.39209598972614,1.53315797989361,-0.110966537396253,-0.831512708052987,0.437344967476393,-1.23571070654795,-0.187288900989344,-0.973407018572182,-0.787784985438465,-0.798769962768059,-1.40938208249716,0.866704337471285,-1.82756007147925,0.818597533752276,-0.180905391920114,0.565595278598211,-1.63823928480615,0.448073341055679,-2.50468814460222,-0.478181365267195,-0.11593328655779,-0.871159372145815,0.439379227176357,0.0796842974683374,0.185558885508288,-0.130236401057492,0.314691730996332,-1.06135617812984,-0.455850729114043,0.375979912958358,0.506699866329621,0.826645009076623,1.1683930841483,0.194313957697953,0.682956283226722,-0.861389716111435,0.174965010365374,-0.662824055034408,-0.911817985356839,-0.310239836624636,-1.52903403423313,0.453727372372254,1.05239281174529,0.689712878048002,0.015374544606753,-0.777829714247125,0.00942480470184552,0.288730480047966,-0.244951839592696,1.21830242680509,0.730474740114335,0.958262649334157,-0.0586516761684039,0.731836628594788,0.415801438897011,0.0990699379574757,0.420890194562081,0.67707193807127,-0.379010713866783,-0.518904964906795,-0.496733745811312,0.216617498060085,-0.630132291933542,-0.824055226740896,0.86031713984084,-0.0162677974740246,0.556016009451335,0.799237686950077,0.502016458010607,0.713402069346679,0.432635405146122,-0.416085470878188,0.40409225911964,0.13532283082728,-1.69644945586394,0.274901088672714,0.609043656762653,0.134382863829759,-1.33490905461062,-0.295740537328471,0.15379486000668,0.262868270929405,0.246986642443554,-0.263010202108,-0.674371793743132,0.676591554095312,0.600706032733482,-0.492297418051701,-0.655042932000499,-0.473821972592635,0.566650094212431,-0.520991177352086,-0.137527331233005,-0.488915379261011,-0.424752958910016,-1.34153062621955,-0.67987061717666,0.112155013265128,-0.444030036629423,0.301429782650698,-0.0167170939615961,-0.308445515993603,0.498156188120124,0.62225308989638,-0.534692985122137,0.446827371481974,0.739257495890936,0.530753764459993,0.15284167451549,-0.192256630297372,-0.0920538477842156,0.378580723277059,-0.786268599145054,-0.152631468564401,0.499084712378585,1.18180168703248,0.917497445935189,0.166592988872342,0.654085322158918,-0.20804484800157,-0.267461242523932,0.348809899028296,-0.873028071794133,0.191340620605678,-0.922347475416176,-1.32627462042706,-2.21276282202588,1.42025100471493,-0.944264081143475,-0.349052365190317,0.0183032112419869,0.378983473252066,-1.58210548870912,-1.68916334843574,-0.54488387130983,-0.184733290779787,0.0415040667592151,-0.176675805904319,-0.652273787521091,-0.345770355491655,-0.149321022138216,0.273721612716273,-0.0869739465444149,0.169343701850555,-0.0131607619422516,-1.51271406452414,-0.593140790059397,1.20844253124366,-0.269807142016163,1.0435870956261,0.0960825682236664,0.469324279589717
0.493959595610794,0.073840876553349,1.22629394362257,1.0741444983268,0.6528335241247,-0.477040934055327,0.981591643509606,1.66584123765697,-0.14744029130801,0.182194430715013,0.413717521702334,1.05482485966942,0.610055347181402,-0.925800044164047,-0.160116376405478,-0.45277720667644,1.06179402781147,-0.804153050472429,0.621345964485304,-2.03009361055808,1.23479814779752,0.892750732330616,-1.25286990158092,-0.987979097281235,0.372148601526683,-0.497037854914923,-1.17870641322925,-0.815105199477099,-0.1272904265452,1.15843091125594,0.235338973346286,-0.0969787888823279,0.302089023079392,0.761162543385949,-0.605648135005993,-0.148326166303778,-2.36914627465383,-0.597535910253405,-0.311121013797914,-0.732051536374702,-1.52777333829947,-0.403659190033452,-1.83890160777802,-0.819873396357351,-1.45050758657608,1.54964194867178,1.12561518969427,0.914266627549224,-0.677699851117209,1.7285875259171,-0.540309984921189,-0.713477648631186,-1.61990408251324,-1.24287249922357,-0.0754504947415893,-1.0400581342727,0.180709791653191,0.800244549544684,-0.173652672387438,0.343685546884639,2.244221372353,-0.892155085139979,0.618167662054102,0.473062889999353,0.585788701948488,0.319431152482144,0.260104785471862,0.700955542455105,0.970569661706457,-0.675882136725686,1.913170797189,-0.133803262602986,0.332461722747336,-0.843224579921658,-0.901278201641762,-0.435413875459957,0.871364038087276,0.673259494165304,1.19400391764982,-0.379303770261061,-0.884281330114825,-1.03040979265092,1.75224427135448,0.575275895121758,0.503752940466069,0.998350902745396,0.146301361477661,0.52986640454975,-1.39521721933542,1.35095504040524,0.941865678993383,-0.255031790835752,1.03022939297976,1.59489723153473,-0.253976082954826,1.17267448213949,0.311230426855105,0.0322542812368421,1.18724760267595,0.218579362950231,-0.0543614294924831,1.02896462858966,-0.140660876891072,0.214879373091721,0.000654771585826582,1.57014948534926,0.365802742684398,0.0662767706487048,-0.0253556809869383,0.309547508257094,-0.0831715002912207,0.789987099802298,0.592470524333486,-0.143989192906086,0.842966038978345,1.06976817327645,0.590840770993312,0.32011729724888,0.396983740818709,1.33149931919107,0.564574263714669,-0.383703156648748,-0.134103353590733,-0.292632863276672,0.0942469141273713,-0.17889816498974,0.0390500539227256,0.603687323856969,-0.318326426457619,-0.907016780835604,-0.543334974318938,0.718576298627699,1.39911039352233,0.315366610568497,-0.317435696500534,-0.767444563327106,0.585129026835242,-0.187482527715568,-0.293065506533851,-0.282578512932266,-1.30900834584286,0.152773333611422,-0.39987986477751,0.443290486965455,0.0377112819362738,-0.075020052423829,0.286886163876,-0.508553242960326,-0.143760013616782,0.140645104937094,-0.854129335547329,-0.91397840962858,-0.230561517625592,-0.0163601475239053,0.213291579976482,-0.00334522525675155,0.0985388815062543,0.504289397538263,1.06952217566538,-2.2292591163726,-1.80509771117513,0.353620561086403,-1.18020984911692,-0.584441291433251,-1.99739259686901,2.13055784875439,-0.137836047265379,0.174086997830826,-0.341042970733233,0.00913656468030745,-0.145793833121111,-0.13625178579459,-1.32314042451976,-0.893088473081004,0.510967732983023,0.0965797463005397,-0.918162638336852,-0.954131455957669,-0.317183477257274,-1.09057338433422,-1.31286014617309,-0.872947564054178,0.160331041913927,-0.73398303163066,-0.899789901250179,0.99249691231693
-0.116088553520798,0.667239823925315,2.09720124601998,2.88836731767939,0.787823134569972,1.44579379080786,-0.7303195363725,0.869681038700136,1.20914098389093,-1.50457351240384,0.375120250601557,2.94398570142653,-0.113747812848635,-0.160888437660039,0.775796197469964,0.764661404950977,0.42129226521196,-0.722586161895717,1.02649500016389,2.33612333057372,1.29241492304198,0.00930954151353955,0.95650351687194,1.81046909657704,1.29615145372021,-0.46050542356885,-1.02530800401731,-2.26838312580527,0.889594932009062,-0.780209744609217,0.568129684357049,-0.0163701598349924,1.20637798349699,1.69634570621056,1.4723580580857,-0.102398088008082,-0.213513978657043,-1.94904063228068,-1.40238616207573,-0.59489809644989,-1.92770879912413,-1.25132192052847,-0.811329258111767,-0.321660326069795,-1.32022841493309,-1.49902964383454,-1.38753420495237,-1.33663513961607,0.218400277300948,-0.0546544703425029,-1.8790659060358,-1.91937145122263,-0.508340663316087,-1.34168647791333,1.2338424939863,-0.189598572245059,-0.345157902360655,0.0763460581235688,0.876005715636663,0.0128405337569497,0.0624781449660982,0.68551821254427,0.142506901241559,0.614770264477696,-0.0161794686385913,-0.232556882063627,1.00144457271984,-0.199379937859845,-0.634609202210467,-0.382834469861596,-0.950809684955581,-0.531638135361794,0.124572141636046,0.810101591309525,-0.167521260889779,-0.428870365775918,-0.13596918452755,1.47126598609435,-0.276337302355055,-0.189361221822006,-0.343323004107451,-1.65101680235838,0.56548942090272,1.52893515386188,0.739018563553567,0.32464115980735,2.10966082248864,1.90870607394886,0.277799039485441,0.32888376681296,0.318922282528671,1.43521183807519,0.955870018060079,0.895813432153591,0.0530169320672226,2.44053182626136,0.137114754904651,0.0338205747147258,1.09424633286653,0.4931889443886,0.734375402834372,0.727902997290401,-1.24753663915258,0.304918579012008,0.553427595741375,0.279152588929242,-1.22245648198495,-0.2982915599065,-1.26973247595532,2.46519292260492,0.534067873453914,0.133596477584579,-0.65006386622764,0.352629330940942,0.70076720748709,0.508554929002226,0.186190581621275,0.273201762276338,1.11158757973909,0.160105320206034,-0.19262621868731,-0.375311520613569,0.394484550483632,0.1044979781111,-0.125632844965532,-1.08637130472746,-1.14803251487027,-0.897297215739339,0.236428852460685,-0.118899691758577,0.152061769895108,0.875347675170802,1.20096487848638,-0.502004195216666,-0.0253618668641009,0.880757041236193,0.385267494789332,-0.483623211590072,-0.330072964930893,-0.49725308103813,0.270404078451716,-0.5929981205045,0.440753374079879,-0.670245600199721,-0.167625981733818,-0.192041332962999,0.313217475954253,-0.303520979539927,-0.587642089214603,-0.666942650522533,-0.623199246161504,0.190200515993431,0.242763590785968,-0.0998056205267833,1.29407606880509,0.19547469905456,-0.658525193185972,0.0560208263895153,0.0871996181029771,-2.03853345807507,-1.65644264484127,-1.75995120421103,-0.820853025502805,0.427620606593861,2.18339157982851,5.73608438418059,0.726190434747492,-2.47826405024896,-0.248637622409098,-0.700172163581345,-0.730163206553467,-0.828303037784466,-0.360550795427757,0.517291218705834,0.29841686618284,0.731747899905453,-0.0727676717109668,-0.460949802527649,-0.0576786044467709,-0.233947603838461,-0.788989587107449,-1.09664534804282,-0.0849011061205811,-1.13223990768743,0.208990056922134,0.773148216674992
-0.493470994722052,-0.452046766151045,1.8883243282595,2.11562959028124,-2.44316750933427,1.75600542172353,-0.152430031940659,0.257628963893047,1.02814376614002,-0.291974960055911,0.495802128022033,-1.25915728611184,-0.0365683127542816,-0.371238665693408,-1.23441129452404,0.283975650379928,0.219576451628996,0.285718661871754,-0.473795551490994,0.81418549306703,0.0791580461315377,-1.41056549260016,-0.221412850736959,0.480260004080408,-1.20836844238782,1.07971310851006,1.11649014696766,-1.66777699290611,0.20875098573054,1.8391650527243,-0.243042368414037,-0.240880654914389,0.809626666325483,0.27814085250956,-0.737781348241357,-0.883703052514086,0.861741167385767,-1.20707176708024,-0.72791065538874,-0.779445358633656,-3.28385109753302,-1.01960972494116,-2.2037982828306,-0.848981070199868,-2.332204586737,0.0440572528284237,-0.124388933053876,-1.76974543399639,-0.437390791208088,-1.0462846529401,-0.119861376881233,-1.52486282833485,-1.44256227665209,-0.993728073414874,0.183281585879319,-0.281122392775942,-0.729711145533093,0.412567730372586,0.430743815946115,-0.591596087179238,0.20313432022679,0.479036290063554,-0.586312429900472,-0.139973497689546,0.749736223538433,0.234367303695759,0.872330630808842,-0.154795820340464,1.02219306094367,0.143130501413497,0.513272327049019,0.191286861171983,-0.487225713456101,-2.42002951278354,-2.15576797904135,0.555717267105174,-0.147478256647806,0.116930955339183,-0.193953768394163,-0.0372561716770729,-0.685316408206292,0.351879651069329,0.612086368968187,0.298435917790047,0.118858861110229,-0.744086142412621,-1.03328331730145,1.20782827716027,0.635936194117211,-2.20327807321397,0.64737086888762,0.114413688822799,0.470485137129507,1.62129667744801,0.240140628365511,-0.399502315006617,-0.809203526810723,0.757274887977033,0.637351972620282,0.553843482622675,1.0291008346831,-0.323419050478243,0.0308645993850534,0.00757427210961306,-0.840654853640515,-0.433704699474165,-0.255788123077112,0.54261830337128,0.0354662637230797,-0.62915600256678,-0.177198684025129,-0.936563865189576,0.0838032963716184,-0.204524008932304,-0.747262368223651,-1.69052875566959,-0.339222895295223,-0.573201262772557,-1.30631113667504,0.568836665605716,0.14140226469019,-1.2226988462281,-0.31611531038277,0.250479665031223,0.22285578327632,-0.110350245194174,0.426705795264486,1.224575136183,-0.982692882587576,0.404362054797639,-0.188742039027499,1.45626887636586,-1.04398094011049,0.423219365407159,0.75614167685631,-0.869887890289161,0.283249641704426,-0.34609335537212,1.07216189042259,-0.103234981628091,0.00557943260963083,-0.881311105156675,0.369013532671675,-0.100490278091462,1.10675017385954,0.636864725560447,-0.0161922631224403,-0.761770904800091,0.521833215470606,-0.600324747823263,0.257968426714227,0.344188164076889,0.502136812136864,-0.0975609123884492,1.12609006416996,0.729541900237245,0.465552723320631,0.249198310580255,0.972176557772907,0.362524590780958,-0.292458094312227,1.3320756971533,-0.543573130629933,0.0880561282035656,-0.425476044301559,0.135801367579537,1.9015775288575,-1.36890175889625,-0.970835530380539,-1.88066117821921,-1.10595277959307,-0.68099315664188,0.505810535005078,-0.515333885834002,-1.67316514303577,-0.125350691239495,-0.28653054205868,-0.457913009208893,-0.229788768968947,-1.13285094438517,-0.353574598253573,0.304240667899439,-0.906609074636466,-1.31625263543338,-1.16545788757168,0.234913808903073
1.08861110252162,2.97980292306022,2.64127357148382,3.47918197961549,-0.637864759260772,0.570645665669008,1.39155454996747,1.09546823734477,0.577604628831878,0.390956241054032,1.51262714940158,-2.05362353623937,1.45406496154727,-0.471399203504621,0.681203938543821,-1.8654006235664,-0.695451991207984,-0.72095695371479,-0.0806901836042476,0.589994079337915,1.45749708492709,0.0649743924058505,0.921895154292065,0.941034563139845,-0.319753975185452,-0.476396495710608,0.0104649659557207,0.995577842934863,1.03499913806006,0.0958504133698934,0.515173155819491,-0.0819538882610773,0.34466842079802,1.48469573146723,0.22775446804963,-1.52647099484892,0.76451994245222,-0.736981518642068,0.274085088324966,-0.868896154360114,-2.0101840450955,-0.286724426061839,-1.68468886034946,-0.332784515436296,-0.555253294309973,-0.460580565879937,0.409960053955076,-0.405322085626421,0.018430389528375,0.0484421989300996,-0.52717822781791,-1.54889557706892,-1.0411814389183,-0.435830861462118,-0.339365045118086,0.325454243768121,0.577320653277984,-0.272112498046487,0.385010056694715,-0.608746864165823,1.33327897659991,0.361993586815929,0.245426641216362,1.19428688010818,0.753346306757888,-0.0907131731165468,-0.150600469890647,0.0191285026713289,0.645672955862696,0.0734547339629339,-0.377934789968681,0.816356992547622,-0.50321658127996,-1.1840641490231,-0.48075587535196,0.891642327882281,0.254039912834304,0.82359103789883,-0.275747236087841,-0.307953702481399,0.503653073216519,0.950224378929855,0.942396568365727,0.794884191688123,0.181428686472268,-0.525088024168999,1.70760901892166,0.385704449615531,-0.0717703689792558,-0.0791628180412978,-0.522642340548466,0.244603743868938,0.382936169947694,1.15884845043018,0.850785422869701,1.05264122652265,-0.383253753889942,1.07150898944596,-0.127626341374392,1.07816207728185,-0.153595974480112,1.03587652030662,0.250162141444344,0.377017336596134,-0.684337052461217,0.0134471082671173,0.304366141338365,-0.131913311307325,-0.716353260013913,-0.871117946048144,1.18579731143589,-0.148192732597066,-0.198944743262388,-1.21445418104938,0.102232908811704,0.492132826465617,-1.18586558435186,-0.293926866666465,0.0879881070832694,-1.65240227677909,-0.540148803598918,-0.0993150399069654,0.251095623820525,-1.01859064024481,-0.69909429837097,-0.599775056919623,0.268864387590304,0.363531722171715,-0.301821638640773,-0.784362503530119,-0.368975893804054,-0.539088775687713,-1.04295184757279,0.0237820842145715,-0.00595332236618273,-0.0929992511484713,-0.263071136115622,0.158901578762208,-0.28472972546732,-0.636641398797489,0.94834280471734,-0.017125272653881,-1.00027230351015,0.335710017419089,0.312752830322544,0.319592522677122,-0.278493215665462,-0.071972367554643,-0.12705373135529,1.71346998169874,0.303133379682357,-0.610342170503958,0.0266402658876013,-0.188387519667857,-1.13001112672073,1.17467684472173,0.926435680980394,0.470801571969796,-0.874679565819315,-1.05566307736996,-1.09267988066287,-0.759286555516004,-1.105871329182,1.28915931002608,1.51681732805709,3.84662904947456,2.23441904546211,-2.42611033220294,0.134028419499892,0.383626907413887,-0.089614682341484,0.602646631917159,1.06042636766973,-0.0561410581868002,-1.17976306596942,-0.740591821507657,-0.0124183754381129,0.609636072841356,-1.71670566288877,-0.0712686712277383,-0.893974164489049,-0.508977069008516,-0.818349827844954,-0.0889886960415797,-0.187118822027284,1.38086484336038
-0.411446497739232,1.08929532747154,1.63370768828374,1.33809775188342,-1.12831016948441,-1.42152632301965,0.0163344086692594,-0.0507960278241251,-0.992205614016949,-0.998498530961882,1.44495666736855,0.0208689689947466,-1.70820119523592,0.711592218945841,-0.3156387829237,-0.17238020214455,-1.4235250583273,-0.685071122752627,2.0728912468023,-0.622322520450627,-2.20885341081975,1.40488622983065,0.872563460947318,-1.20541709560538,-1.27415863584499,-0.0595583019053105,0.21098259727196,-0.576889775687608,0.725658660710222,-0.742380990975224,2.30730037737674,1.46627225502031,-0.478282173766835,0.909607328192527,-0.91426227210516,0.163525894858381,0.43780012157272,-1.15820187206942,0.168794464663914,-1.52513848451458,-1.69009537058967,-2.70357366928338,-0.653295690861455,-1.40483664042238,-2.17423065898446,-0.706923318207012,0.470705128273003,0.704997329614475,-0.421118885499938,-0.356927728534495,-1.40022443206976,-1.60044729654993,-1.32797905069762,-0.356625028402429,-1.15652581454674,0.683119084272559,-0.9121114696499,0.0306934368145992,1.20808587265616,-0.113256740592339,1.14462779855583,-0.0149657183335172,0.188642667642528,0.34755318511267,0.18675188007015,0.25938121297857,-0.311196006980943,0.42595865521454,-0.0936447593780374,0.00240593947680813,0.703816321725083,0.393224336328808,-0.208971289712376,-0.00239157774629366,-0.628892920201156,-0.0773262474173807,0.520404835947724,0.462739404085527,-0.280205472915521,0.700939861743687,0.0600302212696586,0.513047533209039,0.338034179966538,0.450036623165381,1.52778431968041,0.0149576827268216,0.22838939081963,0.881847789593947,-0.0454505982257383,0.429767370723967,1.43100539848252,0.66592044290109,1.1121776073965,1.12007302861377,1.53966894677904,0.159924711221259,-0.119585764858524,-0.0848136172995856,-0.16098966313772,-1.35850115501141,0.20775945708292,0.190797259248592,-0.787648448697395,0.151552051043721,0.986197965216419,0.699367329456745,0.693136426176329,-0.286507321368984,-0.121159031145592,0.355960293428818,-2.25399167532624,-0.101892158631104,0.951822770952307,-0.51574563235771,0.529762791731075,0.88041015641435,0.540996603111729,0.523625937397727,-0.189781505130409,0.570763557087674,0.172223911162334,0.379540278114733,-0.309286285995878,-1.29020437398687,-0.618177351814525,0.0181867314558057,-1.09156959568202,1.34971630607556,-1.51444671911243,0.518016286797109,0.593202278549616,-1.34087541506149,-0.457356725463543,0.388007586963944,-0.192832790918926,-0.529814740546948,-0.305830887414349,-1.17224755443818,0.00335770653659879,-0.253337215318529,-0.0797999224361552,-0.64484068048586,1.24242691191804,-0.232906659628789,-0.463179263584626,0.05313003510056,0.166870523042439,0.446998908049028,0.160312129382317,0.209455900738152,0.192721652782838,-0.00280876667734314,-0.607114112784041,-0.226821650269268,-0.760895780041989,0.885739728379934,0.304899752198333,0.426885762239578,-0.351921018704558,-2.06123704926254,-3.47626848825309,-1.74201235598196,-0.549405294874856,-0.214310137108096,0.287526772722363,0.119938061216185,2.98369832631846,-0.980406890791692,0.371133862360814,0.0457187233748593,0.0594188967550023,0.106465764318846,0.469243156804372,0.740446254731829,-0.0997979370803016,1.11738959996186,-0.28433660659035,-0.900123662668574,-1.60082957788455,-0.720016574348833,-1.97390699904646,0.09388739873103,-1.2719604086979,-0.569009613349298,-0.114332960421238,1.24861338313388
-0.322805116752205,-0.360391705481711,2.20344322979402,1.86925842095051,0.193705602174344,0.809568139625963,0.355421393723618,0.505939937702986,0.792155458696396,-0.787309989217701,-1.15875211847511,0.110687299283389,0.235306893355942,0.843065480792102,-0.364302659797551,0.820743425056547,-1.387344704721,-0.157830197962768,2.11992143773493,-0.415555027837053,0.741979003365966,0.908929997014935,0.462636855830024,1.12812692287313,0.368541151274895,-0.38652863709853,-0.589174956860368,-2.16880246237454,0.193648724611392,1.69913181538726,1.76960329230472,-0.14791884989322,-0.820500816245667,0.201166612315106,0.081076641678404,1.10258793328761,-1.14855062254363,-1.20079369210016,-0.693178731818728,-0.792816837794441,-0.187259924282068,0.0214131017363084,-1.43875070164661,0.546716631952627,-0.294242220711258,0.586357008101723,0.291654895945995,0.973279083940514,0.708665037286152,1.81152294027997,-1.45506374738474,-0.113233400353541,-1.68212148699394,0.201865767088928,1.06489429152952,-0.348654389415712,-0.242283082375315,-0.644706214320909,-1.47640483521035,1.97403380054319,-0.0344824685469988,0.721509236079993,-0.0371048746396831,0.0793130276326161,-0.398448685043699,-0.720235386960684,-0.966644052217402,0.136134894406004,0.524571495473269,-0.575169407796151,0.0142867195683086,-0.42534551091607,-1.18821035898683,-2.38858497347713,-1.05683978547552,-0.0557104276289581,-0.222060959850877,-0.152331147990937,-0.232549760638882,0.456658925104141,-0.0484596192836984,-0.0307499902985525,0.511281917493727,-0.0862287713868353,-0.599712268601336,-0.0756433207069615,-0.190092593770493,0.147297414346381,-0.144843046250287,-0.761891731201014,0.783092414561503,1.32884402805741,-0.594559767383725,-0.093641588835805,0.47743316270989,0.482593184774914,0.296272866540748,1.0697946793356,-0.753617431337218,-0.207370922529284,-0.827418068099943,0.90834271034703,0.646275786682201,0.783637224365669,-0.385537118652829,-0.0126289204093952,1.82699561655762,-0.09719411179218,-0.960769113424042,0.966666762675729,2.64518936995165,0.17746340913518,0.622025696678987,0.63756276075447,0.544466735593967,-0.409647230911026,-0.313423965643081,0.878480987125145,0.311152752100318,-0.379137250002866,-0.719432964328742,1.47427497225923,-1.49322873823948,-0.20947074770724,-0.0498156630897343,0.265122504822731,-0.700443079885167,0.138761196258876,-0.366164631692139,-0.820038427861048,0.541460166426527,-0.261235566522139,-1.77046396594885,-0.65097075711718,-0.108247147584982,-0.322186097567295,-0.517569968761766,0.322398453549485,-0.278223258256484,-0.878562818749716,0.637019772636098,-0.836302142906212,-0.189653131771944,1.3419074794593,0.280020369728782,-0.83276501719565,0.467989185379144,-0.584569537180613,-0.0920359474160823,-0.449136881863442,-1.03818517707227,-0.69238980526112,0.195094544672863,-0.229514396509726,0.68759019422755,0.98883578693307,0.920563158491881,0.486684660722518,0.473525571911616,-1.48242401194684,-2.3334780931229,0.637363244060597,-0.75246234277455,0.969318205786724,-2.12783494405689,-2.52789839359606,2.59439773533763,-0.232564442667188,1.50226110050295,0.0855927492279744,-0.242731867891874,0.20922781923091,-0.493987705002696,-0.78435555335726,0.0736793144762165,-0.664487864412371,0.105670627691302,0.557914211426626,-2.88780051848761,-2.17820273736132,-1.24944573318557,-1.17168504325352,-0.398350404983883,0.804084180474263,-1.31340509450558,0.090950236177801
-0.612099198065938,1.23039376982456,2.13637592421101,0.910274025113794,1.31633061312271,1.59272711716152,-0.142808197835535,1.70575871445587,0.794675552183342,0.379402564838351,2.81136837595934,-0.397196882883668,0.951968097085887,-2.14139456534845,-0.950092993301448,0.124444925888523,1.62653878600745,-0.324971746417234,0.517256413553712,0.418225911054651,-0.111589796739311,1.59133506839568,1.1517334266294,-0.411189442853439,1.0243908400846,0.225943565196534,-0.30128714711881,-0.761584415954072,1.16964523777508,0.596811418810299,0.0370370687522153,0.270318872245467,-0.458631874260674,-0.39607884875694,0.865616427611932,0.896620534707047,-1.41728958014951,-0.302391497540867,0.192222859590652,-1.07182684299872,-0.0507834639202856,0.218638371321193,-0.911945198149469,0.275036280582195,-1.94041843864707,1.43213684778377,-0.556870246326915,-0.859799596597814,0.847142541656776,-0.369937725091633,-2.55787172005541,-0.550797864571342,-1.71087576103067,-0.982530931896683,0.444761469576188,0.0864419309425747,0.416390615338653,-0.0122175177921558,0.925126343073794,1.26810494492745,0.109029604789413,0.86550905094123,0.068753117185232,0.191579301559604,-0.136426549763634,0.345324246763992,0.731109398811668,-0.00830422642793856,-0.158296709979985,-0.455787178124367,0.569852538030687,1.05129286194622,-0.611520708625532,-2.86464161589637,-1.63624293080043,0.319727060164414,0.688287466963487,0.0404281159813671,0.512358527265828,0.419574342774261,-0.293691878918988,0.317508125802582,0.685839534178322,1.17762407338189,-0.127433273338166,0.301199672795107,0.992679472264396,0.739650477134827,0.32974267136764,-0.237313055238431,-0.19707812434002,1.23321545960737,0.783576178274858,0.300425091074409,1.34396449523516,1.5891880415231,0.291874774015554,1.04399878253164,0.0426509002254525,-0.759393386305085,0.58441675485064,-0.658982608723691,-1.16084110848951,0.277582960107392,1.00273847047322,0.110865793619872,1.11354416665219,0.474626644920598,-2.00482045424919,-1.56228677769842,-1.62397851317744,-0.942251183492033,-0.357727770645683,-0.0644008567993781,0.984078034120495,0.757136705906496,0.151829204637185,-0.522328363263224,-0.104520106700622,0.171176249839437,-0.195038601402421,0.0731487214771398,-1.06106564258675,0.809684285746068,-0.677449288910226,-0.360032859015793,-1.23335216211778,-1.40871631575445,-0.601486580676544,-1.01710972420074,-0.414799624177459,1.55842713389563,-0.486365929538775,-0.584190475276376,0.319488149350895,-0.107828243432525,-0.204608437553676,-0.539556112943184,0.310855860742215,-0.788578458226463,0.772725597092492,-0.471176732916138,0.119428249955241,-1.20721698518354,0.0714857083842349,-0.830906824631548,-0.150350233045986,-0.51223145371533,-1.14408688573323,-0.566045459530589,0.461607659962446,-1.17921025932344,-0.834294696321145,-0.267027004493791,0.166356537616739,0.588167701543977,-0.297377436651826,-0.366720190709667,0.526133946333233,-1.50789485116324,-0.184013600200392,-0.479238962560486,-0.509831215802423,0.340473125570801,-0.0742386572589377,-1.63918936676246,1.21020951902378,-0.405873608329597,-0.219109269401679,0.0472231639082706,-0.310150015259346,0.0426461845144966,-0.403172250380016,-0.748911134526803,0.630865979684223,-0.80157754075003,0.0542231912881639,-0.250270133319518,-1.51244464711888,-1.14818702194011,-1.12701220160343,0.441916750933234,0.420640871656014,-0.479785051790778,0.365782893411147,0.995010048569657
-0.239488359675835,0.34714001057797,1.46507825418562,1.2972667029801,1.22269891301965,1.22740240583352,0.563232389030747,1.51236439106202,2.27858046466072,-0.195621679172676,0.894589124561847,-0.6408114076501,1.28244717008701,0.483871599522699,0.149509765703455,0.385079258426107,-1.39649206692532,-1.49624432765704,-1.22448921402638,-0.36684494133814,0.298595785706614,0.846656075427148,-0.454433933287784,-0.295905623663104,-0.814120804182167,0.276078245651017,1.62394974098286,-0.470124633718582,0.347766415216935,0.949901267335747,0.408793146776595,0.335312660324847,-0.448399970484161,1.17501404929439,0.153726706978158,0.407078922273796,-0.296655074779375,-0.91616990237709,-0.459687538864606,-1.29063017706945,-2.02661034380978,-1.22258982286757,-1.80374573974014,-1.6274839293665,-1.22251473766407,1.23364529546928,0.188808490623036,1.35113558945343,-0.764360273337181,0.906840096415109,-0.0558457360130258,-0.920458121288926,-0.786773872480758,-0.582657786172661,-0.442691019306479,1.30001736887367,-0.0675866971894675,0.988689844588662,-0.222518214104404,-0.0369304894486072,-0.670044062292466,-0.265321393276711,0.389927148766521,-0.619992716033759,0.0572362268245597,-0.363900064475618,0.0367613772710732,0.267534520138232,1.13734854722557,0.365407413543359,-0.469725676459491,0.0712794399285874,-2.08341656419811,-0.813041837222795,-2.54877226341433,-0.237789058713378,0.902669805856321,1.54536256963478,-0.485251391802402,-0.338670530791505,0.40501894215057,0.298508408308852,0.7932674476608,-0.170414278934904,0.237971140795069,0.539666781380734,0.471715560350031,0.474137985076488,0.612495552655235,0.728145003506093,1.72948023075789,1.02638734999209,0.624821734515145,1.01160648816577,0.303940641914559,-0.0785269059749793,-0.394288043825331,-0.53613618670343,0.0786009118130199,-0.309534032049825,-0.758992023363693,0.00767464716353411,-0.0745390877224078,0.199619872912354,0.671607347795891,0.36461149881567,-0.821031684682922,0.434628034048832,-0.648182505342284,2.63635729853857,1.23839297688013,0.324514286732206,-0.0444439499118877,0.111846360570537,-0.256120928911565,-1.00036502970694,0.169351653475645,0.408185009858454,-0.359678313681488,-0.593787575777241,-0.487714298737396,-0.034163672844806,0.0716244047667351,0.751854696253667,0.427625132486252,-0.192533977941722,0.143566726765874,-0.47831839114425,0.517913545485463,0.415139167591761,0.77391496876316,-1.39222002072313,0.592170779912774,-0.530287452637865,-0.108667227734293,0.598446983444784,-1.33553442339987,0.595804839234089,1.48103064012877,-0.476542755718776,0.430305086121337,0.296652415306522,0.188045444592685,-0.130078542716213,0.342585242503402,0.0289131537164479,0.0283550474763297,0.318178444818711,-0.29718822789057,-0.8220624189013,-0.243102536874941,-0.10480035303282,0.0150330504644237,0.483748616013636,-0.115259661674636,1.2556708135372,0.114870801110928,1.49446981215267,-0.879854893167837,-1.74636682064046,0.489257766297937,-2.05746930077963,-0.495037884548742,1.34761938967226,1.46419546901968,-0.0855636674149579,0.3788467069789,-0.316046096495798,0.475760126416587,0.373608902523642,0.115420756327248,0.170290148407087,-0.0890431881945234,0.052642806787872,0.70027023522035,0.414310805755268,-0.800440348025553,0.824862945460996,-1.24984321417432,-0.973793976172068,-0.820902729208539,-1.6944170091806,-0.156225222022988,-0.298098477594145,-0.543654636732931,-1.13607676169097
-0.671854412901587,-1.82987965993914,0.740877599996761,2.16108990018002,-0.559617355871582,-1.60246179017692,-2.29578075687961,-1.85739523243501,-0.416774254584304,-1.16153390732398,-2.50526125281334,-0.720779349337071,-0.591435795244965,0.390451719020632,-0.398209675026112,0.34419577924394,1.24140075335691,2.01108166878279,0.0732000824907313,-1.22610420456028,1.6757239219048,0.0487263876363595,0.938501282375048,1.18856612978196,0.715967083124537,1.96945539949663,-0.449857193233939,1.35454772547698,0.0437019168741336,-0.850805334699426,-0.782023343344641,-0.819169573608784,1.47074575629439,1.25161847960679,-1.35834922602659,1.71186854336194,-0.501787090844222,0.471151427812321,0.872303484195856,0.599030504392184,-1.610576811041,-1.07302266133756,-1.06199608028341,0.991441269417606,0.848396644843874,-1.41721004637751,-0.979334260791018,-1.92369586462473,-0.249673618152293,0.160348057195816,0.98153362332846,-1.94675821991306,-0.892844354254189,-1.1269526468106,1.23804897616729,0.436762155266756,-0.306716775668855,-0.411732489383194,0.210464663994442,-0.149430210453689,-1.82503550155858,-1.35362673917641,-0.0592767550565982,0.336694774062431,2.25138885703071,-0.669480051622755,0.516197600327219,0.194738402392402,-1.30210069086913,-0.303604239846026,-1.15673115195152,-0.213062594060569,-1.30498858437579,-3.4428381486973,-0.457896664979656,0.209017263024994,0.711539494154979,-0.396320944836703,-0.536245381097504,-0.534725430407868,-0.158753552516313,0.893640209250365,0.287371203270262,-0.285523627782775,1.12393588311956,0.696583018058354,0.90213905460024,-0.30586831754431,0.0681276902727633,0.203029426685329,0.267400555612655,-0.0437551795055665,0.835976699676081,-0.482855897784457,-0.590010702275931,0.936646873994135,-1.03054946602134,-0.108412771938861,0.0988676138307553,0.496749300616615,-0.460039969669827,-0.379891288516327,1.59206624359567,0.464719673661866,-0.837588988164484,0.586561742609063,-0.051720799594654,0.299374670058192,-2.5526398951871,-0.41431381324744,-1.02491403228313,0.132588691751083,0.088123766077029,0.669154099736849,0.639187751851569,0.421588084024019,-0.375993202267744,-0.207762193640827,-0.0906947836386035,0.760711633091747,-0.176893933259304,0.50608384656851,-0.0685194533704137,-0.979149706026517,-0.319962421135796,0.604225115036366,-0.375913323077028,-0.23865883996421,-0.029515879285027,-1.04916014777345,-1.03137566050696,1.41000663917828,-0.377400301408817,0.282281262768617,0.808477318803411,-0.431348994299653,0.313650782238788,-1.45840463655661,0.0108717814471186,-0.042617290111401,0.355810338761143,0.270873957977564,0.906997498381784,-0.0199130212774257,0.659557611798996,-1.21250678124246,0.329212622684486,-0.142034748547347,-0.761600151221246,0.159700444293971,0.819663764526859,-0.233505536580445,0.290735838681466,-1.02531345443515,-0.327101393669029,0.156596060235552,-1.19357351802198,0.521918034681706,1.18447154565232,-0.912135156224,-2.22432948091015,-0.706602924820836,-0.245837103563656,1.38635253843311,0.757385709452966,2.40322147784611,2.87559518840989,-0.931377596963412,0.043538932921232,-0.250987284671087,-0.167358210800663,-0.025548331420236,-0.508595888904041,-0.117653173299249,-0.0689143455772359,-0.445734076483706,0.608825162107236,0.538567650334578,-0.637834257929342,-0.286826371256982,-0.0567337318275065,0.147324785480238,-0.427346738881066,0.606880154751095,0.945932140873674,-0.558422514219179
0.388313981814921,1.09291840398691,0.759516018070663,1.68282988836731,0.368371360751349,-0.352141088484603,1.64992411148674,-0.471988378270892,0.0226288754028385,-0.0684674812968482,0.224071021462318,0.565120007664159,0.666944573770588,0.959992072520474,0.645413215666925,0.966868239566117,-0.488692985534414,0.152267579794268,-1.87233595522236,1.07130293561359,-0.167076745231264,0.202424106602461,0.730320413843285,0.107994417932995,2.00936322015985,0.126900683780293,-0.519606622153437,0.736322409863276,-0.842647345417984,1.70968177247395,-1.4726576699499,0.374011405497574,-0.134217412446365,0.343473523154959,0.761720057903428,-0.89077056164735,-0.454842679058798,-1.83831256860978,-0.441568174683069,-0.383842523937771,-0.610352215229873,-0.703284789432039,-0.895809088446528,0.764884595875476,-0.996218329394308,0.212884997830378,2.47702827991597,0.421212297440036,1.18991309269949,0.109244413921818,-1.06860753461603,-0.774654807083477,-0.880323133079443,-0.92413054594081,0.0558078851971455,1.25480930881873,-1.23517186250289,-0.651476111124263,0.0677020132745872,-0.176980919838097,-0.0390079456608718,-0.00749000872137088,-0.227294521788308,0.5930132895587,0.217169211684373,-0.273658837817156,0.962258076326791,0.567709968074212,0.717672771295002,0.46881237324416,0.0782176414461382,0.0760085278134346,-0.857103072809329,-2.21413109736863,-1.0471848187229,-0.655487148626275,0.631865417437717,0.106981212215505,-0.141277994176575,0.51289841665715,0.144181300839792,0.112991855820265,0.212135657222879,-0.449332152141333,-0.169130478506117,1.6412433957725,0.206406075566521,-0.715070179516272,0.0886190171383122,0.698507375031619,-0.16792249437729,-0.809742252150156,-0.383986908458171,0.792119823589814,0.00651576824435592,-0.168221761056096,-0.206497375278015,-0.328068592679444,1.64350693806981,1.84631963082959,-0.408289143794495,0.441370541161317,0.0213504781161832,-0.250417691535993,-0.00260776360372822,-0.30091300196555,-0.837940645288608,-0.656578856231531,-0.775340673395954,-0.424884151954067,-1.30076805533689,0.0605846613865218,-0.609437345335089,-0.602792425837719,1.0654675301517,-1.30891682467623,-0.0538604735763968,-0.232379322407235,-0.460302892423446,0.582020641830503,0.166744174415841,0.235576654548318,0.273310031489703,0.302650764314046,-0.152689840037872,-0.840751981058783,-0.175572168777792,-0.618345229629407,-0.801034211455053,0.249318813453652,0.0912468780950415,-0.291359161455375,0.112365101573644,0.100867966933061,0.324673613314229,0.0414822630475185,-0.153417594931995,-0.815284775095841,-0.307450887941609,-0.13974355413329,-0.451779581884387,1.90919351135034,-0.320539412900745,-0.776492342829275,0.345610192357642,-0.556879201282422,0.270395823528356,0.569911913183417,0.0208300834137147,-0.151626923643423,0.859586874637495,-0.564306190826821,0.179735721677829,0.156382310458863,0.561022914743739,0.721750182089075,0.604109136406674,-0.23429893789127,0.364317757188736,-2.82373485286957,-0.462496586547952,-0.719086356237091,-0.303906847477821,-0.0894590692097917,-0.89454114302188,0.123298074224876,1.056876011823,-0.0343883004415196,-1.09779655078916,0.151520178322595,-0.757618857072419,0.209213864893208,-0.303181688433228,0.455123458407012,-1.00152674446806,-0.620117626764505,0.505047318346846,-0.817682824268519,-1.06856219382824,-0.419573679899136,-1.07010165520761,-0.18693596966744,1.77586876589451,1.52416974908783,0.0970919289536498,0.0742581630614519
-1.32141849375249,0.341605901824334,1.69050462225003,3.38922563470143,1.20782305991634,-0.008569497038237,-0.821317146254733,-0.387906118549083,1.58450541152647,-0.0304772778055943,2.42517160774597,-0.518994187841379,-0.506626955548165,0.312115371524986,0.231436726375386,-0.185639005562492,0.31549723386038,-0.353675654604454,-0.0807562104732011,-1.0721697429591,-0.314307138041308,-1.16769886598883,1.25642858247964,-0.223611332105006,0.148217421982968,-0.405903252793632,0.880957366546814,-0.415311037759808,0.399124863004651,-0.0635181885855149,-0.969598988319143,1.18978243420915,0.825773153607087,0.265373424809709,1.40111170061876,1.10071655714016,-0.440645593179162,0.24227406826179,0.295505495001949,0.640300134057383,-0.71121688447301,-0.00979891520684009,-1.79665896851478,-2.09598492241043,-2.84650311561765,-1.82573808092202,-1.87608649443526,0.55299476527993,-0.782375001209446,0.947877026032608,0.625205979318979,-0.520097454732676,0.095762256224099,-0.452657570321974,-0.0429722713501534,-0.858951239668937,-0.41236141724138,0.153908711361487,-0.017155958525731,-1.0534450822385,0.252267182522716,0.335342361001013,0.33236601097295,-0.831216088015344,-1.08013910900018,0.27227686549603,-0.496362323917737,0.816343734271075,0.369276637678886,0.520063303346014,-0.12427125548438,-0.596095845667654,-1.22985637680206,-0.577122497578265,-1.50855801794117,-0.615059318189674,1.61235546239868,1.78126520347036,-0.835769758545439,-0.3326516883642,-1.35176052580935,0.00515402803236103,-0.368055247339909,-0.559410836328669,0.782524229616213,-0.55779155918718,-0.346883720826647,-0.482556938850218,0.0528334519996822,-0.702665069484038,-0.892831416421392,-0.286217597194521,0.383669175178212,0.266499640388346,0.0464063794999208,-0.842098745054708,-0.323882986826548,-0.505563302461887,-0.123617093250499,0.152336938689985,-0.730825173812457,-0.231777624905913,-0.179207426899824,-0.141151588209428,0.262605125805345,-0.0333847357008964,-0.833999816779422,0.0483809471625101,-0.70034052829664,-0.741438601481055,1.06372954052999,0.609296505868087,0.230688844659669,-0.0127607995056614,0.213061486469274,-0.157961563597099,-0.332475909345963,-0.156548212431251,0.126974274254785,0.373004997999106,-0.573523516259069,-0.940803330815125,-0.742162427991315,-0.651903859043917,-1.5797552664786,-0.836771233976203,-0.946809757657946,-1.588814043684,0.0309854132312792,-0.713438007317874,-0.852726438423654,-0.691740817230407,1.10557450071309,-0.759518909979916,-0.638645541015833,-0.0586811607920965,-0.310287757118037,-0.188269118460805,0.177389644168649,0.0247765749236588,-0.0917196611614656,-1.08266713686137,-0.119555723172895,-1.18985978043552,0.519079693851302,-0.379786337688305,0.0990745776960566,0.137868356699972,-1.4004039216057,-0.92120594274736,-0.228663982607588,1.22592726179389,-0.657595206936998,0.0196004245334794,0.071594278262941,-0.538255242655406,0.0990639556105466,-0.52197358770143,0.859492386071649,-0.321342470467094,-0.626253258945248,-0.448545855961762,-1.86549174079356,-0.453040052816941,0.385648210127958,2.40043968557222,2.87705694023325,-1.09666097107086,-0.910756220836066,-0.907544822844235,-0.631060238598962,-0.018789541139541,-0.505268828889625,-0.761067197401248,-0.168148228461083,-1.37332242635929,1.25854560492787,-0.377252092196336,-1.10990775034199,-0.852514580993205,0.432363424548858,-0.509891661937828,-0.852577638320165,1.80428317840082,0.703483303027103,0.829797267635816
-0.211424852610914,-2.18617362569549,1.22892469471934,0.740779584552785,-1.5249809920455,-2.24827053300687,-0.12919001538473,-0.843011939014449,-0.839339257400357,1.01692171556358,-0.276240270035951,0.972117619394261,2.31576260980807,1.943234606874,0.821141401092645,0.737097779806503,0.343148509832054,0.388582650554718,-0.20677322820607,-0.350367214379995,0.17116638458451,1.03801247939499,0.193166247260283,1.24994223152257,0.906811418292051,0.467706966792437,-0.428426165322742,1.06457800671868,-0.0339169988599967,1.22059104318181,0.00575370601868343,-0.129678729038701,-0.181948827912313,-0.243388995887614,-0.0772959378707186,-0.370531049674032,-2.32105276166262,-1.62697711102102,-0.317724688677886,-1.5206701658488,-1.54225631514197,-2.05807419253019,-0.341366007399737,-1.48508135388437,-0.451266355871822,0.469994157269137,-0.588556068176767,0.52947501717323,0.072107068544886,-0.539027848236402,-0.689376193721505,-0.102784327754606,-0.0622034933096827,-0.841813639675059,0.751398498149135,0.704560958528178,-0.559628549685276,-0.564260686090267,-1.70250669574603,-0.51121077608346,-1.27998753335568,-1.10990181269341,0.760760191188992,-0.0192079044277267,-1.18603800190335,-0.472216648001465,0.0787714758992164,0.497051798185933,1.0625795932345,-0.82847346785166,0.731347093524777,-0.000674386722355047,-0.684615558901113,-0.00966171907033128,-1.34418093271439,-0.135692173998849,0.436318032520737,0.696640948844797,-0.0912250050887074,-0.231973430952443,-0.559601365290789,-0.433479876689205,-0.343171395786446,0.392769019229178,-0.00461469237912254,0.306009638122017,1.50662579911833,0.390485079188755,0.102094251703888,-0.229075538866601,0.131819829743941,0.81164865035748,0.617938013939085,0.549135982156188,0.242479115825346,0.449415694914013,-0.500154267763228,-0.241629966815289,-1.09765299158347,0.118507030408929,1.08547905669514,-0.580132029019797,-0.364700002643816,-0.678608821664768,0.0561372186126368,0.562413410284783,0.797153442397879,0.0297942659484229,-2.27404926845153,0.425871109723098,-1.90981466048589,-0.195834625798158,0.330476155314972,0.93741231197116,0.767605090195247,-0.319816589550863,-0.122098020650048,0.022337340608668,0.825922548316184,-0.354609333289293,-0.860797342413117,0.233110140487917,-1.01351584601701,-0.562575732091482,-0.233832727144822,-1.1942199037123,-0.132042936248679,-0.409896337253765,0.434101901956245,0.43797231955834,-0.28455933178326,-0.768329651972052,-0.499986569698077,0.346037363973144,0.348858880434056,-0.0382788809373425,0.749982882356148,0.329629140662409,0.517371863303807,-0.285061040764639,-0.756207591181077,0.274205564384921,-0.251728034477332,-0.563793791662809,-0.242139638069935,-0.728268761067344,-1.15127666312951,0.302551375202912,0.577033690023926,-0.367107903326549,-0.815074786252005,0.612589640876424,-0.556625396581219,0.793296245245739,0.390713835240554,0.461002676021308,1.35175146856967,0.0652415102790942,1.37118691450324,-0.291503926129653,-0.30105030369967,0.895421581770945,-0.796545685752341,0.889909371854232,-0.164943897627731,1.59640000102415,0.347684664163098,-1.36341904359063,-0.906182111022634,0.165496359413267,-0.472383664954833,-0.376218627043375,0.296905225718605,-0.49208801263889,0.0391246824663132,0.316596900400175,0.292789208517905,-0.321976809871172,-1.82703018190966,-1.68612498739395,-1.6609769611881,-0.952586447103367,-0.584530485406934,0.894321502535539,0.418722710765345,0.13263944065791
1.29774138667165,0.714502699518146,1.97865635835082,1.37145932663366,1.46922813896232,0.987349644308101,0.483180962260719,0.0789995208345635,1.11470331765489,-0.0733885717778217,0.784564787144535,1.14652666881303,0.878487468891453,0.521332107375767,0.813393242006145,0.45673992652271,0.952931860910507,1.09507723983824,2.45957210953909,-1.06963506738758,-0.570989973301673,-0.80747909343984,0.60621393277915,0.903908603242122,0.316983312975428,-0.583760763024248,1.41626623838688,1.05565815664301,0.617653383859771,0.514942676085285,-0.21991693924529,0.638720217163968,1.88431412920565,-0.771758719753379,1.33161042388558,-0.138060912101591,0.333468142820778,-0.750014545053076,-0.52160680258131,-0.0428091440650451,0.0791169252090167,0.130168019110906,-0.512751391400032,-1.18499884675316,-0.771029491747081,0.179316105411787,-0.742298264225243,0.3941513767517,2.45100775832047,0.00757930697686223,-1.31860164303933,-0.424336722047827,-1.60914798779964,-1.45737160303088,-0.198258846962926,-0.372996897296723,0.792658395410529,-0.246544671012308,-0.760407747376843,1.30194459849107,-0.101073425512497,0.289350818108899,0.0335581545617394,-0.0208587368523712,-0.36329128176844,-0.693106971322217,0.699734147606458,-0.363935975342668,-0.611946886117603,-0.116009872529593,-0.321280339713639,0.0395954584253754,-0.612007734040899,-4.13006406530221,-1.08777660396658,-0.302828215800572,0.508141539415004,-0.473721802758956,-0.582713913333506,-0.294252805547758,-1.03028489149868,0.316517926777887,0.880486099624488,0.254804737043406,0.960601131014697,-0.0725355714594729,0.0956196539573841,0.882207623979088,-1.3152233810427,0.734533832715004,0.485166350850186,0.677139688497121,0.0131611387727635,0.784257542976508,0.159643689238428,-0.735910942110095,-0.704760205762183,0.750113809360704,-0.607195795881285,0.0568351533072447,-0.00280180160548127,1.01877878712301,0.216512353889833,0.0202090664350726,0.501876587541675,-0.584453677968034,0.0129736986975354,-0.223072825707142,-1.51926650798735,-0.459370178516882,0.433287018303403,-0.778379983311448,1.13573730890607,1.0437274823899,-0.280167594575557,-0.210091154949003,0.689119895478095,-0.215546120970511,1.47406536062279,0.760306848834776,0.524893938774512,-0.13760714079377,-0.288009994639586,-0.0480357947527106,-0.358031831286603,-0.64913926208938,0.230754848396341,0.0251540983693478,0.21457231559867,-0.292768905278354,0.570790994129525,-0.685460420169082,-1.11363719186415,0.49839068664535,-0.574134869935141,-0.833694812775586,-0.658222571972516,-0.00245792998607923,-0.196330251699036,0.156077010512256,0.240242379226467,0.507087776571347,0.0916162168909655,0.0863313466427143,0.225182013657337,0.00884665957641167,-0.901570738690364,0.330089551097265,-0.282733855629914,-0.0932364757428115,-0.758499916003329,-0.314158235417623,0.660580826015147,-0.0401619739951516,0.0605733766331487,0.216875887293353,0.261415293186917,0.0853905923388295,-0.190984048740956,-1.20644915113602,-1.14076656083533,0.173941300668126,-1.4084839750514,0.596186736127639,0.864022431712438,0.551726876824655,2.43014519194673,1.25763638061633,-0.32946472467186,-0.329881042201762,-0.655605740539137,0.261964314629415,0.150522371250653,-0.213220063026626,-0.833583249427175,-0.0625658363847019,-0.812007698385498,0.295712668089852,-1.0431553483309,-0.59095132755264,-1.42956079001607,-0.57893809353981,-0.803102255705685,-0.855551585918985,-0.561704081872856,0.539113296050036
-0.0389691244963462,-0.0438408942197848,0.416512806516926,-0.567463243530921,0.783455198616712,1.24069149750872,0.420098065138221,-1.21452667890389,-2.10507864484894,-0.428626962603218,1.61599656476366,0.87400792806193,1.52640992005848,2.78691318113549,1.12484148978493,1.65773673036182,1.60182117845259,2.09787272952708,2.06695994672199,0.210091806818037,0.304988733313778,1.10937117123301,-0.83101227466555,-0.077935717987065,-0.251308018782951,-0.102225826363636,1.41594075774825,-0.929275539504094,-1.1518591573235,0.338162940869373,-0.452614033512697,-0.955942923794699,0.288328997056933,0.311215523550713,0.885201625600688,-0.0917308055984857,-0.617194928643516,0.178185311885216,-0.565063285220732,1.09589738177883,0.153711555868816,2.57349733175051,0.0118920987713774,-0.490384335020003,-0.557335560837935,0.823058770193282,1.14224429865747,-0.800458069617956,-2.08670734984244,0.653422635554624,-2.8987853397256,-1.2055496162353,-1.02642308980201,-0.849456589929937,-1.05217575069229,0.810814557130025,-0.0842424671444083,-0.945083742715747,0.385555273254271,-0.14356944413697,-0.809130828216613,-0.256000373907708,-0.0201700390228586,-0.477533559119891,0.248751419218848,-1.55641575041068,-1.53183733879804,0.946803939194143,-1.88931476093082,-0.617459796158333,-0.708492589419158,-0.243544268824702,0.348346221155238,-1.90183093995717,0.295418895497968,-0.289386932352293,1.64027159289988,-0.598459935072988,-0.728492721898912,0.44102154655103,0.0615840066901939,0.61058961646527,1.439017119825,1.82069661990694,1.28497208296357,-1.07452452187962,0.457047803546083,-0.396288361211003,-0.161359320629654,0.428931291662101,0.648019594614831,2.21723816919021,-0.146174839557731,0.181187343391952,1.11181448664213,0.155467011642266,-0.773353103119616,-0.148715549744542,-0.405517212732769,-0.809829854898029,-0.0809426862800223,0.452782125689729,-0.0656681031182754,-0.958290064015666,1.01400990724126,-0.899404020097132,-0.840434251448036,-0.708092226025391,-0.742016482304465,-0.348765746524563,-0.63336300093536,-0.254683579008414,-1.19879575934506,-0.905326200475713,-1.13719030977072,-0.0533925493898732,-0.314927111644606,-1.71863193319172,-0.609755154904376,0.312640721993354,-0.483465802108527,-0.0742288000885038,-0.289668681315692,0.835282453876145,-0.489657431729495,0.463619523450256,-0.846907124208243,-0.359876469935793,0.583281120482303,-0.679719970748034,0.753530125706192,-1.58238111232849,2.06879136063049,-0.219662093864787,-0.618688884535686,-1.29707638943691,0.500041018513083,-0.584214234366058,-0.632372763658947,-0.546411556488343,-0.49448211347391,-1.4276784992639,-0.374564525753178,1.04516767178067,0.310159102029125,-0.430695334488743,-1.1134202618896,-0.881300574218765,-0.540660463881279,-0.0641658572812526,-0.487908673670595,0.609232800878229,-0.800200905519469,-0.288925000325962,0.235092982866538,-0.642715962126503,-1.08649400719677,0.540217497241683,-1.42447437060669,-0.577548123121333,-0.397669267806774,-0.75204476211946,-1.68768865804832,0.62774313614919,1.53117970435151,1.52840603282479,1.79897956585176,-2.36656500462682,-0.542926141372289,0.737706671074346,-1.01525476374457,0.0210783313967468,0.482053322396758,-0.724674771286652,-0.429685057328828,-0.0788032581238765,0.080485983085502,-0.845281449197345,0.486679820446818,-1.08236156350924,1.09346231908158,0.533253111448964,-0.630862095500877,-0.424981399214439,0.396882522132595,-0.00573199725802115
0.856556761628482,2.05077902958928,2.77115578628017,2.9150322123734,-0.888729050315346,-1.55245221805327,0.529245610672882,-0.226185096440617,0.0376296706059193,0.766609236786588,-1.42757133973909,-1.06685785143881,-0.850337684717141,-0.198883576858316,0.978029212533405,1.24537913768317,1.00318862306418,0.816083810047501,0.335077830438973,0.129525478051695,0.206817265635171,0.393955341391507,-0.02217286617104,-0.583870103102904,3.11377852562683,0.571556279560032,1.37180307937129,-0.390400791406116,0.747977036827273,1.14429559888543,0.601396523688248,-0.317010756406532,-0.73168984472628,-0.785362793080077,-0.85618176174668,-0.0823971333613362,-1.57602466921479,0.280054905937968,-1.04767913762012,-0.538185323476103,-0.439234873091922,-0.834470567209564,-0.347074207251087,-0.277396448832367,-0.573057726454087,1.69459913572727,-1.65405423661681,1.77964752832045,1.59110557628832,0.378141085236478,-1.35900655986873,-2.36438138371833,-2.69572226954666,-1.77376494854602,-0.0417364714856463,0.923974726760021,0.575974350285742,-0.030917207158119,0.792797303274714,-0.021745445575951,0.764605763825808,0.429877266044926,1.34157925043464,-0.355597843627654,-0.0879763899898594,0.442710560051993,-0.378727395675193,1.13076162094943,-0.907276600402081,-0.880312758130915,0.130320578268124,0.687124353955488,-0.513825130831108,-0.369046068945952,-2.23676700253057,0.205463816456335,-0.0142707006944029,0.132047104657063,1.04301454207087,0.182205119298869,0.785705626802644,0.428931609523467,-0.367820377698809,0.607271927493487,-0.208351247491495,0.655295462137517,0.320980320160775,1.17047608876016,-0.308150980753738,0.316557217969351,1.47910076266699,-0.623327986536018,0.850750958303212,0.399321195727056,-0.609063006989748,1.69701680959445,0.420472014133751,0.919284592507315,-0.187189063276421,-0.0147183069357892,-0.491079536620237,0.190793431112403,-1.22837609519746,-1.19390998520728,-0.542385133488402,-0.114300636601244,-0.532432030637846,0.469384112998129,-1.34301948499943,3.46242202619021,1.28419928656295,0.286053220144546,0.32618041409012,1.82528821920033,-0.0816267545784545,-0.779366120995564,1.01499465437863,0.159610728608967,0.938349588462462,-0.87158647201563,-0.471686139133092,0.985465988533044,0.0487817910113385,0.193570500283633,-0.801970429102524,0.420923213837313,-0.851390427904898,0.759035043290087,1.31646009007442,-1.30759332208434,0.468503610531306,-1.06314129505061,-1.19066451095501,-0.489679703291324,0.396547695246818,-0.642597656802551,1.07073859318369,0.314114285560774,-0.509910181487264,0.970342883297381,-0.789569914673792,-0.754642138842272,-0.223949592364098,0.627573318565565,-0.141354558326903,-0.707091604915985,1.65142655946818,-0.0804443488079739,-0.148635632724849,-0.501948814212543,-0.398264165129818,-0.233384051783321,-0.0856925780797097,0.510808388856307,0.281353828099661,0.293435466388747,-0.483758439553621,1.56662794320208,0.705325523173884,0.178418194591614,-0.0452373023956495,-1.63001915641033,-2.16608898259891,-0.978600920303695,-0.305041256373759,-1.92212993556581,0.734631183547792,-1.18228537095899,-0.752251734282817,-0.791413407682732,-1.51697997493022,1.40969364202347,0.823171300265324,-0.372138437980461,0.496482295342213,-0.893785848546975,-0.260446936835438,0.390202930068695,-1.08935544156221,-0.948456624402494,-2.03223656611166,-0.763435139180828,0.18003193158839,0.723707873701193,-0.0190113058918617,0.447842045028411
0.616105586062873,-0.638728329475986,1.09275963068193,1.47478924039245,-1.359638191913,1.48679285910213,-0.625361190051045,0.722947443850645,-0.72632978649914,1.57188836933249,-0.622194460641252,-0.288248699390668,0.226270777703364,-0.898364598205799,0.404403089602024,-1.22811604202113,-0.257357861480323,-0.563807307213934,-1.49916199121228,-0.0568223994564436,0.268798143855879,0.55167576024729,0.583182504782429,-2.00388496740874,0.29304366699809,-0.50567317382464,-1.51450943717742,1.69533178218934,0.65813696532497,0.0187200526826324,-1.96473030095199,0.461340315028836,-1.62447393936806,0.182817374992097,0.176212382369194,0.574893657618872,-0.446937690547252,-1.54376497985725,-0.203859073395738,-0.734327044015169,-1.1087221670759,-1.89116370545392,-1.64239232584512,-1.80757575663675,-2.70653741625943,0.862997881038827,1.12385243819186,-0.0874482727450618,-0.480422319627401,0.558963121317659,-0.8719937902283,-0.286198838869172,-1.88076942851362,-1.60356078670758,-0.173901904939123,1.08299685068794,0.0611599144416175,0.181241964790697,0.340346059868785,-0.181860883160556,-0.727847317678374,-2.12661401367406,1.44780247544429,0.81629712290011,-0.660841028850291,0.18836642850545,-0.17514951920325,0.0749611547081311,0.380442936049461,0.242903505521481,0.683986459500933,0.39050708648455,-0.190608580164833,-2.31650905740439,-1.48434991877762,0.272106743323851,0.684131624876504,-1.56789102346244,0.046073708952512,-0.735379159090965,-0.893491174114982,0.453150918271815,-0.041647513005056,-0.0284979881819749,-0.320844846652051,0.478558301894704,0.369962011601837,0.637359322842582,-0.285574140493205,-0.548578305889163,-0.365272912642655,-0.103940245522189,-1.58902547215544,0.521135793109122,-0.0322583657715192,-0.266506487599513,0.0887163248794381,0.652858595889805,0.399097312743406,-0.834638544329422,0.676088849003317,-0.727826875411439,0.369092316994391,-0.332846466300113,1.90912440455214,0.451878720419045,0.333850780845274,0.124767289342058,-2.24484762876137,-1.09145807592275,0.649078816429416,-0.432682026676816,-0.596809035505584,1.3165754763696,-0.91418428154655,-0.68810450072724,0.807615826282653,-0.381457622270087,-1.67535635921731,-0.0863749989707292,0.0208855059421083,0.0141058959018299,-0.587697105699217,-0.31903323046928,-0.301797784126073,-0.602791385310113,-0.516084137737729,-0.508539275514128,1.9933282277456,-0.892710540836794,0.811175853127759,0.295674939607527,-0.498834614794211,-1.80652552893526,-0.196509841964517,-1.67099887649877,0.638212434971419,0.0154614746481274,-0.355901368159086,-0.369382452423711,-0.400864594838615,-0.292133799308512,-0.450734480319914,0.130903862055123,0.263134223664377,0.469986372873858,0.217824090819636,-0.899670469281641,0.0238433005280547,-1.02671140632984,-0.195190529312262,-0.119957106524659,-0.60684321634728,-0.668340307300927,-0.544079262982067,1.07467295312811,0.274414559081529,1.01416277155689,0.492684214656821,-1.82599126136005,0.659786403785627,2.78288859758431,-0.175949685566025,-1.56417583087181,-2.43273547958008,1.16696696432749,1.26594998143842,-1.24470441408951,-0.581303853099433,-0.46121114622362,-0.593739964697651,-0.523923704502648,0.459849204064676,-0.852045261710733,0.199777321189835,0.799667638930591,-0.25603759493888,-0.402264964386152,-1.84846239878016,-1.10517389643817,-1.29491334115466,0.424305058715375,-1.10649791374709,0.69384646648847,-0.513227122186016,0.779366536561465
0.182359631667134,-0.533357987132478,1.50037325289621,0.732299525434356,2.58480376420079,0.730157046424917,0.774682929911217,-0.22240245966017,0.258961214894941,0.643437723882527,-0.120784990670641,1.03256609323946,0.864312384874841,1.41273570063717,0.449279547371495,1.42954813377854,1.69386806071998,0.87140187656373,-1.23766163203008,1.90528138715881,0.732899870864503,-0.906486626684321,1.16967753076044,0.516278356322821,-0.244806591893103,0.755071180371902,0.00701877139891388,0.267981884414183,1.58649013005233,0.00264531437923687,0.605749094442343,-0.15151821622571,-0.189547992189195,0.889947334307575,1.08747098030529,0.759244785440329,-0.0466694508478242,-1.00746200298465,-0.583759933071615,-1.09699065017591,-2.63940970459061,-1.3100728789885,-0.155691839892866,-1.41035678794722,-1.18458149785771,-0.447598675248682,1.48271199937809,-0.0828856124655342,-0.0237846173988691,0.185290892595414,-1.89668825374632,-1.14601512469634,-2.37834179960322,-1.50823086273501,-0.62701079613021,0.44137681880012,-1.13095341093049,-0.553225694491607,-0.604007802007331,-0.0479287156001234,0.847872161354647,-0.0209041914848236,-1.05190189104975,-0.487147895303115,-0.113072174099836,0.575769594461336,0.832033014326131,0.609032737737385,0.368156144811155,0.152522785092118,-0.259380294466785,-0.212323521063404,-0.368103684210991,-0.719476309615145,-1.7856730197362,0.479625955636478,0.0626834008876575,0.808604673382917,-1.38809053074076,0.89809320750891,-0.903937093719927,-0.264544593719521,1.22380493454039,-0.673696508477124,0.412923974561837,-0.238868438575964,0.312398691128469,1.05936803198899,-0.00881707943523344,-0.0709930247135187,0.32272332879137,0.802626105830949,-0.289680518479227,0.43748982167445,0.211451051751841,0.64074469097635,0.0696808305209022,-0.795329333953442,-0.633596066785053,-0.40116640565934,-0.510399259177886,-0.44137284832846,0.521701070002492,0.0637582556721877,0.630563952043156,0.43356288652681,0.251489735998929,-0.228075980224453,-2.00567555135857,1.10551280341945,1.11007653103733,-0.384484702176585,-0.741627843549925,0.811860785627872,-0.0299802201234552,-0.488015957476175,0.607985895224795,0.254214366588352,-0.584614348361798,-0.70821614746642,-0.154717196749682,-1.32050506844842,-0.397226477084619,-0.449916842582363,0.182791651924753,-0.03887219181719,0.0894344251760867,-1.01510886541048,-0.973692544937509,-0.585059866442061,-0.525405315797495,1.58531664638925,-1.13449901969246,0.33022471686883,1.11764565388954,-1.2250058784764,0.0692495069001565,-0.448401476280336,-0.29748652538042,0.857902575612989,1.11971765884322,-0.416375791963984,-0.0186914620471157,0.96650172195087,-0.17545675231445,-0.135875552287696,0.0959205069867946,0.401948099039263,0.134782794958351,-0.215756808273565,0.121569010721614,0.0187995444361416,-1.5226089906134,0.572918525124635,0.102637649871259,0.220558287471406,0.853872054271903,0.372547847928353,0.339873363122912,-1.56882545945544,-2.82980121773398,0.48311374290545,0.308965773376295,-1.13419267506503,0.77714172735563,0.337854737201094,1.60089473413791,-1.33592308471301,-0.401005548393662,-0.878774002300045,-0.342075555762828,-0.510391281009477,-0.544286568454213,-0.427322993221414,0.092878336242901,0.223543218046201,-0.965961387460887,1.23198178049801,0.632355047960794,-0.527707155731611,-0.316381474454063,-0.815283000874481,0.216936660943008,-2.46352272321519,-0.56269229756806,0.336753279779192
1.03061976594636,-0.636106497053207,2.15718102282384,1.53307847010318,1.48374987538324,-0.67780729981249,-0.588081508434013,0.0614761793877454,0.274453241335097,1.28624625719115,-1.52934115112156,-0.622690559091109,0.210576306798769,0.379077643649013,1.35423654778706,-1.98439755406373,0.648287583109205,-0.772707636045225,0.510489750163654,1.54497625569522,0.191222954123254,1.49226660209049,0.262417159359117,1.45529060150278,1.17835609495006,-1.05910308562503,0.0825207865979142,-0.339121723071688,-0.66069109414367,0.19855232825054,-0.24448449935849,1.07054273696004,0.946465088453354,0.563279400852669,0.0489019982817713,0.464344144770024,0.184219600904739,-1.8256656488127,-1.53276878960351,-1.79540087148694,-0.0814181169817965,0.331685679148314,0.611293609767091,-1.30624954082698,-1.13292854314376,-0.708883500280555,-0.324677056701458,0.190816406904069,-1.20155230898483,0.797210010241795,-1.36439792241775,-1.05937188323239,-0.766120951879734,-1.23620349734599,0.119050440736409,-0.401098781692372,0.440071997240944,-0.689451134259815,-0.329931869306754,-0.530257502879655,-0.467712463754582,-0.23194774314143,-0.84900308750814,-1.49070225489185,0.441152862248438,-0.0601282301690626,-0.00788870596198033,-0.330814346103691,-0.549077893861228,1.08247099999843,-0.150883915263653,-0.885273460423392,-0.888443153777537,-0.946954159604057,-1.28736196007257,-0.425199930000197,0.270267373649929,-0.46926517699824,-1.40039290565718,-0.231377970725541,0.0523195670958856,0.335978485614717,0.464998454313073,-0.138188015463373,0.701353789448135,0.872856059839283,0.875625453782882,0.94585359408065,-0.268203325116392,0.511104584847378,0.432552481790602,-0.0562707023267232,0.837738211828548,0.578172263555284,-0.100672542339445,0.905084104053438,-0.765183940939108,-0.408786182112516,0.252188976238834,-0.238380541979838,-0.159848137439606,-0.591384762710498,1.01801690117572,0.886942183824247,0.27637880122099,-0.31825042156474,0.216298475791835,0.1084411900723,-0.703480051038863,0.113305025899856,0.879838483540243,-1.01073005990528,-0.3281881436241,0.750843342685912,-0.0348642130076486,-0.201452332767548,0.770252604668644,-0.25855596826565,-0.588292268238036,-0.672590919046566,-0.129392976617386,0.582239962048132,0.44710328616482,-0.105823828051088,-0.810975434308196,0.359464806337968,-0.759810205959918,0.121890150996673,0.30555758796751,0.188765518832689,-0.410982161017636,0.239042087310601,0.752374042478679,-0.263149541653296,-0.796332679953813,0.645036077607223,0.458949796927853,-0.393941064514995,-1.12936488602056,0.963873445530785,0.141114980688382,0.0168786955586163,-1.46323581991566,0.243639120229406,-0.457427650082638,0.654187036377632,-0.0762023415345327,0.00843017066850778,-0.770803947530164,0.185735312594753,-0.233044774961881,-0.202682549206942,-1.25229760649535,-0.108234249508291,0.487854557453896,0.487689585816452,1.25027537032118,0.758538789696093,0.85163200494426,-0.138711568528395,-1.23779729611442,-0.311819797514022,0.504542223315336,-0.996850396071054,-2.71096327933907,4.80013236401148,0.308586347216558,-0.26557586037809,-0.933365975700333,-0.661884625747525,-1.17923462253007,-0.525090816588785,-0.0391544049062664,-0.551809603723997,-0.294457986168445,0.626942845512066,-0.981378668045848,0.153184462067959,-0.258140903801405,-0.228034127866877,-0.0618936409984994,-0.998475125902724,0.00914968984090341,0.0956468236175264,0.0709227575129491,1.30918120550633
-0.0218389307333347,1.72639953427896,0.915156507226363,0.616810915960805,1.12854461620953,0.305247363418987,0.498546875879773,0.593796069931887,0.253058712072481,-0.576345683170309,-0.4541222676866,0.237954423190168,0.86909205802263,0.41326189799936,-0.325007121077292,0.464122318511612,2.43297197705303,0.743043405444284,0.488170887906336,0.823356833834744,0.00287941008725841,0.212099717854958,-0.179277400600542,0.128860423729263,0.167900906251069,0.305185460471903,-1.00329026624724,0.477567760683348,2.38082429810853,0.147699905239391,0.548842627125706,-1.35087756932268,0.596664958072955,0.626866613885993,0.964490660575699,-1.15710628086143,-0.906238642991056,-0.34528613901954,-1.91474923214523,-1.29353182182928,-2.3563727060948,-2.50874604398557,-1.2833964192716,-1.27023774734273,-0.234383730620895,-0.55377003775882,-0.136519465228699,0.942164566978696,1.27625064250927,0.911018073995278,-1.07525336266891,0.245196743710257,0.378572996923633,-0.101073386765104,-0.752854580913225,0.697651885124307,0.222749843488342,-0.348679732734705,-0.55371834693315,-0.90239275903763,0.414082089460532,-2.01893952864943,0.892510946991346,-0.857520078332396,0.221271090635441,-1.52525922846061,-1.44752946191888,0.854081252745112,0.158022285519189,0.0420261979042174,-0.287112401869465,-0.0574005166714781,-0.5296034288886,-1.13711988502631,-1.3700429403936,0.682288358872874,0.754611074627971,0.304382627890127,-0.232026735378763,0.366968154252115,-0.511280299641615,0.0920603800548403,0.938817915465945,0.697298545380087,1.33554077532967,0.222756984925074,0.866024137080299,1.81961013248219,0.37653003236896,-0.0352436097806298,0.976883854254353,1.50000841160641,0.937102680537125,1.63985743883037,0.223893228788592,0.943917999678124,-0.587752119211966,0.940424135024069,1.10671103670602,0.743773807126135,0.222448549681927,0.438772413913029,0.341740641372622,-1.04989021776424,-0.734753879163035,-0.535874882579416,-0.497755705560486,-0.400694022047142,-0.182169560620187,1.18247673435042,-0.0712913476474953,0.638029909899838,0.0369765540937135,-0.62869609897146,-0.604929508086843,-0.0605443292137664,-1.26680907535249,0.661844348608502,0.720812562698873,0.0170431080480719,-1.25063223833183,0.158805834793162,-0.699642790467222,-0.260138173973877,0.143379550923771,-0.490162887701713,-1.16738487926353,-0.650456128065962,-0.824226399686705,-0.221716653911077,-0.578513958979413,0.164862673316663,-0.694822569199581,-0.656422622770842,-0.123923593244108,0.188755411952305,-0.0557170312162167,-0.311309666304718,-0.258323507782499,0.42757494111004,0.790803792129533,-0.664905350983993,1.55483882574987,-0.0549573525861728,-0.718824069242215,-0.040522958946246,-0.0885057988844177,-0.643490922827022,0.489771980753257,-0.941156883771838,0.205173050778318,0.349081178525358,0.168896720535834,-0.42441887852344,0.249025200268054,0.292185236535465,0.0556887356298224,0.36382098654642,0.574070407823229,-0.514911683760313,-1.60528508890239,0.372913010229074,-2.04696183046928,-0.22005875413332,0.285205562572274,2.46790104391854,1.27180267899656,0.637077682882462,0.77819051707282,-1.00740094940184,-1.33927237358583,-0.973171301617835,1.77578214392406,0.470042954725075,0.290396381841771,-0.73029042750988,0.803574608391609,-0.736775558864891,-0.110505693258045,-0.992342034428066,-1.64881865916771,-0.276564974035284,-0.865441077173744,0.122881952298247,-0.809994979923701,0.200175107297363
0.424298532684073,1.87038850903896,1.93948409929942,1.95498524142634,0.0896223194684513,-1.21942938335924,-2.02567524218447,-0.671615519556638,0.268675982611333,-0.763268504771102,-1.26429340795383,1.78946214719066,-0.0900620881070329,-0.432202030678006,-0.518348539236766,1.80677469303341,0.389141754474572,1.44604265925507,0.194819948539865,0.447171501867063,0.703595120431471,2.83476943738547,-0.170796459764904,-1.34379474082539,-0.500709856493934,-1.22509308251419,1.36691261482904,-0.542940683562455,-0.606389640494618,-1.7762568807909,0.210098889292539,-0.903317328747714,-0.140649410104196,-0.481472405625629,1.26444472229746,0.0327726345438036,-1.37844040115408,-0.785831433622031,0.675120759555099,-0.480738720524242,-1.19710406007505,-2.24487984763419,-0.52413245244077,-0.85010559796465,0.264911299766576,-0.644105225057402,-0.747622506459804,-0.647100535896342,-0.466950070511053,0.924416602006678,0.215460057212764,-0.581649722004182,-0.70167046968447,-1.07525688901954,0.0427327091129817,-0.517085027848258,0.487731099791398,0.504687504542086,-0.36269871121111,-0.0724494514884249,0.631177629476137,0.354917951179127,-1.00283870014475,0.121434484402171,0.415847428750074,0.134537472063605,1.31763376987983,0.405992712384748,0.462159550945422,2.95611005220373,0.139646526464158,0.714187911434426,-0.157383466835164,-0.585523143964216,-1.16728065940722,0.211958529189141,0.202334380725158,0.653458507729489,0.291652895180966,-0.569113234836896,0.933507194552024,-0.276034740734633,0.738427771879061,-0.794820619843954,0.726842059180827,1.16513410037858,1.60092002221648,0.113276709286841,-0.753474941278564,0.887443634918573,0.063380545573128,0.318000587751437,0.294016144845649,0.191268897272008,0.0310703782948946,0.705948275139967,0.328201037924629,-0.965724235262758,-0.601189763663343,0.767281307270022,0.473095402325854,1.17564198015216,0.847701988769066,-0.345441465174719,0.177664701988778,0.724599173863926,-0.592263169072606,0.803774214106723,-0.691303316794198,-0.66928204422058,0.639253042934064,0.424505298984066,0.662568439067949,0.040589833266795,0.0417015162189595,0.412859899184581,0.173784641166439,0.245203934981125,0.143150285756121,0.536596424481638,-0.0162066800948653,-0.681959597477948,-1.25246250803521,-0.246148666013483,0.337824727562617,0.223115570467694,-0.36822157909246,0.145282511946971,-0.881608643036781,0.398869287045453,0.667583516080267,-1.28538260810976,-0.805103853869532,-0.822604036188283,-0.163772729438793,-0.113084101620454,-0.0513984327537166,0.890254107175874,0.130041081650639,-0.253402493601462,-0.486189524654179,-0.335325410602932,0.135019146205214,0.0194797095613501,-0.339979405340677,0.919352416323721,-0.748746395133589,0.770680988516006,-0.45837064605189,-0.37781079611555,0.106501094160761,-0.156787445648243,-0.613070739643931,-0.350855696921761,-0.273110818316415,0.372198482768039,0.785091778047585,-0.195694598311025,0.70982433760975,1.09003172552339,1.42769473928207,-0.696692408204947,-0.845417502864265,-0.275294177771216,2.31997736236262,0.386749815104342,1.34925572760438,-1.13635025024004,0.06421663415165,0.31589629631026,-0.454472015640849,0.836991174672744,-0.481027111251422,-0.0757376162669579,0.4107395171837,0.205654642356966,-0.507428778978414,0.0485761644216594,-1.25960888526672,-0.58493706799056,-2.32974629659998,-1.46637317318156,1.32697919267666,-0.095115865018551,1.3212410246677,0.232682801947339
0.926554833615632,1.58516220388463,1.7520711228475,1.51904785355322,-1.76033748955297,1.39368230190212,-0.0859301569647979,-0.741131180183111,0.839187867870817,-1.12548140246276,-0.53975301697105,0.888493994075786,-0.172039904187412,1.10236568541015,-0.342184659854772,0.566515217206681,0.643127964647572,-0.774278649682025,0.169228794237018,0.92229585709725,1.40753862954399,1.787279575581,-0.48398494455729,-0.137780641796025,0.683121633226245,-1.44898823244657,0.291090096549646,0.0522991038698385,0.652016749205106,2.73303883761102,0.409747545004736,0.367650245695294,0.48129664234048,0.580537254296766,-1.79396676966243,0.333643390550456,-1.49967700749356,-1.29851879768201,0.117283169505186,-1.60294225008687,0.0586888184920639,-2.00236860875942,-0.579843308864255,-0.181065027292888,-0.678681997978123,-0.518608479586817,0.953112663528354,-0.753519188314431,-1.52894225012204,-1.75968156523828,-0.710777066810704,-0.699535327611898,-2.09095851742793,-1.40463543326761,0.261120235827259,-0.931034306988965,1.17371188100074,1.45348296421229,0.661516515848024,0.162475589187526,-0.615034026478735,-0.561814491041641,-0.593451413477172,0.0454397832294441,-0.132234107149951,0.293517946383989,-0.552988876782297,-0.809309767638684,0.0424990545253617,0.73610072542526,0.887694472218631,-0.398329095708705,-0.559588034677404,-1.10557591310217,-0.965675334590481,1.04441197030441,0.225513419854915,1.30819128976688,0.0413620586615632,-0.0551615224726938,-0.286389314405666,0.936376580693483,-0.687402954600355,0.158990133048819,1.02072229037223,-0.107327332250509,0.216654833413635,1.30440015003599,-0.0369494978261596,0.696525974035142,0.239805675402862,0.363220642724863,0.302520908010937,1.71098901371754,0.120098460793866,0.72128572984542,0.250719915826877,0.529381485102279,-1.01046073409196,0.571312264181958,-0.0736364019283956,-0.836509286316387,0.476552017804922,-0.385953374556035,-0.107220896665851,-1.07162167685511,-0.265649518656241,0.35067794686328,-0.376971537617516,-0.113579980265635,-0.394622182632405,-0.374606731430939,0.485854039025314,0.266715726201275,1.20018197963127,0.0380714344553651,0.757638444650164,-0.708377989611618,-0.0591301319852538,-0.115077403627484,-0.00293029720429225,0.225831149752581,-0.740813829432278,0.454196632383692,-1.06251387639508,-1.70833707005539,-0.541141104710978,-0.598674387838163,0.244702652550717,-0.669123425909404,0.296389271315323,-0.0407748324094938,0.257994883862087,-0.404022207384893,0.0391214454112143,0.143882703414823,-0.026086926433746,-0.674366147747272,0.0998376530209606,-0.231743116268862,-0.377105262211389,0.353577661625236,-0.792613678805156,-0.518227659016893,0.549807383950223,0.156203316054173,-0.579065875448484,-0.0353180037439706,-0.930126663453151,-1.16312805265296,-0.311478108148397,-0.341095981261673,-0.386695346531672,0.408920202809176,0.522374633190839,0.652298400122258,-0.302155512894346,0.162681534071689,0.698599948523514,-0.358485732769652,0.0384747047959489,1.62635048220319,-0.687683208044347,0.888892189852501,0.213529147623779,0.166216068795299,2.58603355374618,-1.1809314655924,-0.0536779004393536,-0.844879508286639,0.171142142548431,-0.416284243554253,-0.000568654139199207,-1.39394381518549,0.212650703246693,-1.79108466610108,-0.0483887503962496,-0.574373169807428,-1.67853390762464,-1.68167282739628,-1.35067150987607,-3.12448439835916,-0.772340136612251,-1.58469827967503,-0.904244772502961,0.0670442774345261
0.418010561615295,-0.632750736206272,-0.0696200536565722,1.69322591798148,-0.040680576157803,-0.254355217540885,0.0704952205589205,0.49481313844535,0.167232346321074,0.565881333976882,0.576173283659095,2.88176820353036,-0.0397794150238897,0.886576164249019,0.755848769725584,-0.500023308184857,1.14168012779967,-0.322176488509679,3.29864509075781,1.18233817246629,0.546063291325852,-0.228649195826196,2.1018177866938,0.36976575352432,1.44366733234332,-0.0497457141994606,1.02742743352297,0.193104130299616,0.237579185029354,0.221932589655383,-0.903777931127301,-0.0153859215471098,0.243563479491078,0.923123569035042,3.12749024446857,0.283636196335506,0.151886229816215,-1.06913992381961,-0.564595304716303,-1.38301692308333,-1.23819492167198,-0.430162698911333,1.21701032623246,-0.285888919722611,-0.289432409372441,0.321525511503702,-0.107335410201171,1.31047841246309,1.17742533963297,0.94935481065279,0.430589103251188,-0.85969060293256,-1.29346268305703,-1.12645902547386,-0.898546281238248,-0.271841251506238,0.119839899604417,1.80332477884109,-0.0834095255770578,-0.0871381736230276,0.295586139349763,-0.690202824813224,-0.153566136434578,0.385242591097553,1.74927902129956,0.206995871447126,1.71854910314477,-0.522654513583239,0.271398255081131,0.366718845357164,-0.419209885837625,0.21976875245877,-1.14854355153709,0.128376172132903,0.167978179469835,-0.914297998435132,0.426504299769332,-0.00223335693168823,-0.600743076514258,-1.22278109259592,0.290715639237598,-0.500339058990679,0.43194213404295,-0.101868536310307,1.03738834949341,-0.403547247134718,0.955533694877033,1.88162960589152,0.0162665227413436,0.129653742303342,0.00535096044854065,0.558329813366805,0.833992601267583,0.842205298835368,0.317015565870015,1.03169912028412,-0.444010793110369,0.535315858744811,0.219751963227183,-0.294031950126943,-0.438774397626291,0.473578259096574,-0.236494597331793,0.206945047686495,-0.34005540438578,0.0596344244516727,0.0320630169546203,-0.70278436445195,-2.1632738688871,-1.09360449757011,1.40615897683324,-0.441382346926936,0.0795770736462991,-0.243861323547412,0.349516697357113,-0.51382559539214,-0.388609202128658,0.683187072586959,0.247871245179499,0.565383681608872,-0.406400745075855,0.335641985275381,-0.523266881220368,0.55609839698013,-0.319815378417825,-0.511776695648316,-0.221351234724223,-0.419401888496268,-0.64539414773916,-0.161800526576465,-0.507424024212403,0.274814759974038,1.04004806237033,-0.153112670040931,-0.596570076367089,1.15579749018029,-0.328035253581091,-0.520868405835933,0.0852549583235687,0.0199452926192136,0.255708574293461,-0.847602125549108,1.06247860381972,-0.813883563567768,-1.13350806546,-0.908184145618264,-0.433170286591252,0.375369631177389,0.167819419125802,0.281391329034321,-0.657728274626538,-0.924541149468476,-0.946750225926778,-0.139565997206141,-0.480393779455664,0.503193789011408,-0.3451543940634,-0.262682563552499,0.864641430483485,-0.636865940662697,-0.998800450450775,-0.159763670014718,-2.97807531518979,0.801674065750062,-0.82669674821217,1.02019684291978,0.136098607406926,-1.27622908516958,-0.00872111355433612,-0.769336181701096,-0.551129296541576,-0.107666185574395,-0.0570368970056304,-0.273653736214121,-1.69090403153164,-0.573429460869148,-0.405861913980568,-0.451789892501083,-1.48429015744335,-1.0556881816889,-2.29765199649166,0.79803196191611,0.152985479298307,0.305446204309393,-0.663708562111433,0.0184913200911583
-0.196004720672814,0.731298354663676,2.95468220907732,3.73708897651266,-0.618035015722063,0.668816572947733,-0.563698997275317,-0.895834911363202,0.986023936864243,-0.368704434332242,2.20773345330782,1.51979489001445,-0.431226437841145,1.18507698017894,-0.0173724262349551,1.95528555945129,0.1878713794246,1.07289798873358,0.912863409916963,-1.34024037571565,1.14806521494816,0.366128097042433,-1.02038929584927,0.925952069633374,1.70698225887059,-0.32429976677139,-2.50536459319279,-0.525352403555819,1.0335904275239,0.468951631876493,-0.43458763987054,-0.349888645771219,-0.448577945182901,-1.45274735995391,0.291225238647367,0.996074348327031,-0.28197521410938,-0.848076174761858,-0.351116838573492,0.178450942898371,0.217961714072929,-1.03792566695595,-0.384336337194212,0.247061365648616,-0.162098159253733,0.685785461380761,-0.63700073874096,-0.998069090575761,0.512366818267462,0.3813549694823,-0.180918203310008,-2.09399717555048,-0.91091733785374,-1.17906123209769,0.0382957997496468,0.593202844674303,0.793310460645349,0.490394386128301,0.954808508520754,0.3305721563805,-0.568894372834315,-0.331432687383115,0.673688340442941,0.612320224665339,0.744661512021367,-1.79252879926341,1.29072184962442,-0.487401855354677,1.10748239572191,0.375313416985851,0.0636721087203155,0.864768080964307,-1.91641788425438,0.661236812072315,-1.96018027053016,0.184124805450178,0.0836011659613892,0.659087635280266,-0.882258450196914,-0.724820326414667,-0.627534561192115,0.0472596859605001,1.42146115101691,0.0203902757632754,0.690732323943116,1.32312351070849,0.0798019709624031,0.121071601129911,-0.822429395153585,-0.390271728639174,1.0724033111096,0.463277597560285,0.638160476519731,-0.0388942275673741,1.05992538229582,-0.762862480917281,-0.54674787242722,0.712951395969815,0.332101102719526,-0.662996333436535,-0.293602554697673,-0.292227529671784,-0.0315385892394881,0.210444881866076,0.136239788543467,0.000243213281082542,0.144785614668688,1.24159292112926,0.0251120167998159,1.5966713065519,3.17161289771821,-0.320592238434728,1.28451300929261,-1.20852610195921,-0.0416471275399331,0.183082942209191,0.0961073897368817,-0.31613172165958,-0.487192121105373,-0.810087685990829,0.41139219797678,-0.435945535702011,-0.0976784158538466,-0.736555197839605,-0.239254116628673,-0.0423319570461812,-0.828619230902155,0.00575038405988984,-0.0548228884945089,-1.03904151041114,-0.704133233872434,-0.997751043080154,1.43374398023242,0.243566355468375,-0.593114333364615,-0.169548704500658,-0.399165408462798,-0.853404611548938,-1.10807516088931,-0.178448426352137,-1.07849938725781,-0.0747757426523351,0.572475429833647,-0.951982605561539,-0.682465973258785,0.30503664882842,0.532364809585643,-0.688347679615401,0.353086577029971,-1.06392765896336,0.180623868668322,-0.672791478031679,0.274674711107656,-0.0826144591908599,0.130523696405666,-0.0101206207123621,-0.40458797373385,0.688866117245227,-0.0175947271268918,-1.8617182809965,-1.04662833262002,-2.26112819074021,-1.6853912847166,0.265938684827866,0.229655187192492,2.97731807187304,3.07522429443554,-0.402983916640136,-0.336965183136898,-0.93760291901245,-0.210487299169771,-1.10690753587519,-0.236269536731331,0.186955031520747,0.17583831502395,-0.297344237569832,1.08378539343669,0.767366623139928,-0.900838860355833,-0.513652578928407,-1.38685074799721,-0.332867223824092,-1.92787179180556,-0.876321248825894,-0.901345953213798,-0.00225603297554815
0.710831136347699,0.582962589924682,2.1619828320668,1.89030950855766,0.725217891592213,0.334114967146439,1.10061546152131,-1.08839988292077,2.0567484833663,0.75724771843278,-1.74329885582668,-0.408794749159314,1.18233785953712,1.91946460625842,0.755874944387684,-0.232282138736795,-0.188862364079932,0.194866533471918,-1.66911895170695,-0.40980508074657,-0.966776911025505,0.0303154900413315,1.06643080762809,-0.0929088862606001,0.77241079427693,3.0372941960944,0.612122670476697,-1.35232361362738,0.356859544287918,-0.474324075489836,0.0839681072796451,0.232889389891589,-0.751765985591128,-1.06468463346337,0.432577042631174,1.09615115060641,-1.03255674829518,-1.49867368705609,-0.53683124456867,-0.790678259509239,-0.211640898587417,-1.53341228885826,-0.154769062463419,-1.24427202395665,-1.49223249385366,0.811499821756113,1.07365184144126,0.62905576637391,0.834443770268871,0.785695985143244,-1.19004228559799,0.717317011189345,-0.320561611177087,-0.492659188206831,-0.00389397232763243,-0.731707246844975,0.641948889750501,-0.212833203939046,-0.632037427372455,0.510604079216744,-0.103615206419757,-0.18174116062341,-0.463451579197325,-1.45806580288633,-0.70509202333796,-0.415140853762341,0.00109437716457152,-0.574517257827485,0.166666110292754,0.308493570838391,-1.45512152113669,1.08723894586775,-0.707895445704336,-1.06236794390002,-0.591147734146801,-0.576855510970853,0.545835519373048,-0.339056053506003,-0.504831218960775,-0.735894617098084,-1.06758330938877,-0.156618835628989,0.268758294983601,-0.353396301326203,-0.984470085300008,1.39516423041052,-0.139092300119294,-0.712594911742651,-0.0866787962995701,-0.744487044096002,-0.223865761349571,-0.0524690352101327,0.397938124774996,0.540010031780512,0.710486657426674,1.1456887658871,-0.20748750160566,-0.630637664087311,0.244912449339604,-0.706694204771845,0.325414170419144,-0.938769938855628,1.38434921015777,0.226563687187357,-0.139251717385339,0.951305478936445,-0.362624359718861,0.46487429216062,-1.00257561237776,0.667200554582885,1.43959610199265,-0.846538335874026,0.869901006824455,0.631584499040406,0.580716171794291,-0.605694188601498,-0.379779226592258,-0.0266948378502765,0.0786850396195699,-0.345076457456215,0.23157459798878,0.64048216928422,0.731050249803019,-0.287164502387269,-0.515875448635623,0.671601199657281,0.461482385517971,1.29416857274469,-0.281328453818136,0.9027881819732,-0.569428457700395,-0.370718470014436,1.15136595154825,-0.302880865678086,0.0572265623498015,-0.722382988768099,0.926586366943102,0.573575444210877,-0.0319953127028513,0.500965233987319,-0.614997349553874,-0.201934679520567,-0.225812042064782,-0.578221573247293,0.23648288332025,-0.702463288575692,-0.183470105062649,-0.593836013395276,-0.0962724195387255,0.205149209788321,-0.659058553636523,-0.471122720369534,-0.0390827907296711,0.512764095053493,0.95860905862374,-0.293849045758481,0.617673999028686,0.333510361829491,1.27022437577206,-0.625156736384141,-0.259973317435597,-1.97354721206158,-1.3128588181945,-0.505159137490536,-3.24846615232432,2.34996004128467,-0.548225902840419,-0.451525135141707,-0.721185283325134,-0.362945697247075,-0.75171146121275,0.13726972942502,-0.354728526394791,-1.24318105156004,-0.153635137942395,-0.235014773856166,-0.0557660939630022,0.597826143784696,-0.932399294290939,0.246601869794565,-0.28142683074001,0.360894072869212,0.446772827618176,-2.2419641100074,-1.3374287577257,-1.16627946446051
-0.212071177286331,-1.42714782648541,1.34735193293435,1.59226166508489,-1.43378199833375,-1.4107123008393,0.873142273671064,-0.304400488066688,0.394110207209259,1.6526410534214,1.35956917342668,-1.28384678058319,1.84202332495667,1.12917578118962,0.890935701061944,0.20778433463653,-0.00597494167903145,-1.0677114029818,1.32786266125952,1.43467333076863,-0.920538397428744,-0.712985025615683,0.413881375544067,-1.54061252463009,-1.34454678208509,0.16989325477751,0.272898887362638,0.763100703029804,0.141560350269542,-1.41877414404721,-1.14672463135016,-0.740381738988626,-0.38393113465341,1.29216058435551,-0.23046687301127,0.59654748468786,-1.29199901821485,-1.19320437157596,-0.363531824408637,0.181869894721749,-0.687495342253972,-0.655394789757749,-0.902737655465929,-0.874751738191493,-1.58597509764355,1.06504174435577,2.094245471549,0.473922520623754,1.32770983354979,0.777614246640629,-0.71709973046487,-0.546896978258144,-1.32675544712502,-1.69764489630562,-0.288596209826429,0.89561017916852,0.0758329464059755,1.39730840199601,-0.69958741951121,0.0163190035417215,0.366833548558803,-0.935757364117388,1.27332831619721,0.0771540100806516,0.800813252232285,-1.23093994686724,-0.323423735083924,0.317130645769857,-0.612373093812416,0.188859333938367,0.511274115116229,-0.0040374512624229,-0.983777757685071,-2.15528357716332,-3.37116274129273,0.211430453955219,-0.469696891081095,0.773911848335999,-0.329618214782952,-0.532331815070483,0.173976845843042,-0.190851800211882,0.896644730057014,-0.168471453198041,0.853228345517554,0.707459211807623,-0.735933720284952,1.96787352792902,-0.435109728108801,1.25902210620571,0.92692857602112,0.22779849795706,0.441975267010996,-0.0695608596747152,1.44995372051205,0.789027194201131,-0.609988457762409,-0.38938902047622,0.878892137156732,-0.0178464901920889,0.53162028437886,-0.375469518331381,-0.439580405431435,0.030132100916927,0.942306580833133,0.855001853067597,-0.0816191532080172,-0.210227942799418,-2.69136639426122,-0.978332408061496,1.27384412282478,0.226320129633437,0.971452657807402,1.0107328437899,-0.705727663841455,0.892923244127521,-0.176624317064798,0.922183799971986,-0.220915724926238,-0.966922733261986,0.377117303510331,0.293291098896688,-0.158355844603595,-0.0323431034138925,-1.3888360601033,-0.328853997766866,-0.00805190814741326,-0.336291898778587,0.193977141363918,-0.136868355901673,0.55622911946935,2.55247772651502,-1.07541456090315,-0.524222411804809,0.240331573181242,-0.246974083662928,0.447895584440411,0.69289233179548,-0.445579500706338,0.294530509025508,0.473752869184596,-0.602228701256256,0.0200021179227943,0.0379761829576683,-0.29948766362754,0.0297311215305205,-0.765037433934174,-0.334390455889765,-0.421159722866333,-0.758402884010789,-0.75754743997094,0.430932001754501,-1.12774016777849,0.68213195310561,0.406822671515011,0.079607496590568,0.305251624297875,-0.152459609313879,0.0517310292905704,-1.18598349334439,-1.23225482758428,-1.11186065887124,-3.08138925515176,-1.13407652315505,1.4345057611228,2.31201269423563,0.700531864518364,-0.727357122655226,-1.33844634177889,-0.0577484191415131,-0.0336803484177583,-0.814216480087384,-0.805388383366934,-0.106937835142966,-1.12311342695881,-0.351986628693549,-0.758566825690303,-0.42622348820172,-1.10982663650449,-0.465032387127071,-1.42924835321096,0.601394488996791,-1.0892459077169,0.510700277618292,0.258773946400024,0.447787034526719
-0.111914874947415,-0.710271258236031,0.849939606387183,0.499481736212501,-0.344585377702772,0.456542139330167,0.162737668886478,-0.0488058283950222,2.76922915480527,0.00807031303817483,0.508888311836672,1.72314089999761,-0.311361288696805,0.429443836443802,0.200245410504442,2.68301159112798,0.402449982138389,-0.834385525788784,0.530236488279764,-0.649429956138427,0.0337090196476051,0.403477853148144,0.543651546314264,0.596115101002372,-0.13506287683309,-1.34193039141974,-1.00207761318947,1.1455403721577,0.756144104034152,-0.76062428158841,0.987260440898087,0.790176243647755,0.104338037406015,0.563314365504449,-0.18510727898434,-0.56428034827071,-1.78057176342688,0.379612390108121,0.258741367884612,-1.72963167028682,-0.872949857749001,-0.569685191793333,-0.821521186162751,-1.60669222300269,0.186310931854506,0.627889154125187,0.351058972532691,-0.975864818765733,-0.0877420174916115,-0.384583385754814,0.35319903984361,-1.17805749256671,-1.13698867748127,0.269525881952862,0.42171116323913,0.458682659042177,-0.104355656239956,-0.354000940636948,-0.000371149793330972,-1.09214050124283,1.08471438691988,0.774677515421076,0.137612886624914,-0.514426474286853,0.586170337946684,0.303609051367571,-0.0501247929838858,-0.527458056433932,-0.260531632255181,-0.252049750591075,0.0405624970005792,0.760589713740464,-1.2234070849502,0.208381117350512,-0.354111473040266,0.183522575855338,0.600545725853279,-0.135525630923819,-1.27489396493138,0.283345079055074,-0.423281313568907,-0.683617920495269,0.905347066769304,0.795494330522695,-0.463854067494537,-0.280574025224844,0.71469123383792,0.37626306335673,-0.32459228101554,1.14654362257324,-0.123642022547273,1.34956475540918,0.355760238628802,0.606128251592556,0.6824451964519,1.26536502452249,-0.489137094275384,0.651892158266725,-0.174852356466327,0.54577712100142,0.320639801749848,0.773441313852037,1.17212825538396,-0.812700249075743,0.362458590759022,1.28160522676238,0.911026943107096,-0.363550317712378,-1.18643530546177,-0.715253853077456,-0.485894534936321,-0.995405132163139,0.521265026745924,-1.1340284844844,0.634687606240884,-0.362091365540616,0.654400127693798,-0.182691663198531,-0.165487998949997,0.635402074032467,-0.105340228531897,0.100719676086032,0.083741037545949,-0.237252013653652,-0.848095530141617,-1.04140170072492,-0.0102991927178581,-0.568880313933287,-0.197838061232894,-0.347080697673091,0.372402371296421,-1.00559018890044,0.591661318517969,-0.487862769536329,0.108087675278192,1.08004682244896,-0.199259060892436,0.249678923146524,-1.21834881335792,-0.993419420455902,-0.243531333256693,-0.627325570852456,-0.084308586262323,-0.318898152699936,1.31683110164518,-0.248651999049414,-0.081011757714574,-0.380852117228669,0.589599001392741,-0.742957436212304,-0.983720930677526,-0.192721055195537,-1.52327001221822,-0.369303381737853,0.406624742056258,1.21856887599925,1.21605160048474,-0.466754320015032,0.183611398326692,-3.52740777400487,-1.19145361915997,-0.165256654464598,-0.935579350201335,0.630664247602528,-1.71436811644022,1.21225823847688,-0.290169167314861,-0.847179792323604,-0.219031632140661,0.416847880673095,-0.452684582403457,0.233313991530731,-0.301877050152506,-0.640638091760938,0.161848355974231,-1.45260229820168,0.483284779613119,0.0356794105312034,-0.36920090422902,-0.732255593590265,-0.0769381264847086,0.733615012480008,-1.47196087929871,-0.546402151247065,-0.150176541912218,0.37856812102009
1.3251034540483,1.55511112375006,1.42213035693873,2.61104181925166,0.0513931163114503,0.40343559115245,1.96063487434794,-0.155348881724771,0.705148923564324,2.03076885589979,0.320860378169948,-0.554454495033685,-1.16792104081216,1.22319299133159,-0.428135186586957,-2.45894743475744,1.61079337877981,1.91492100111234,-0.684991153971082,1.97066702900758,-0.416088772507948,-0.823983922009046,0.0627994305996942,1.72296260564256,0.338072347689392,-0.038387667992136,0.744085898417883,-0.124061155090152,0.771720476513811,0.902218847669596,1.77880057929321,1.19284218914391,-0.00781584161921312,0.25465735276744,1.19235311746771,0.29188098015399,0.0279843581714188,-1.34287307167655,-0.508628887349882,0.50389424443965,-0.420743187974404,-1.00159218121896,-0.616759223767289,-0.990841334364294,-0.748024624718686,-0.0560587247860927,0.580886377597951,-0.180849571832192,0.806131974703153,-0.975321041362911,-0.42103372099991,-0.0971534845193065,-0.089538411682259,0.493180077693744,0.957997652738282,-0.494680052405862,0.24260555280723,0.746704314489019,0.865119478133207,-0.22936341714813,-0.367421056933097,0.118545107233193,-0.560094168918091,0.0891569586572813,-0.890530161004081,0.776812577550602,-0.152598742031983,0.883327558138064,-0.496344019369143,-0.861036939846598,-0.974304336702838,-0.49661521474769,-0.488971979863763,0.78680861313666,-0.403038549055064,0.237370819900547,-1.21683710854832,0.590865371293162,1.08477224260821,-0.0587167406681358,-0.0142545458917128,0.128071443797539,0.625064147133439,0.732902502061904,0.1421297253851,0.656684991037481,1.1775049828059,0.100124236585993,0.451169864025678,0.857196313434066,0.438480972247803,1.21758994929992,-0.210427320606232,-0.278373942318366,0.271177090099434,0.966415063069832,-0.0307584196217279,1.30948489210176,-0.321391852773323,0.215758063932223,-0.210086329525608,0.597710524830737,-0.479660493235998,-0.0449403668515729,0.0885496693998144,-1.46739493167197,0.0495898331099475,-0.741657413570402,-0.592927276058677,0.24195323884548,1.80486399435958,0.155231483710901,-0.00467422392036694,-0.0117653953141032,0.395259457915912,1.41732994717264,0.538278580177394,0.406604938456933,-0.295959662970252,0.0723594267960016,-0.544030103545876,-0.00151796096359179,-0.0679171549652295,-0.208315797279876,-1.08903716426526,1.00467794075711,-1.62186452865885,-0.571880490826856,0.518063783637481,0.718878243685647,0.635546677842118,0.730040401313504,0.607444430410466,-0.659728841364556,0.837817306326556,0.240882742042697,-1.0452886153304,-0.598080332811783,-0.0994823055622664,-0.376015395743334,-0.685968781216979,0.506589558559711,-0.239285388874458,0.218623777631205,-1.14609822984695,-0.246776438049486,-0.925521128016413,-0.851594590728834,-0.0977868672986034,-0.376189805354337,-0.431096221445686,-0.194943636528224,-1.10548229582284,0.331611745240825,0.54841185238893,0.049201742364151,0.412456981198942,1.82371290042072,0.743675395024396,-1.7112183274025,0.714841066195292,0.572258256813008,-2.03048362891023,-0.216494573357487,-0.553695708711926,-0.907264456552499,0.249681691939743,-0.810694170550443,-0.577714991186508,-0.476564978506833,-0.264339704731823,-0.468028050197193,-0.274963812567927,0.77471862267896,-0.671397063380495,-1.03785391448179,0.472112775800751,0.159853173038991,-1.56067258834654,-0.758747769035088,0.166301625610848,0.194455881621058,1.28726949734598,0.241537564803676,-0.0658609662874997,0.787424163444256
-1.26717111148556,3.03463317410276,2.76098920218873,1.18807039570731,-0.245908272755397,0.105545096647068,0.769653786193564,0.698080425752532,0.202604315620803,-0.230790427128665,0.601738879637804,-0.0275910891330196,0.367023536046133,-0.348414523987689,0.960550942615313,0.974307489923775,0.448077943649477,-0.112091264279974,0.107485421542365,-0.463514242228701,0.730881865001678,-0.575559182098072,-1.3211814814825,0.0572954236199113,-0.275770235980983,0.353236376591378,1.13841331916857,0.455015045937735,-0.264680882244253,0.61285019435462,-0.270735631373164,1.4512344101002,1.23082962241553,-0.121381672274204,-1.46339745384099,1.37438307493567,-0.867123490951369,-0.166303949227118,0.627277680445708,-0.670349173644274,-1.24173161199525,-0.55155947540077,-2.43225388254894,-1.48672756466584,-1.13048315923452,0.600200197467964,2.92978478813531,1.6290827778452,1.40462950310053,0.575408221138697,-0.837873076993836,1.62892977943233,-0.693547957626157,-1.11633636485274,0.0896458142092669,1.90298901622272,0.245898094975487,-0.31231326934612,-1.33451007794711,-0.702147531476637,-0.967556373295586,-0.225478268224361,0.601499161419294,-0.646138375262613,0.0768941567492078,-1.82561950553393,-0.412427334003227,-0.112470617429533,-0.356985447284757,-0.136043639524696,-0.960456359361822,-0.704080174208628,-1.45005774108703,-1.52252417300578,-1.1027568467471,0.456938487676139,1.31330900524936,-1.00519070318261,-0.315835101079588,0.234617042886672,-0.944214022363515,0.462130897589859,-0.097660710255454,-0.0582045140873176,0.439975363918758,0.305366627978234,0.313595546438561,2.13056686560004,-0.487618743923895,1.17114180307824,0.440135907236185,0.333714563679933,0.55759607558568,-0.228417995880174,1.32116097053889,-0.559281123318615,0.101575925086632,-0.957335403893232,-0.301534853386205,0.344499281342625,0.185045541085214,-0.627353371677638,0.151029830230897,0.903595967218034,-0.119151024791797,-0.501528249120184,0.415573830981589,0.39495847969824,-0.522673290885063,1.76757288985749,-0.951254065731205,-1.01266978029227,0.192190835044362,0.0933488033488045,0.558367311675368,-0.645496848206854,0.0515528650006032,-0.393058803854656,0.116797532548114,0.292882173866455,0.631008015088004,0.160555212083498,0.528720584495771,-0.840627183118064,-0.561321577160752,0.460982978046879,0.392443868429172,-0.71038965401491,-0.321265568761476,-1.25192670289348,1.03277556599726,-0.505676720294606,0.673775428188971,-0.574611549516427,-0.0818362077126974,-0.390296532308125,0.216133291555297,0.230846103328507,-0.400357749119944,-0.462940115349123,-0.415178172814362,-0.215013783806662,-0.820234391072952,-0.56026045119647,0.133648896391876,-1.24915212068895,-0.144456430430588,0.197783756740461,-0.0947012323816998,0.0938494033494018,-0.776563243050548,-0.0229818100159256,0.558384763589295,-0.233809916623488,-0.0193463598688446,0.162473335732101,-0.192330917199566,0.606097761891227,0.66135201060595,0.667227195155778,-2.46058919083173,-1.57811511050976,-0.879696820173725,-2.55195675159395,0.6322730077198,2.22088128745444,1.68445485631018,-0.578604422411083,-0.0840931043093494,-1.08717220029824,-0.535496943894619,-0.00716029041083008,-0.333618554040718,-0.622361899347632,0.258054570396658,0.551311139509613,0.0157838361985949,-0.360769250482186,-0.410659161009428,-0.323516361989175,0.52072628102836,-0.451850633839775,-0.494888797001091,-0.354460418016848,-1.23157732010251,0.181246873176127
-0.523790469384275,0.450260980386792,0.588249711353397,0.693162260576384,1.20076889763231,-0.122534354040504,0.404653654727067,0.459797858600553,-0.0675083631877363,-0.611865027243225,-0.447297570198485,0.528457407401061,0.477569380101348,2.04799738353702,-0.346496718126466,1.76119597186503,0.0242499849091763,-0.0481160910930242,0.207312245824183,2.26726898178398,0.160103537608719,-0.136170351864277,1.21714919545541,0.565474242093055,0.165441064026508,0.93790806750132,-0.0135717934642613,-0.408328208385284,1.43614893501082,-0.153945096276948,-0.595359379861406,-1.33396122499482,0.641270426950754,-0.321411496182151,0.418918598312738,0.76087802041434,0.130355416975577,-0.949759631158521,-0.935234213982216,-0.342770246884539,-0.656517999317437,-1.28621040918015,-1.21830344091894,-1.49121279551237,-0.680358689636995,0.821069435069721,1.30437837701852,0.230619473433724,0.690940157380379,0.69418653846448,-1.82182818954074,-0.487897969898417,-0.869498070375287,-0.945418729738764,-0.513807878462022,-1.10714397150094,-0.38914911397514,-0.099835544833031,0.306104571820778,-0.241423302713801,0.776977922661069,0.776834903374636,0.180344590610284,-0.160931286515801,1.27405980046105,0.766798091657021,-0.124520407233099,-0.24462895788232,-1.02116557571042,-0.784703042798947,0.938645612097713,0.542554380882438,-0.4777371732904,0.289024968492367,-2.90272349359863,-0.498693786029342,0.0367299429948733,0.363108275737269,-0.486858251169822,0.562681236068423,-0.809857112839263,0.0978320581489628,0.00884658165374947,1.04388324760396,0.760409974269971,-0.120838382144428,0.0258237219803946,0.168169357675907,-0.468654198289516,-0.482153513357492,0.437573384646937,0.0635469453254019,-0.0349510173358612,0.844897801841038,0.560241913484261,-0.458300136972435,-0.517933877108391,-0.219654741791198,0.646516854767735,2.04955840018481,0.346551826412281,0.0383794647603982,-0.653434375508108,-0.473452612739129,-0.298850611128257,0.364770181362168,0.333833761002302,0.266875342470915,-1.28796864014851,0.969859647906077,0.238696735769787,-0.0466442950599734,0.0166847478620574,-0.1163365927007,-0.00911740793407705,0.389894412673367,-0.655917523505306,0.349218693765375,-0.1650478346138,0.328856750382117,0.16829232710769,0.598556100533246,-0.422795564809515,0.264532421122869,-0.131508117435917,-0.199243687225652,-0.0541247987283692,0.275169510349137,-0.464322688287507,0.396618834303544,-0.466798296321869,0.612365894835359,2.77725726696361,0.232428534113626,0.378843873366024,-0.992033603908198,0.275549446359809,-0.464150054731517,-0.101381888117914,-0.0239600712078593,0.0643334359255562,-0.942263538098613,-0.744050011959272,-0.371473901131394,0.0148359653949168,0.0178688717211919,0.282130828678858,-0.810259314019996,-0.0683899153450189,-0.771436795666093,-0.792091389680418,-0.168704891871991,-0.550825345054368,-0.435539612319046,-0.452347010341848,-0.293028362156536,-0.441246707683724,-0.652287274843478,-0.436643153281553,-0.9427510285294,-1.59607828629351,-0.463538728362408,-0.71750362064451,-0.0616549499905642,0.635413893854318,1.58959206828659,1.49633491188958,-0.955278729510919,-0.797865934858002,0.00539042826356256,-0.245950182484749,1.3496977489094,0.0966044444579586,1.18198694094643,-0.263297573026225,-1.06681399496934,-0.39336158513666,0.51072834689183,-1.69396406776677,-1.5585091878993,-1.10646758392791,-0.00992910401003317,-1.15853781714716,-0.232477472273326,-0.460367298431016,0.638345219311069
1.23880988572577,1.61598037283331,1.57411048161088,1.6117663509751,1.23568527153003,-0.0280987642121363,1.77404869409449,0.0185324864416946,-0.414200136227793,-1.20624611802035,0.912423181466416,-1.30610587158623,1.10404832981675,-0.609088704733424,0.562868564050194,0.647622768842059,0.595022237471609,0.742185679343685,-0.699074544553825,0.999922555270792,-0.260202311535856,0.0520124641329793,0.590464757194561,-1.83767931547579,0.0664048776339409,0.674340972113507,-0.641167876977964,0.770898557813433,-0.0719630581382277,0.215713227763818,0.34227644537965,0.759924565818146,0.488298674157971,-0.308408918646109,-0.220113462578737,-0.0318625069638402,-0.0313163912040977,0.242449741443249,-0.906388503804151,-0.426225689970678,-0.851524250382979,-1.25082422563265,-1.67290436735609,-1.09093054617893,-2.17213409752775,0.0699456746938984,-1.35619808537519,0.279866188572746,0.225997659324051,1.11047419426573,-2.02511945202628,-1.5597725857516,-1.16566705283149,-2.05076601224694,-0.0303845729748175,-0.228131805029779,-0.499984447384542,-0.381296969782862,-0.816932453343039,0.922839272545703,-0.385404668391611,-1.2565876875464,0.486536768625057,0.693242382667418,-0.0323852630883781,0.251195214891658,0.132815373649389,0.623960076735298,0.465249399632916,0.633030721861671,0.364420031394238,0.540912794053768,-1.25277847923118,-0.796482927616393,-0.329454823333698,-0.751927143740559,0.663495163455383,0.370605017188931,0.512492350231691,0.0587976860222432,-0.0302283363350472,-0.0619472939643816,0.107151359271382,1.11004907352302,0.44448941650538,-0.13448308917273,0.146781008585871,0.946978037110302,-0.562377578397538,0.447987302725216,0.227978539235147,0.0257052931791582,0.979317590356868,0.755310629026265,0.938040385235242,-0.0771147622826777,-0.222421133867647,0.761128344968144,0.695830868534399,0.326080293114211,-0.0699629349393564,-0.846667087345878,0.944932358721366,-0.454949360087305,0.0219919558122402,0.102852626398695,0.649311701463192,0.394963188630705,-0.558274439569753,1.37768436144202,2.01335433163732,-0.807259495790496,-1.19188794994419,-0.0858308903073151,-0.334462576193066,-0.7487444379053,0.634533285799357,-0.0248225259189072,-0.17428863066014,-0.0308377229532168,-1.10569916005622,-0.301313470748827,-0.225432520487656,-0.0454231062367755,0.296055965712162,-0.42503581638281,-0.64535715347293,-0.39543952279748,0.29159440467238,-0.181237614871814,1.49250145424863,-0.382386027551504,0.0135562136362644,0.229828762036432,-0.650256928229306,0.318279116036938,0.646793157478968,-0.299267529949831,-0.851401434827789,0.0179738951440551,-0.100594175249765,-0.000533240572053946,-0.337488483774051,0.356249323363138,0.191383984090783,-0.735109783277204,-0.0812630647459376,-0.212159857991219,-0.525088738075518,0.172427774545374,-0.00368757710042522,0.151909351886607,0.0128497415809282,-1.42942087291458,0.113365441205335,0.0437252791324118,-0.195052450778727,-0.412510749403427,0.380514085155053,-2.54787814432438,-1.7309361199133,-0.435081620752142,-0.903842815881278,1.64943103921663,-0.58736051141553,-3.33115726744385,2.36397337784455,-0.893681061004556,-0.171700115636066,-1.26736244153071,-0.632599604783307,-0.472796745202887,-0.0294284364135385,0.976961458231708,0.399405445921381,-0.325022881877771,-0.898305665528769,-0.115118391855298,-0.218213081941321,0.245449993055108,-0.425761390169458,-0.579199394673255,0.798007183685231,-0.00750032282618262,0.108178715412517,0.773123756087065
1.62847258244279,-0.0117625606411521,1.46645618491842,0.786906221534067,0.435946618325529,-0.423553503239132,0.30239230872744,0.366009463614459,0.466580975072449,-0.0230400373950557,-0.00860137538732741,-0.198014769228011,0.052909653866808,-0.161764826625638,0.411066215263183,-1.19552575406645,-0.515732696025822,-0.634708471977662,-0.0181839578985711,0.524790878366473,3.01767185828358,-2.1870946705097,1.14324147187037,1.2276495689459,-0.143822543670046,-0.121739200670936,-0.43165960254546,-0.237696691747456,-0.660126738507958,0.20949946639714,0.115701383079147,2.73052093005386,0.567941216777987,1.35124548874905,1.34063391008833,-0.204846815947715,-1.97269750859651,-0.401172511936196,-1.23616023325165,-0.602994258639455,-0.114154684830454,-0.678402459379345,-1.14730872590582,-0.429457229409711,-1.30716184363103,0.0440064905325474,-0.899646653535518,0.389330817381216,-0.633788063610807,-0.214637479350856,-1.01088422988715,0.0363170433534762,-0.6432864886584,-0.816441236810973,-0.0873952279958574,-0.00357220453076248,0.0272911763174121,0.442957290572529,0.206815332304329,-0.720647315617308,-0.423036903157943,-0.209322415378114,-0.368005937120999,-0.405784882069173,0.081080891500651,0.0378657650679039,0.219443268631949,0.486910578836017,0.55476333259969,0.241010871361885,-1.28204179426989,0.707740539378682,0.656943981385819,-1.13017830816961,-0.145628858619852,-0.0753455653802478,0.547337428585577,0.393171676587695,-0.718755965287216,-0.0634142341254312,-0.146999763436576,-0.0489511044636921,0.718258574046525,0.998866036523388,1.39427365040891,0.99558796625076,1.16359498371591,-0.301385511807001,0.339452858457773,0.307064863818867,0.290478252382966,0.281111181424867,0.850763065883022,0.339936736400582,0.713121834158096,-0.305036833395647,0.108594836561722,-0.0792631819268778,0.407102399155335,0.0545533405427065,0.215499799415308,-0.319724057993321,-0.105731283877731,0.0384936465561762,0.29660465560808,0.129884098650345,0.628636494087285,-0.471266815331826,-0.769001803211486,1.19973218736453,0.577705063839674,0.21977165991311,0.630223008141207,-0.261274707623952,-0.159829833705826,0.414462247097819,0.637818708941697,0.738009604700223,-0.393665497556693,0.537962134166626,0.494561551577413,0.852784086752102,0.215839980475067,0.153040828254816,-0.604967482538917,-0.207450812146001,-0.881570494659478,-0.275988366899319,0.0792240989866764,0.045688059744814,0.555765539633122,1.04373877203886,2.70104354212373,-0.232147889670808,-0.572672684414854,0.0648626153161548,0.55113409679166,0.235997027243569,-0.536728039179443,0.662402245727377,0.386933170825701,-0.195921682419947,-0.613590671710447,0.338500211037023,0.655417502719058,-0.0596141833122686,0.235844750935473,-0.114175997813163,0.191085704515388,0.137589997999979,0.422881026927068,-0.992482368292242,0.411730854214752,0.181439917467312,0.43432505965484,-0.534442236018159,-1.41340807247991,-0.306288532172616,-0.93257318818455,0.257291233643322,-1.59620239927213,-1.8608237478721,-0.0418725786501019,-0.0918910375500538,-1.37761248257645,2.05718883225927,-1.46767250935298,-0.945819577971151,0.311485297339661,-0.800513858763145,0.318990912265005,1.46080169191254,-0.20871057676971,0.220501461456184,1.40677268841173,0.718722708708103,0.892121598150283,0.571697590110106,-1.30888517543944,-1.67708900689699,-1.57388902271838,1.51156649599986,0.979929344633632,0.202257059285361,0.0652933471085696,0.405956236732596
1.46565890212811,1.04867734575512,0.978845164923229,3.29827362394155,0.454536232615915,0.630016605492072,-0.393814094267564,-0.759197327167198,0.925490403771289,0.632047147367975,-1.94504846301562,-0.24407241054532,-0.45235468491969,-0.544320649852131,-0.0974839155507934,2.61179475017053,1.48389285314032,1.64794298078421,0.586590918811697,0.363089353241522,-0.823007610694141,1.6402726799454,1.45852919114448,0.675242403413641,0.75041161384769,-0.574016833678919,-0.105850942799167,0.771590564179164,-0.542303800823777,0.721290394806994,0.367308079019335,-0.180863740112043,-1.0881810702686,0.755838132225225,-1.08249032903605,-0.346766219656952,-1.12935857206078,-0.947047658360641,0.104557631929705,-0.907450656993412,-0.837833615269129,-0.376379675658324,0.356219772887829,-0.0969810139242344,0.795651576706354,-0.616155038556015,0.803312648435555,-1.24900281282765,0.51954942888096,0.367811850665904,0.572558145536204,1.27263210416284,-0.69220959794624,0.604638783015324,0.19065897466962,-0.0990999276833179,1.08756160923264,-0.246459224686342,-1.23355470120906,-1.10292694728474,-0.782309662246143,0.503602897936833,-0.718653776189707,-0.77829577249783,-0.060032916860855,0.0760640249682938,0.983661248603343,1.35140177880176,-2.29869034213543,0.476452228813379,1.61769545591832,1.04655957901124,-0.483531005751409,-1.82227196186752,-1.77996260933246,-0.933736013265506,-0.277502871929733,0.357403416881661,0.320821308789097,-0.267824461060484,0.113902967342911,-0.481628639762095,-0.289162919773601,-0.214266760284501,0.81057221076596,0.693442884774672,0.40548058829369,0.210200960457428,-0.600048989204724,-0.0615284622340124,0.155696339204269,0.108055425412889,0.739934130310226,0.0989702126794786,0.209422485454852,-0.0174927708303938,-1.0819740874163,0.175257085441585,0.0938287179687571,0.078987027119254,0.160977238241316,-0.235599322902593,0.905821495283633,-0.287078715961767,0.683309633099973,0.660654119658844,-0.444671762038378,-0.462878270288656,-0.723732835157239,0.791304856448138,-2.14547037481184,0.657826960512585,-0.0192954877513003,0.985484673918178,0.328526219182861,0.192219094727235,-1.20007405539448,-0.139021264172011,-0.119680103733147,-1.07294842554335,-0.208417714984798,-0.140995543784293,-0.597217915376924,-0.721297603499369,-0.0248599142206538,-0.626562769622008,0.101527837385121,-0.367368119796565,1.0677793510531,0.156154352481604,0.54098475628102,-0.800983549294793,-0.888919794718621,1.43553271644819,0.115726655445931,0.0911347921198949,-0.244694374416439,0.449692113325889,-0.153695211861626,-1.02698715824649,0.298855884694938,0.130525822047281,0.405751472727786,-0.145637668069474,-0.66496436011037,0.0631749250478392,0.340547937944274,-0.114692011719975,-0.569467951453171,-0.0212706801344372,-0.947926220968323,0.587033467818174,-0.213416981497091,0.340688809651467,-0.660513227879178,0.496224424864614,0.819218785262026,0.710779671010127,1.18620351496354,-1.43760861765135,-0.714578382236702,-1.73126974533709,-2.78844813542037,1.03603365594401,0.246552519225484,1.59066614655093,0.479149940576416,-1.56177478599718,-0.567482434687196,-0.389192527304249,-1.23894265367182,-0.511283195688852,0.0314818720917957,-0.520170316472554,-0.561694986089473,-0.728382965388416,-1.79003328650252,0.357841802026845,-1.06495392238785,-0.396963417045758,-1.25964378148756,0.511444124897581,-1.94507936202465,-0.00243432511460999,-0.920195534679434,0.750281445575473
0.297167004015884,1.48042012071055,2.17373558954922,2.27178161172475,-1.37969395056007,0.334767455522448,-1.270614031495,1.15809925718253,-0.412296624134977,0.370905117521331,1.01639343735754,-0.482630209546459,-0.622767454931084,1.19480332358264,0.176263730454475,-0.365682878403922,-0.471863699628801,-0.0708714151956603,-0.765401556868312,0.219739132462773,-1.55418557812422,-1.43476731427965,2.29936028917702,-1.2399127483872,0.135933310616321,0.797539359402157,1.08702049708834,1.00507463667692,-0.695658873296354,0.43962298357168,0.582491308298808,0.0836874698485097,0.461930819039188,1.17059016181125,-0.138895987065079,0.184641209308038,-0.130764975278911,0.463859789408934,-1.26158867971167,0.592414504878183,-1.06017257154889,0.108758177830466,-1.44873432594151,0.349687517351232,-0.124676034770447,-0.0102261301238518,1.36604205715774,1.07937362775332,0.903670202833885,1.72586895150509,-2.84231538875918,0.331494561599893,-1.95767701190359,-0.874156306165443,0.862795221587752,0.0218639745013819,0.427213110214636,-0.489867109557921,0.0130048781164534,-0.167748679069492,-0.183586622479061,-1.48331716633399,0.339807385570266,0.339216034465498,-0.419608431371123,-0.720764046772051,0.808053910051154,0.612425735209026,0.441570757912127,1.1385924277369,0.980530913206976,0.425925959842553,-0.366648538957361,-0.181518155060355,-2.36714345613169,1.61686477841441,0.144684881129196,0.250990038252035,0.239691573246324,0.685638010495495,-0.297114852485062,0.979834065960335,0.896994360406796,-0.69039484159094,0.118258561254568,0.0550254048604207,0.555928381861497,-0.0132067967425782,0.90853202859365,0.157050447053267,0.263123546234826,-0.155294449979387,1.03643092197467,0.0581944509691259,0.885093095495516,-0.671807125569002,0.14237943913538,0.734008852454051,0.819835260816208,0.073785834829462,0.542183090126362,0.600107862215491,0.597435503129824,0.0118161268393907,0.436628631577053,0.218537432505383,0.463598099612162,-0.0833510432474272,-1.42729590638797,1.05408687870082,-0.795226113537982,0.345900431985566,0.314634307153343,-0.181860516830805,-0.652053697244422,-0.749528096558457,0.401399841147974,0.704750231509265,-0.989263903217336,-0.335513962993563,-0.194904008554137,-0.410855894465953,0.00227611605318037,-0.582009911555501,-0.898692332007541,-0.193401254354613,-0.708779070952526,0.0287136953237694,-0.182385540439433,0.601877084624996,-0.981229381526928,1.03602623381509,3.44102522831658,0.0351265784594345,-0.236539938887563,-0.396763183189205,0.20590316603895,-0.0201107052950521,0.321612966175743,-0.871821209933805,0.789738989863021,0.448203402652118,0.167250950642819,0.122466955330701,-0.653076593025135,-0.857739308604145,0.50553586426489,0.388285597671681,-0.839774580832936,0.49042769496743,-0.124608824379872,-0.687859428004469,-0.625732194310486,0.728847712219507,0.161006049313421,0.305726662341614,0.973583571756084,-0.214274248190988,0.516521111444153,-1.54584433240026,-1.76896582115939,-0.442752902011625,-3.18513752483508,0.798189399129569,0.765627027104523,-0.179790155882419,0.42309326841702,-0.939365882724755,0.252036069636899,0.229247708061387,0.373193023506474,0.136506852875097,0.921355591845449,0.562119241299762,1.14161556534073,0.46961662405638,0.586911465474883,0.16079529106523,-1.34893378046044,-0.829697697104471,-0.719440617216694,1.9548617692546,-0.747753603517317,-1.56547999595477,-1.08984974492078,0.310774497728927
-0.550329570063565,0.150031483913157,1.18531261837988,-0.765623189681913,-0.0526323980218231,0.888646442510865,-0.138242297533137,-0.0787873452207659,0.037640442825947,0.313576199125661,0.200944428422151,0.657565768643271,0.0482376471148384,0.172520584096679,0.168397727051624,0.929800102006391,-0.72868569994933,-0.825621944242168,-0.543085519271017,1.2693046109452,-0.46636353621931,0.34075725162987,-0.168383122393132,0.0334354309746575,-1.75165545916718,-0.164743085128614,0.554453017004082,-1.17533120510207,-0.168959771252842,0.14262083456556,0.17348933384686,0.933869834287717,1.69775738196403,0.1290698151859,-0.0789298528364534,0.383459705651307,-0.229403389894639,-0.812940327679908,-0.314867323602707,-0.73452395720072,-0.856389740358493,0.0381653979256423,-0.630183071684007,-0.518421259411106,-0.2176660629982,0.98175908653802,0.272519710117525,0.662077795680419,-1.47573640150396,0.992617770077685,-1.81895826894844,-2.49733221221253,-1.6490821010397,-0.0924367729291758,-0.622369694198946,-0.0152242382688024,-0.0192439745135227,0.766691807821318,0.573969457264349,-0.970608566430142,1.39075409019666,1.66400240962707,-1.16813062417885,0.033877316883826,-0.378521634836818,-0.0994870803128729,0.411810800825047,0.729046013896988,0.221216777247191,0.862442313565631,-0.574459965405049,-0.0686979044505838,-0.398178745279047,-0.2834535152708,-1.10439737771837,-0.696808850734824,0.460064473084295,0.574487487107301,-0.685538151753004,-0.05711510501444,-0.655290760653411,-0.62362877586466,0.252899187448472,-0.148343505038082,0.18216555596105,-0.406594174562529,0.0141669838437262,0.0917205053331881,-0.413198735981792,0.530285762198611,-0.164350922048233,0.560649899407867,-0.200138262894508,0.371932138253095,0.808679150327955,1.45126967641773,-0.254777372240028,0.0929757574649736,0.440261100295746,0.14301722147145,-0.785341279182964,-0.49668178201716,-0.507595844751688,-0.199022042108129,-0.763007357704914,-0.349170127244893,0.904964542479494,0.123292317492863,-0.141812745527464,-0.257921310084528,-1.02604508086327,-0.88218807660616,0.155989034898453,0.615680446692532,0.207809093234809,-1.35879890643463,-0.799420794101846,0.0187664102086539,0.478491580517258,-1.33036377864367,-0.561041346985545,-0.101847221236067,0.447734794437021,0.386037423873073,-0.200549564828207,-0.158458796971041,0.409150428564884,-0.218248660816495,-0.380472238982134,-1.29601834543638,-0.766860768982577,-0.969531847313658,1.02543659737221,-0.883818127732341,0.281698222891231,0.561224164920957,0.327036908751716,0.339309503934921,0.471894195490692,-0.357667223075653,-0.739665686433993,-0.158006957850823,-0.672656854691629,-0.149560498674737,-0.00553583867545263,0.193835034283303,-0.0696322533474614,0.272130474640989,-0.614124679261379,-0.131714755699627,0.166976084548974,0.173686426002649,-0.680509531034351,-0.840597381277093,-0.00999492948587377,0.546324862420287,-0.644435061584742,-0.322936237070081,0.321665951600903,-1.82644899737529,-0.544163005558704,-1.3042288849689,-0.844813128269185,0.250058033711877,0.698842752838545,-0.109887547981665,1.00693036150924,-0.812221463998641,-0.398529155806497,-0.592637962265483,-0.423996279975915,-0.0712682190081033,-0.353863903691976,-0.712305057192282,-0.04157140368438,0.144428656117131,-0.632831092964386,0.222508249435796,-1.71843524018736,-0.589603604807964,-0.687904997575634,-0.672288492380516,1.03340167783182,-0.0406833496175993,-0.235199160272964,0.479619741397222
-1.1487880638333,0.994699342057391,0.824978441280981,1.83285485631855,2.35262957080376,-0.491739349417194,0.696489995726587,-0.51632544384515,0.677444601127385,0.403185031836675,0.543263514789808,0.0121692961358759,0.328076537225413,-0.219095769019594,0.165760335893845,1.22893466036112,-0.382226349844589,0.105528373556718,0.242778122040553,0.457175310787868,-1.12356634542139,-1.80893512846913,0.483080249853319,-1.44139429712852,-0.971498709383935,1.65721377162019,0.109095758948128,-1.43284895519042,0.884019829518759,-0.53170851615306,0.0797979085274632,0.0572924639575668,-0.662585994190306,-0.915719934333202,1.87931045393807,0.809042822634073,-2.09265665316922,-0.5401336892706,0.239248098416109,0.0969386458554716,-0.044869565702946,-1.51548131083633,-0.486278398772104,-0.154304190087096,-0.73891418436629,-0.149137026977321,0.30414074029156,0.235052249548609,-0.350479466953216,0.23696738720062,-0.658374362155155,-1.42028919202867,-0.7509246310351,-0.737853173118363,-0.326390062765738,0.322111833266299,1.23965688012003,0.736357240263342,0.320896736095701,0.976760859144888,0.380228498610677,-0.477479361230355,-0.676616822694835,-0.335702038534501,0.992713522556059,-0.812039566898434,-0.596341571535752,0.162856310168222,-0.855915887075524,-1.03938445318233,0.827679374013871,0.725146405428824,-0.94943962962314,-1.24450847329957,-1.99655301222741,0.113198741729628,-0.503022117251111,0.42064100409771,-0.237781753916336,-0.344587421297715,0.538364053078275,0.0411720455643649,-0.0805043904251695,1.07784827237672,-0.396250794491592,1.08693606361488,0.0893153201054408,0.293059825689285,-0.182487093048343,0.375260502127885,-0.00823462165778021,0.304486433727398,-0.0212308354809825,0.303003499638948,0.563400380317762,-0.732506624215312,0.17768082345351,0.202869182200076,1.40501322695418,0.558263812098948,0.789448304302387,-0.00280450421512279,0.536729609830842,0.579770576588711,-0.694016293573853,-0.0724547319826393,-0.580972529547104,-0.683853970493209,-1.82765731369388,0.777981724030452,-1.54881079768526,-0.217738956701228,-1.26975922682377,-0.0204598873469952,-0.0779568290038807,0.452441815826405,-0.123850315626711,-0.316469090242256,-0.199495776874941,-0.433909255842921,0.218458953879285,-0.891532646890407,-0.129798021160741,-0.0403133104422925,0.50949439310494,-0.168888490553251,0.0650447197679376,1.31534793137311,-0.261311558544167,-0.297999665390532,-0.180328159750144,-0.874558396208031,-1.52301995316711,0.0452418286850138,-0.829299828415774,-0.109621586038778,-0.557731391388621,-0.412528276246174,-0.792184620858937,0.0463878364191748,0.573863258343168,-0.529341780640839,-0.478558161314402,-0.400646313385795,0.124114671280478,-0.205829560728657,0.542269298310313,-1.02954849565504,-0.228064434910765,-0.795401022183638,-0.864686868461317,-1.16397373080854,-0.212566767020707,-0.860492870939396,0.223306786792418,-0.547586856793295,0.342346364293232,0.934910824092659,0.593293001584376,-1.13026012004773,-3.25785821218134,-0.575492095689814,0.0802301753318639,1.37383714896594,-1.03988373418822,-0.876682272006764,2.29123987348709,-1.51109320197365,-0.661087171829239,0.530622579195305,-0.573004640758434,0.357597315839677,-0.215796365544343,-0.407458895837983,0.211550674744675,1.25567664059666,-0.951687982268648,-0.00719451994248685,-1.60264225761552,-0.482038830443116,-0.975655507526062,-0.274499396640271,-1.27373009326499,0.918194976623883,-0.339126393100995,1.33642619812243
-0.82356034733892,0.189386528371436,1.85099593234411,1.24158757478011,1.15679514279275,1.29551113980044,0.271091554714109,1.35686483127036,0.955359006275402,-1.12614674454937,0.343683204210554,0.445623560998127,0.116612286312355,-0.492618377039618,1.0813444173853,-1.14321927247168,1.25114703038917,0.425642992337986,0.271565771591659,0.105616486677175,-0.0569082883989337,0.821785452132486,1.46282441094785,2.94161432227112,0.406647101617235,1.39144609811478,-0.387340270721768,0.0234281662769302,-0.983779000305533,-0.406972984341485,0.867067961484935,-1.46351786104515,1.74276178911281,0.430168921181527,-1.1239417890924,0.445390536676284,0.222275529783622,-0.531542696880143,-0.131448739912268,-0.35393559748893,-0.343710598112128,-0.355585532184094,-1.26759561304105,-1.86582599364739,-0.67469823154699,0.184319561046814,-1.87282922639007,0.00456252803448299,0.347380083041004,0.514787883525148,-0.706506557819324,-0.736281386132335,-1.80472500484562,-1.45442933780856,0.195958916189622,-0.166090785312047,-0.829096194372297,0.320918562752274,-0.496407760496019,0.321906483559818,-0.11385435196823,-1.3368407573445,0.676406557259663,0.31761103469303,0.658239723385678,0.0751098365638874,0.571950866525136,-0.528881335812086,0.308619597632063,0.302881476037653,-0.276009572341215,0.437572712437259,-0.925788923796244,0.0236082871169211,-1.35363687107026,-0.0600628059111978,0.775688254950734,0.148307840166133,0.396740513246139,0.144859906700344,1.25293987732323,0.964374052878688,1.76257265801507,0.206888392101695,0.361036195332328,0.620569440457642,-0.738941046099799,-0.337168447225296,-0.275737602671722,-0.402729719139878,-0.323908990233986,1.00945564920083,-0.74149081793477,0.57758087225293,-0.454007393954946,0.637471167864122,1.41407588536441,-0.32225506573213,0.127194987493134,0.363796435300024,0.396291388813529,0.5163764818341,-1.18684175797613,0.351446593507229,0.195628618682951,0.232851242156953,-0.180638955860226,-0.289970078350765,-2.13879022705082,-1.21734234866192,0.755484416314374,-0.546757573840869,-0.217816960061766,0.563203969899322,-0.525746882354834,0.232682609662318,0.544888754966728,0.10038017300255,-0.316762636746793,-0.738130186063795,-0.551686372269065,0.691380494492351,-0.254811453786065,-0.577382348069876,0.580176188941006,-1.66118254951512,-0.727909548064415,-0.299095628198533,0.225328195816695,0.28522736256003,-0.669422873221105,-0.887847016583471,0.423484517587729,-1.19171388716925,-0.678316151192311,-0.58573210403938,0.316034593922934,0.0335026558507126,-0.11652451611826,-0.617778480252562,-0.0299847738549989,-0.760512199376301,-0.387338036740627,-0.195042182917783,-0.226850152844693,-0.822930086915438,-0.859035869198993,-0.036861131587737,0.0250357211662173,-0.0942092960578867,-0.38245280919344,-0.0282856506820893,-0.0430335415742499,0.644829145636896,0.587667799215552,-0.587494179251412,-0.0310358493480363,-1.43680623265376,0.31483154440762,-1.4698915778995,-1.27250522388052,-3.23504334185034,-1.12438741337475,0.152479536441,0.806643889654279,3.93858062435267,2.37184613960278,-1.19581153506246,-0.143713090774558,-0.521867602390938,-0.234768016105804,0.499464474350259,0.406285143757832,-1.26610094516548,-0.0391089652725017,-0.913722867448056,-0.415557158403697,1.07270517246061,-0.601203344900758,-1.19543429865673,-0.503315321673717,1.07652751115059,-0.772231004286058,0.64307150114443,-0.720750694439385,0.651869551916155
1.15407958098376,0.943246095645658,1.02419821748242,1.13725041550123,0.0704702941905287,1.46497410374482,0.293364242721325,-0.0476383128393351,0.0728441880709109,-0.424666463519765,1.70450609917781,-0.754456951955275,-0.360156662403632,1.01704604588052,-0.523367048768118,-0.158907029513586,0.559926035928182,1.67903412309088,-0.710458342336794,0.947239586993595,1.7861453935278,-0.678686314382349,-0.699695658391168,-0.933918042799955,-1.23162626817495,1.4825020678593,0.224338590608359,0.044446878612947,-0.347174637801239,-1.08460666722566,-0.453202130432558,0.660760709733923,-0.811172626155926,-0.00926420120142503,1.23121564186567,0.586027187236863,0.700391482539344,-0.443575928589729,-1.03203660964694,-0.223301169463164,1.68204735452243,0.462418396566817,-1.31774540283758,-0.607825080759551,-1.07701017443867,0.239799971826114,-0.945162892598078,0.240042107527977,0.82814780986007,-0.943831189350844,-0.989716068968896,-0.122916865388085,-1.84961258865889,-0.570924093502197,0.138893758960443,1.34236934300034,0.605828769009884,0.225901650698197,-0.168409278942369,0.904721751456304,-2.33825754798427,0.703947315773719,-0.157256400897164,-0.23322837317648,-0.00966440566476806,-0.421488491149386,-0.282838958177811,0.448288708816813,-0.0568167109964426,1.04676878282519,0.423295585883552,1.27319130781788,-1.44293418568169,-1.82052828573496,-0.384797036258523,-0.699507227806848,0.29050464226249,0.741601805086144,1.09773631122262,0.112615771206487,-0.412970058752713,1.76952967099872,0.637235864908645,-0.402362155596944,0.319935505718791,0.886832135232086,0.488426555211728,-0.019498227954769,0.950876968067646,1.09211733151137,1.11604677779703,0.983088379572661,0.616227182895176,-0.540278682529502,0.0862294184724707,0.820856329380006,-0.615647688514204,-1.00770950209716,1.22106709448581,-0.84944704563203,-0.663533767334353,-0.0741619516564909,0.815910380359165,0.928662412136504,0.655816011532582,0.294971123606049,-0.1839770704517,-0.0261287227560836,-0.161299845281049,-0.0669252598458009,-0.309120288141494,-0.876658042422504,-0.841555995615596,0.781976758087653,0.967461164530719,0.167234233362019,-0.108258826502594,-0.204297822710552,-0.0219581968381321,1.11087309935728,-0.710192746339658,0.0847409041438756,-0.784762089251096,-0.318835389352642,-0.164181586854567,-0.299061203374946,0.218096704376647,-0.386282350062064,0.207032832059082,0.547106512480187,0.937618853451336,1.63353611917775,1.90785424087884,0.0394856315088312,-1.43406789847616,-0.709752785949731,0.856746044017544,0.062739062062145,-1.43582184397575,-0.101398266795786,0.171969499253827,0.613187403851611,-0.387400243827065,0.161324876637101,-0.84128044796691,0.369189217982886,0.519590021555764,-0.743947426176738,-0.117725868527934,-0.84594475276778,-1.23965714752558,0.00990595598923679,-0.316048692468303,-0.478622310230416,-0.126675259649551,-1.20081514580001,-0.477734181571276,-0.760211338388419,-0.461000517926108,-1.68178968829231,-3.37075406612086,-1.52404217516369,-1.09739092234133,-0.290663351997794,0.290363321467885,-0.645861229892298,0.417512938981481,-0.880557001338608,-0.641271980347674,-0.764265141325672,-1.66597904287603,1.28557637559869,1.04049869318585,1.4044978385406,-0.0242125317507956,-0.177960793505783,0.349302207707356,0.509931651454377,-0.594546188071703,-0.0167684086816573,0.0750341986414217,-0.222904791437711,-2.27225218112131,-0.965042460651137,-0.928582095442481,0.352941687639611
2.25679672886627,-0.715885374608171,2.10882884469911,-0.239271919764518,0.26038376932293,-0.338641034526681,-0.228947231863059,-0.911530292053801,0.232563689938712,-0.424439189117445,0.343413054403036,0.891004823413108,-0.343745462400986,-0.429324135621909,0.38071079164624,-1.4247269212267,-1.70938882423665,-2.1376104676409,-0.97139303038548,1.7486972259046,0.227994222743123,0.0492483009339759,-1.14290458638729,0.364091074105092,-0.196855532862239,1.50384462209442,-2.2460225867781,-0.0709316522681939,-1.64287426378839,-1.30391739784272,-0.311579096364625,-0.856733305666355,-0.621270843870355,1.07042859268781,-1.25446992903309,-0.0974096915165264,-1.0370140760787,0.974178668656302,0.589590043316958,-0.380757193736247,-0.60870880502351,-1.50370750973774,-1.61090485708151,-0.831645816879183,-0.548948980906083,0.0999013634057588,1.22378319484313,-0.95682226576854,0.0985013682655326,0.103553183170753,-0.457383779414025,0.233124943677426,-1.5980590501694,-1.27661801411435,-0.288442297154231,0.402447164622399,-0.715229462558595,0.991060375490505,-0.421743598910868,-0.10418717036603,0.41202923197338,0.45800413985056,0.456881454212088,0.189048667648153,0.255355998903074,1.98355761209794,0.245926567901886,0.745485063478429,-0.0872874688379237,0.154367825498034,0.338779402883562,0.440389747317067,-1.16530156419383,-2.09540459846993,-0.668778700240562,-0.558067054665804,1.41227443084996,0.379711192614891,-0.200068036994619,0.444258812491948,-0.124199653700785,-0.29345862420352,0.261027818470252,0.536318956765992,1.10007291663719,0.268560490837771,-0.356871104107288,1.07278096373943,0.163205329314046,-0.323560497608565,0.802896649463459,1.05302673232141,0.359650946749551,-0.811956087168277,0.573487109917474,0.57921204509211,-1.12193992483575,0.422619561906565,1.71053001973244,0.669915650223876,0.918190396562678,1.25760663858327,1.52129235997771,-0.114589182208982,0.432026966482006,1.71662707402759,-1.14594924446115,-0.475042443562542,-1.74113246152368,0.281412341296142,-0.0919965360787885,-0.177702576261117,-0.815854886602667,0.818004830860706,-0.778210633806952,0.188095949759521,-0.0131331215141784,-1.42205201418818,0.221906400346498,0.152821607272427,-0.240780003341994,-0.103934092521375,-0.183183285182534,0.360296404509867,-0.0855346390052968,-0.978704014950436,-0.385402551086335,0.134727849057874,0.261377803286753,0.207389613033809,-0.0650302449323861,1.17955031326946,0.323587205084951,-0.633716866793775,-0.258087371564514,0.0722154718000896,-0.115595428937137,-1.42198031143528,0.532490900392697,0.549482947379199,-0.617399523363913,0.743046750394655,-1.54167773593712,-0.251082922920189,-0.50515493805142,-0.534234393309916,-0.458228342637044,0.764242009061148,-0.903086702894517,-0.206888624535831,-0.123440899182548,0.253457414226582,-0.436568045066238,0.217579636447147,0.567530443957633,-0.435792870035451,-0.579341821827308,-0.386759409729225,-0.358733471707922,-2.75895304222827,-2.92824797767919,-2.56883325857064,-2.53382000657755,0.67988632371515,-1.02132519857029,0.795849308521061,1.95123006878232,-1.54864518172013,-0.0805496151237713,-1.35478821616366,-1.37068728914522,-1.57567623629183,-1.81879876656597,-1.17832745801643,-0.142331163539455,-0.588480953310295,-0.810634191095926,-1.79203670406152,-1.38994987507026,-1.32673026923505,-0.0968443172809378,-1.45995089159569,0.811285600502453,-0.778221945066274,0.030815814524253,-0.294594863791754
-0.449563424790517,0.135994524368123,0.871528467313763,-0.0705111225193507,1.16260111970161,-0.241393658872455,1.46783824079234,-0.464289800347366,0.0476076093966652,0.963459789546946,0.207801997469082,-1.20884635178848,-0.550000681356657,-0.250621473615315,1.86377293760633,0.290077138317835,-0.841991150945376,-0.861766524087698,-0.357859991930167,0.767940427965068,-0.589483426803151,1.48707009697814,0.917883279592722,-1.19832898889845,1.24219180148781,-0.698806020980568,1.11095791269063,1.00071902312163,0.147257617313219,-2.65793375889257,0.0178249005047734,1.40020858320241,1.4161811393552,1.88148958027413,-0.47016801143752,0.0789917707712031,0.546351260065985,-0.426754031189634,0.962604563800987,-0.148087791977599,1.08936902541734,0.339837183761949,0.359081784072233,-1.1293085989213,-0.348714358549551,-0.61899557684857,1.2796704150156,0.420055802048468,0.919642755618428,-0.165215754724568,-1.37061264574432,-0.69726715734924,-0.550365113624443,-1.66208455896386,-0.159431796585544,-0.140616281179546,-0.837544582817826,-0.332083236311477,-0.689118527425747,0.573898759900524,-0.152823362964786,1.45379318996862,-0.363334330847564,1.2204129169471,1.22788014467447,-0.367468275356546,0.191634264508291,1.08944213943043,0.64275151466832,-0.778254502446122,0.133932178413107,0.19096132444748,-1.64929765183555,-1.12839720964569,-0.736239518647193,-0.77906153840436,-0.252818634671512,-0.101903814286674,1.13609001861403,0.270106484639149,-0.28203886968134,0.660534403841302,-0.355709701659159,0.833019048832252,-0.0690933518303941,-0.977550651208064,-0.040094545727071,0.248833706363417,-0.371609296926944,-0.199331981426607,0.566844368938841,0.0599044199598319,-0.188026310533575,-0.588258258966046,0.196640866097779,0.752083392615515,-0.470980507594842,-0.995936887361516,0.770197712993632,0.345028352333657,0.574022432529613,0.510088207374853,-0.108688811574607,-1.21431671051341,0.401954172672732,0.561537622646483,0.763958299635782,-0.845220229196918,-0.815907891801975,1.32846649500348,0.301542904171021,-1.02685861584657,-0.753916803589102,-0.128508817403527,1.01386111417721,-0.729290107760782,-0.327613115762486,-0.37535036250586,0.0143089430637795,0.0900741682696251,0.466683473096178,1.84312114061596,-1.72399002417952,-0.80204476129919,-1.31229224870341,-0.396868045597965,-0.689166891959282,-1.76589085236825,-0.312844161620544,0.22582867468074,1.73001972804301,0.0316854886587088,0.584967026128369,0.933454380419623,-0.00261618546619936,1.08893541085803,-0.031534297881393,-0.402163854614494,0.285322757720237,-0.177530115327546,-1.15052676503703,-0.0114109789364996,0.670125109148014,0.431950635638143,0.0990508412347574,0.0572948188570065,-0.404760036241025,-0.658702053690165,-0.429868735005976,-0.598749130209393,-0.308086115979494,-1.04172944085393,0.847001129831135,1.66123056872895,-0.295275898701112,-1.54949101850992,-0.668868026362724,0.199484325746482,0.0601172895596399,0.240454332244959,1.68254385730292,-0.213740902777097,-0.887413165930452,-0.37959953311043,-0.487019609309106,-0.38778283839433,-0.0327302690414589,-0.531540416363601,0.086352959443689,-0.897612490049575,1.32341011151571,0.151092861574075,-0.0282711157003694,-0.471778223253437,0.355445325128529,-0.111571630453601,-0.179833484048773,0.598849209674447,-0.0243950739874797,-1.13998231591314,-1.21160122720197,-1.11488927938825,0.330192266449721,1.33078647150463,-0.439741062258346,0.278962965415663
1.17233410619646,3.00660043185047,2.20305597149004,0.332345321799636,1.73587521387981,1.71067808132468,0.860669839919821,0.783114043983927,1.52461550036389,0.573753564300618,0.558437865562643,1.61240494051445,0.465007570976185,-0.974226566171603,-0.10496726706166,0.122550087013508,0.690599219407284,-0.687548645638708,1.18245051329745,0.0748871689874215,0.49262210230436,1.82281105401296,1.12831114833883,-1.32828916821103,0.667120982276245,-0.097452334059805,0.806158090461757,0.182747468743451,0.73336129855205,0.072267753665961,-0.658820217996642,1.22435855343624,0.112190819816831,0.829343634978691,-0.0168518501945398,0.0841093128476037,-1.41686166442977,-0.251397830157716,-1.93175796334853,-0.196999513286528,-1.75893710658909,-1.76571629034853,-2.9069623992659,-1.54302401816567,-2.10692955891719,-0.740617550882981,0.252639193468064,-0.398625525759721,0.885778466557719,0.164301198047828,-0.687125162899303,-0.858570478669485,-0.836486889063159,-1.63482643008905,0.0782593635126318,0.892808367814665,-0.430587565448059,0.214265028853133,-0.638373387709175,-1.2686007473249,-1.3079598404416,-0.302035711915561,-0.335637949659475,-0.538856549420658,-0.208449486526745,0.409495355499146,0.436725935442824,-0.00168455223250896,-0.114710687319429,-0.282479300601307,-0.710265875777794,0.494559051306365,-2.30602299694841,0.0694337809797316,-1.04285932723388,-0.63349839432341,0.408214995656395,0.674813633501506,-0.149119152235487,-0.546212100195278,-0.10879158275886,-0.488747170419295,0.5588606076966,1.65693674039318,-0.209857148650368,0.621333653391779,0.629296397050277,1.03804769612226,0.549989660363511,1.17033644736207,1.01995906017635,-0.387450760797389,0.147280499190731,0.698420739826977,0.464256566955279,0.606964275339747,-0.361780345884448,-0.196740503021199,0.254024549353488,-0.0086323423563735,-0.636600674879377,-0.243772069951433,0.479134696715326,0.0115060456627514,0.497339406892996,-0.800286044323916,0.416435499638962,0.282174126708367,-1.73708727060627,1.45205240879538,-0.358601381970733,-0.611140033961079,-0.860996306457576,-1.70416570753752,-0.603915449442501,-0.208130118053843,0.610112169596008,-0.591476039591539,0.313597240983301,-0.2236258519044,-0.0712438040205504,0.517996280555729,-1.22571403029199,-0.521927006704571,-1.2527033785814,-0.833129393416754,-0.383677465121691,-0.871710141688873,1.65291533443508,0.716899670322782,0.536077486330898,-0.232770390776344,-0.442081067691831,0.131099187812775,1.02005433315172,-0.0679242624821595,0.501513418124233,-0.409390587502178,0.348982679075009,-0.212416187015947,0.423359776041195,0.132893759715734,0.768717618676786,0.197456225156954,0.261361254606597,-0.414806145702219,0.132683568731933,-0.318120476923995,-0.70976407650181,0.0774469854302314,0.414799819335631,-0.324856284837704,-0.313345179808757,0.0284727036799269,0.363134442830776,0.0866636981871876,-0.351449178989616,-0.301936072340229,-0.455185683967349,-0.210552466453571,-2.95479838609297,-1.48793882259618,-3.16984603536666,-0.0741923321445774,-0.454092290905378,3.8716044988431,2.18880030611995,-0.428506796379226,0.247088814441601,-0.80041053073661,-1.33549225595034,0.37403383009652,-0.715877068445968,-0.0718903998795356,-1.96186505315321,-0.164250278639163,0.199398768270142,0.765091184206175,-1.3310522844069,-2.36511607979709,-0.935830796951694,-1.71216995513915,-2.1188229443311,-0.175113457102876,-0.772924033235605,1.17169944799304
1.07960154916481,0.418525543008196,1.38308688473639,1.12003597701622,0.841218778618633,-1.34305119968813,-0.235854661684553,0.96546991812452,1.13920867951322,0.79456252546063,1.63185105726936,0.268647757261083,1.81284613538972,0.674971143458914,-0.65143680164048,-0.85053488708367,1.64838647979612,-0.391074414175753,-0.388826066725594,-0.0433276681941834,0.698315066344189,-0.0927466576741513,0.299506604596433,1.03501573490493,-0.0922468667573978,0.126282728667029,0.760321967265313,0.349555084561416,1.09343779332715,-0.0753727571892273,0.113356473690769,2.17698219154492,2.36254670642122,0.602851908383959,-0.509409580636645,1.43528330377172,-1.43974241909685,-0.362565709641644,-0.546366560884678,-0.116031355271765,-2.5257234289165,-0.822040194898346,-0.987971257153263,-1.82734195790296,0.586618927733577,-0.867236618041331,-0.523354914598531,0.627738230297447,-1.08540697142714,-0.828323087876631,-1.41991287088232,-2.10600854839947,-1.23564778687341,-0.570603907605687,0.103324356602142,-0.40206391371116,-0.905512995744231,-1.42622812649729,0.205245942863782,0.528038871855704,-0.00790826018931866,-0.580524913847973,-0.624439845016809,-0.975829393001618,-0.991590271954608,0.306823955525206,0.0284287979511608,-0.636011600598883,0.105375919567609,0.544224747025379,-1.1180906202609,-0.966184932484653,-1.24377223156646,-1.35128495519945,-0.466906440097907,-0.00261430710830417,1.31821206732296,-0.568528912299511,-0.266727078055675,0.219278174656188,-0.287129336609348,0.869878482403527,-0.255178843897759,0.313420514129429,0.289463535857225,1.0009826057711,-0.409012784147747,0.803140256742087,-0.686086354785049,0.612370419335936,0.761949313350521,1.29589499688864,0.819716821277272,1.56129547377501,1.45738204699299,1.82065938073957,-0.608045305889101,-0.360879715772199,0.739360025284143,0.317006579186685,1.11333904308367,0.0317763486986055,-0.0283397837094017,-0.950209451185581,-0.318432241580437,0.0880391044707908,-0.0595330542462148,0.360880185449813,-2.07118283142672,-1.21391680910083,-3.98434626287517,-0.696355598290245,0.434984337226448,0.026160441646562,0.332125952480437,0.552195711526291,-0.202639597247946,0.695862571449749,-0.495365347359829,-0.831213135754713,-1.03475770767348,-0.068818108634434,-1.78643365745677,-0.0662108801268631,1.54814463468141,-1.1215756762294,-0.202611634340997,-0.366514858858182,0.0535755273939276,-0.120606139032534,0.143823826777989,-0.595321347037691,-0.557753197342434,-0.204865130006256,0.271484542795436,0.657661943022277,0.15447192487462,0.0776108320333792,-0.484936619303608,0.370248515542529,-1.20555581391784,-0.13940470410621,-0.162349126072918,0.728590662508393,-0.0717643142612057,-0.221735283604607,0.598827913607254,0.301268408065406,-0.028642665197017,-0.144396165751398,0.664171397657896,0.51387022457348,0.516855567180912,-0.412210640493106,0.138447169307242,-0.151942101460848,-0.437073268140293,0.0578618994861,-0.0283304567333536,-3.33273236548097,-1.98825766016298,-2.6369741456355,0.265258801468976,1.83345396455725,-1.9060991709936,1.53845853689269,2.64750278821597,-0.942679433189398,0.0707101545645502,-0.393837210463784,0.292384857318174,0.451758949310862,0.0436369562306433,1.82706558967134,-0.174294026601792,1.30214213450669,-0.0447493751245372,0.293528186768594,-1.93954418208839,-0.776684504604088,-0.845447787242975,0.822405667011982,0.557152289993115,1.39870398003474,0.509731484551153,1.29370820622623
0.39562340419234,-0.487847699489712,1.90745470056234,2.89720112668906,0.0386700672573994,-0.913838698776329,-0.0413042416411202,-0.702640841761746,0.128305797796364,-0.113355146048414,0.73960589339671,-0.827066712692619,2.31667908986445,0.679718007651958,-1.31523490840646,0.967507548977159,0.712402595472213,0.851241445490419,0.534784671786305,1.94875869344227,0.445740750252214,2.03371562723276,1.97972408778393,0.568424586563806,1.39280376841368,-0.851967359104575,0.928953291586044,0.405061670065829,-0.544217078475437,0.739661854408812,0.0421855376408295,0.896390715458966,0.827072302075372,-0.837001445834743,1.17588977937169,-0.180119539763312,-0.560057444569116,1.01729915208161,-0.789758172925352,1.30729395582695,-1.19961089004746,-0.769546886039668,0.437844792848584,-2.28912384607899,-1.4191729403454,-0.974063747499885,-0.189439284290958,-0.304664673872607,0.660084374879338,-0.553428520611718,-1.6494934894307,-2.25419382922277,-2.45925257299058,-0.0773994682492446,0.443064053159579,0.375712339374182,1.08535614737411,-0.303073136283844,-0.0267275433977585,2.08238950173566,1.08564115304755,0.30812937510457,0.271813472501251,0.521695867512671,-1.17257245697449,0.255624130051556,0.0180578049277913,0.219459126962637,0.740329888624553,0.648317648282392,-0.363775437081041,0.875732551332117,-0.667565881615339,-2.12329135940012,-0.717474503024434,2.28990280629182,0.227788209666317,-0.66781768188474,-0.123896586282786,0.386433546576776,-0.0694254102969436,-0.258371243898767,1.05792938115975,0.0715829629119738,-0.613378266995434,0.471711858794192,0.662733570148728,1.94288188316217,-1.49002085506179,1.51848981555254,0.257682169307,0.0896555834616293,-0.120944972082295,0.29233349170821,0.0879076007895669,0.298837874813252,-0.133014110734685,0.356457174483767,0.988862557328622,0.258042368785152,0.296884993099197,0.308459107954644,0.278367724428103,0.287090906359528,0.956912866112471,-1.08304962099415,0.0701547561221659,0.816712824973961,-0.868889781594674,1.98926293103946,-0.0966921906744534,1.54712367334448,0.257288982528358,0.0672493287575621,-0.0597150054142534,-0.359162364860405,-0.923502363048611,-0.969329009317841,1.36065311332494,0.699923744508597,-0.646477126245853,-0.431100303862113,-1.53488265449595,-0.668606848114082,-0.142316126148345,-0.0878776138989524,-0.85493362751392,-0.148339964326859,-0.349148708779578,0.762212365820105,0.0975017476111006,-0.730102356874739,-0.580195833060266,0.11284283874651,-0.40120939416813,0.34520412965399,-0.615863231119908,-0.223939603371469,0.159487093845203,0.0375095808434466,-0.746840322625869,-0.00472673952654344,-0.372847325388766,0.227026554313248,-0.287651553335005,0.84176896008584,0.674496022035528,-0.161850287552464,0.659981957792599,-0.749827824450073,0.381711652964128,0.760492979721057,0.446294110227026,-0.334164625667659,-0.929873829648001,0.485383561744454,-0.219126524210477,0.767967074643852,-0.307334793030766,-0.305445363250183,0.411656733297097,-0.585783049899501,0.154270174221989,-1.57605288628356,0.693716061946951,3.04890224756142,1.49533529005481,-0.877832237615218,-0.609811995024094,-0.728483175385435,-1.62400105120565,-0.992802335462985,0.513619173059053,0.769469072378177,0.133058493433466,-0.705456688782139,0.627814381824539,0.277130855509047,-1.4937716155834,-0.176640075174594,-0.582187407705488,0.0174130735446583,-1.07218804640909,-1.23909273954874,-0.0619205910343207,1.31053532880468
0.72694140768939,0.204042054154088,1.6498859958521,3.35161597689496,-0.193563581458543,-0.0932477554622189,-0.376979268250618,0.40528868187499,0.0583644298732179,-0.915228329903835,-1.39862323541975,-1.30743299243654,-0.255130651748076,-2.28639015425948,0.984177858794937,0.932011450438211,-0.252834486127881,-1.55279265109666,-1.97843171875931,-0.0664846162573156,0.627403145201038,1.0280155105567,0.265881389110576,-0.0658193471958678,-0.513239039563807,0.20023517121565,1.67970226210651,0.264824017738692,1.29598881909206,0.17153260375591,0.71466245027139,-0.922696644428575,1.21915619283179,-0.301524342026294,-1.10952310707266,0.771507959649948,-0.691385988125225,-0.433749668659663,-1.07560209427555,-0.0289445337279617,-0.479326449957655,-1.34951324097807,0.201308239887742,0.16839083603779,0.201708935075226,-0.520550528865392,0.227882360287261,1.89912839087994,0.238631842542887,0.99222926259221,-3.59225308586277,-3.72404857620163,-1.48430480845571,-1.01532140739126,0.699781810678717,0.523264172312855,1.23979996679449,0.420797227390108,0.506419976222883,-0.816818951816696,0.452965727944877,-0.301585227205691,0.21461375297053,0.226999050033475,0.351131614213648,0.354851060186565,2.09607936462826,0.0923223929193935,-1.03450268945591,0.958052301994885,-1.86129005979989,0.427576049473706,-0.392695144809511,-1.90928822915816,-1.85596881403316,-0.179354508767005,-0.516509508328359,1.31337919377493,-0.314897981353395,0.127471768010449,-0.351459230429976,-0.276297018922826,0.07860451832201,0.0851659476903393,1.01958533779629,0.336477623642836,0.798319069708613,-0.145730674776683,-0.6671682729454,0.00515812249834404,1.43098287998487,-0.75692094260753,0.39307393292664,-0.396001359789226,0.258639988445941,0.410752588899488,0.515164777038867,-0.668254668571991,0.509077712712671,-0.342912162197401,0.45478188400796,0.21982177263464,0.404585389499745,0.46102970145943,0.50655207270965,-0.0436289460886596,0.28407325464748,0.666997323358839,0.258091292617056,1.0156639713241,-2.76218896181859,-0.33979442533526,0.0268380817627891,-0.222067712502877,0.350947639863226,-0.19157073917259,-0.599513739921038,-0.103458753158865,-0.361145985011163,-0.268057095952165,-0.358911832834611,-0.0168752043091339,-0.164041872048308,0.0233217154999016,-0.705202282599636,-0.732027223210909,-0.982981331340828,-1.49469573885618,0.992453994324893,-0.274045185173255,0.892915188689072,-0.546573367750605,1.83269461262889,0.0501479638074692,0.225299849759682,0.597918395144099,-0.247981445329368,0.748039746737721,0.398009116966603,0.369549810492789,0.380588646167908,-0.152032328168569,-0.695606814304121,-0.545648485836832,0.775232614145248,0.619729438919761,0.174773686652661,0.549224675802306,-0.19613642677932,-0.220548335445736,-0.360061907023726,0.393694193795736,-1.45536127252564,-1.57801792038087,0.467994631323753,-1.15577539465242,-0.128607044115026,0.0837747816723431,1.59801951069766,0.451271311383925,0.00226825786232066,-1.62375837652796,0.652015838728173,1.17818998822182,-0.68593955694227,2.74558890596652,2.39404953301678,-0.762181006026451,0.329075666783123,-0.409019879636133,-1.12368801464912,0.112495682839993,0.134810620248651,-0.136509732707056,0.079656424548073,0.750671453790495,0.17874884899285,-0.574858561309977,-0.10056285291261,0.117029815931807,-0.219509376088035,-0.915421881659229,0.946244260831752,-0.24130913688621,-0.460782022250663,-0.559538953187515
-0.176675298084502,1.14966534446393,1.99113809314857,1.22004084180199,1.28440762149667,-0.339850669390019,0.528744086040035,0.593285329886167,0.835129303061159,-0.906889822250916,-0.484229625603193,0.739940208818375,1.17185442822862,-0.19509154351466,0.858537555752958,0.289972006085826,0.517900504502821,0.264693335531437,-0.0959324999383408,-1.49099764870423,-1.17344353044846,0.634597583954267,0.474637960205689,-0.104561117507475,0.0252570497476859,2.04306954312039,-1.21781604765044,1.3632859329011,0.581038048541511,0.295831811010222,-0.135555306977139,0.500278862869818,-0.0806329318825319,0.908255754701109,1.847386604776,1.60402851432918,-0.352490310724891,-0.172762783300486,0.0571657557932123,0.135112031991604,-0.607958322678135,-0.753466885812678,0.902677274776646,-1.21215115834256,-0.476191503895752,-0.459617304652548,-0.89068847007909,-0.109659414985765,-0.016439163038926,0.418621084287869,0.0823818716409604,0.23569325198008,1.39756648693527,0.0208327794221218,-0.698382554561969,0.0127584445532373,0.65889081583059,0.162708569337359,0.00690376207911263,0.440551014171054,-0.247077571087231,0.405860156637422,0.918891629095256,1.34779404163556,-0.085913995060372,0.242321777209067,-0.0318560046025578,-0.875183494990464,-0.321556694293496,-0.73483913999111,0.865333263925657,1.27054626851016,-0.203650249363798,-0.56341354629365,-0.611172422807015,0.24026570975188,0.722847825467446,-0.00888507451243155,0.229102956170493,0.352665070342306,-0.153782187977127,0.291645212626627,-0.977558677718022,1.60470456812361,-0.602359679531328,-0.221195531902851,-0.0398800458225172,1.05885144111034,-0.380005258721893,0.668855416276965,0.10715306988319,1.19645309055624,0.738486819694125,0.711681318538185,-0.244403176792883,0.10594857383866,-0.528641691810942,1.18119639080337,-0.82256155306686,0.554739356131781,-0.499607508224662,0.986287195761459,-0.030368777681386,-0.259007423869143,-0.359363934698215,0.267849621770177,0.0755717928940475,0.151727335784889,-1.68275774030553,-0.0298676416454502,1.23374319295496,-0.508110250849155,-1.07246688304364,0.574358468426958,-0.900399501774072,-0.101365893945234,-0.216904548376608,-0.936365671237509,0.12917389836098,0.563066026518447,-0.128095096412817,0.716172679787986,-0.360215461706746,0.471002852123577,-0.0435358735231738,-0.497533324116982,0.0632552543517942,-0.700446227773883,-0.759035299155328,-0.0849633784050336,-0.170768502306812,1.02065518167445,-0.130337928338691,-0.586280940577616,0.110367905512134,0.867774448501442,-0.288386538954912,0.0482727095192475,-0.224390846387025,-0.798547339183422,0.964383828434635,0.136290082412974,0.354154265156035,0.33602779439338,-0.267657246322644,0.0811957011150907,-0.0349788411768407,-0.654809621902084,-0.489869154200611,0.166333918103246,-0.0940100172757078,-0.656010306956864,0.270435978908089,-0.874991944021139,0.595943989391735,0.561879476563497,0.483925328885208,-0.738789040950335,-0.0123252636123037,1.27563312536311,-0.490479054850325,-2.46986913217326,-0.722438675367076,-1.01651728315994,-0.857836143178919,1.57988368616832,0.3964798060787,-0.538197908824144,0.0804383400626252,-1.6952814059992,-0.822915802554733,0.522171629528805,0.583372862298246,1.20921889404525,0.270887615340095,-0.0986913467044008,-0.332995790241234,0.585446158486208,-1.72198425794842,-1.12580001542665,-0.818006437081993,0.561783885111993,-0.216081490752338,0.134367966421505,-0.406645489777087,1.31183300031508
0.23402019901907,-0.671481153008855,1.1131347573099,5.0130168290721,-1.37599922834969,-1.23144416369868,1.36895088829576,0.173603544587554,-0.458436848741396,-1.21212015278905,0.859471484071912,-1.05888282765048,0.611314430386694,-1.17040450083711,-0.418191207366982,0.378502205783253,0.449534888000468,0.545441368266221,0.203756875509223,-0.00180335145511016,-0.449042883717529,-0.290385182964149,1.93478900584175,-1.97413663567531,-0.676561549502966,1.27368377666195,-0.582585815738543,-1.05476690799562,-1.93411723762996,-1.11853836634356,0.294709239856791,2.26899754200543,1.58003749042132,2.54472384593164,-1.52948876830741,-0.448247174833611,-0.163075850815926,0.237662173375742,-1.93984144313116,-1.01591790339385,-1.79778676867925,-2.38283866988754,-1.79919933640476,-0.619450990799601,-1.1927144129286,-0.565022600066133,0.988684584834339,0.931378480414673,0.0337621123708882,0.839567318088409,-1.83790581898864,-1.14648097226617,-1.05815044304068,-0.204076666004626,1.1977917931323,1.03570914420251,-0.359127466879501,-0.424951397618441,0.292988044673527,0.319611667653696,-0.8014821733975,-0.221095664688412,0.0432278942715202,0.232447907837152,0.375598784822749,-0.622851973025497,0.724585735774086,1.01618353529009,-0.478967726647326,-1.10181807332145,1.20512927082326,-1.09776423896636,-0.511113533778795,1.02768316376715,-0.367022920579248,1.05461111212877,0.568960981943309,-0.332089165832901,-1.71797651944257,0.139895716064482,-0.33899830421518,-0.0117994507562361,1.06089025956175,1.15904336679507,0.260462776125488,1.15076241957376,-0.649329974958383,0.293412053883889,-0.192246526417717,0.474795632489205,-0.2371133886374,0.0492607470984277,0.494980405710466,1.07874311867371,-0.952474681183494,0.381558217553133,-0.755394365555989,-1.22256547807594,-0.000166581201303882,-0.52201802637045,-0.218092033165119,1.17348684801634,1.40303613456435,0.260183687746971,-0.184656176578609,-0.338863450384819,0.315100039163589,0.533316332526322,-1.84307410691204,-1.28610548751673,-2.56432657163435,1.28309435036859,0.364527510467025,0.272572797991826,-0.440287554382362,0.339654283318851,0.720028329516711,0.601037267593334,0.364503279549324,0.299861683963011,0.569415224808422,-0.238132794201019,-1.19470070449442,0.173027561815847,1.54283119709955,-0.565178220866078,-0.282099310852276,-1.59095354650732,0.504129930294938,1.09162637233481,-0.183309133277742,-0.433333799870568,0.703459172232566,-0.0667705021637167,-0.387870129233662,-0.620750953602848,0.45722933979834,-0.136027866431151,1.069058649702,0.248297823179256,-0.577045509351658,0.285245893145338,-0.770773552619179,0.673162242175528,-1.65494854429788,0.338293480116198,-0.394528849971314,-0.38356919737941,0.236911111393967,-1.40332418317824,0.110884622217205,-0.306825328579692,-0.310363692722231,0.80756385491671,0.465360180620592,1.95720212320714,0.691486705148588,-0.888991090357531,1.1253408673355,-1.2638386724475,-1.0377822316355,-3.97487277247095,-1.40988687595226,-1.91830479147822,-0.140157981663316,0.185818550533181,0.00921256131856237,-1.04042055517686,0.456055325331191,-0.397763693278773,-0.419390337522203,-1.20548506044,0.174730233323855,0.373837306380146,-0.83627655190022,-1.17938532563415,-1.60132526146608,-0.170572676499475,-1.41222000601604,-0.795406180347859,-0.94508054009212,-0.824997845984612,-0.0558186685711792,0.743268297177042,0.413130944287348,0.302659966944753
0.33880985186959,-0.204676878683784,1.10251904453435,2.04555099420747,1.47371079545959,1.24103301101546,-0.458796994238315,1.13593364911529,2.09767917124076,1.83738228689615,1.17595087981985,0.143832376381938,1.12892178321458,0.114089851602479,1.39196897257852,0.0166925827692883,0.952013841095558,-2.14317992094226,0.0775606348402822,-0.555600571225377,0.536774758545573,-0.029808095922484,0.561244834834785,-0.613775396627283,0.910208637092292,1.82588053936751,0.408505778880534,0.229850733611484,0.250015403647417,1.09375959737891,0.415342598887435,0.473156070247081,1.63125611549437,1.52321249936285,0.0407280799881695,1.99058838067511,-0.666793775432506,-0.906983170213006,-0.67819535310617,0.220964148359649,-0.283329020335084,-0.141463053283248,-2.27282031792625,-1.13500391259144,-1.33344262639546,0.574644940620449,-1.0574516275863,-1.52470314039887,0.342978019350002,-0.443811374988908,-1.03313176767861,-1.61758478210272,-0.30778539223933,0.623491672330251,-0.672996318989448,1.32193306686517,-0.667358955658153,-0.605465702642298,0.649812495209023,-0.989817124270976,0.704047957725536,-1.53749377826103,-0.514132830665763,-0.841897765454688,0.417811875959363,-0.189940761877271,0.230866110486606,-0.318941458482283,1.12268235967989,0.125550863670696,0.0713988020149995,-1.29968436754006,-0.135139154419884,-1.22106402380524,0.396581151053035,-0.0966819359350685,-0.126847837446904,0.0991928232535205,0.871130743527207,-0.404765352347616,-0.81969564465423,-0.411277067219801,-0.535552181240223,-0.48795798024718,-0.364597938475726,0.151499625654508,0.113894376510673,-1.05887904627244,0.441254662418475,-0.0278333638270795,0.325684550738272,0.121740994863113,1.36118158652115,0.62529473206133,0.402245606647652,-0.605644608120616,0.0014126249468243,-0.0211308391018822,1.00498250705745,1.16193247696809,-0.693020386467856,0.668899530534121,0.961542096334918,-0.545007169319923,-0.12066921264931,-0.0952566912419954,0.358575500523328,0.451271327894553,-0.35964417785732,1.07981191110087,0.170317260933868,0.0997534555005115,0.835729218047082,-0.310529720836644,0.421459774039669,1.36226100018163,0.115113049882437,0.794079575744156,0.227728615091792,-0.514187914939113,0.220763626424854,-0.685372219858094,-0.127911466094135,-0.910488462643224,0.459149422465407,-0.652868074238931,-0.392901269101128,0.0686448896364148,0.030212022853238,-0.180896961300428,-0.371380058244352,1.2017064131252,-0.204120374712644,0.312494232731179,1.09741823047865,0.794141202732,-0.528923095949139,-0.103093527066739,0.0968609958024212,-0.549836209931122,0.0750829866362018,0.372266063783905,0.845321151601888,-0.809847669856849,0.878224870294821,-1.15112356802323,-0.329133121970169,0.0176883911439985,-0.24119274777198,0.894487715419335,-0.433787020446595,-0.108907491952278,-0.259268520422242,0.265012551112034,0.225343407987329,0.385161504553879,1.18996836207488,-0.98626724661169,-0.0715355205758298,1.93961558089142,-1.82724010491609,-0.28234365584093,1.83941562226093,0.920992521867826,0.833541539528715,-0.33230454509061,2.9011098162216,-0.337011208714922,-0.067055457765136,-0.225584339058985,0.769299160526246,0.339066718843825,1.43345471796358,0.282099283238234,0.147020148803032,0.1513841191307,0.0218325587435108,0.711289700754381,-1.70126315733489,-0.609735350034976,-1.37568527703243,-0.738164048643317,-0.487488629367934,0.854268591849624,-1.34990628399553,-0.919467970274723
0.00646774544623896,1.23534999981669,0.880604284852521,-0.366007464972473,-0.172253235385719,-0.134812835956305,0.454283234662685,0.0167480985050763,-0.0832657018980084,1.29338760975384,-1.79739787333681,1.89696681487923,0.268497012246778,2.12092656793232,1.80634044276693,-0.177168947238858,0.844638165242245,-0.281884527132333,-0.417543844516928,0.642272220351593,-0.799932283116176,1.90720651675277,-1.09727400328139,-0.499934890394168,1.68357500965217,-1.09384979421008,-1.32610218093902,0.0754447259520372,-1.04631217701624,0.524502237300633,1.77502756059226,0.265629177428397,-0.0240720088597024,-1.17772719586736,-0.517465836906947,-0.0996093811501368,-1.09922319323539,-0.807149775484217,-1.37549128793296,-1.11400189719314,0.232748588648698,-1.02702229984872,-0.139427410001298,-0.287004141425342,-2.64446688255019,1.60070352234021,-0.213801940080257,1.67660587465911,0.190374199406274,0.111790787692211,-0.0824000780305392,0.0302695570611706,1.22870287204762,-1.06776354374313,-0.997187554768908,-1.02983578121338,0.859162252204428,-0.0626954719191554,0.388088967719129,0.230301594996182,0.382922939105942,0.557114142548316,0.0837538411897217,-1.22093240909223,0.127362758816752,1.40804332155403,1.44341313465523,0.484339626908339,1.30904644787517,1.46543449396587,-0.546837860698024,2.16324767336244,-0.840297659718608,-1.94301544116654,-1.32757045639426,-0.602540800993277,-0.177573465788145,0.949072293252603,-0.911393243454694,-0.526119115022728,-0.0455732955130515,-0.276434979644487,0.354970594115564,0.147581624789636,-0.624616549029764,-0.799852658685494,0.373353646315941,0.150003354644307,-0.721766691779452,0.608929015064039,0.338449986946055,-0.813877540968905,0.669520318095153,0.554844247964669,0.364727801447865,-0.0239529366756939,0.0376565806106662,0.575578857457881,0.735779917586844,-1.63889643094375,-0.754743656967845,-0.463292609422509,0.680738402637364,-0.723885494226618,-0.0533009119509039,0.254736868308769,-0.0153356489056093,0.698007539277194,-0.692327874795957,-1.3744144783755,-1.99678996018188,1.16097035169091,-0.709628956446772,-0.0551471740516784,-0.399299838932294,-0.273661366810881,-0.0836026651181502,-0.404562371402787,0.40100756735588,-0.115875265431456,0.294114766935886,-0.382793306882801,-0.245246222646068,-0.262767207552019,-0.648796049950851,0.471575687833213,0.0634426798344691,-0.92620978667522,0.183303405171801,-0.0841302058503225,1.33936170916573,0.623693377868818,0.394642691824054,-0.707638219309008,0.362777238842061,-0.475343741276394,-0.205589380458233,-0.707461001594153,0.226147791082295,0.67167815068735,0.235921366725082,0.130829905824765,0.885902847315943,-0.471431760276706,0.326211401223388,0.119383440143948,1.02894055397754,-0.561404412919412,0.148419968324125,0.126835287789092,0.956323015357541,0.663151415800549,-0.24835079172215,0.619473171540664,-0.254996611162929,0.0457490200723345,0.0686434851998746,0.439811071161358,0.194476338367135,-3.50970385754899,0.688653541255504,-1.09939644844995,-1.42872814366607,0.198680494371509,-1.55258895863057,-0.5743258695274,2.56362156785862,-2.15459646646021,-1.36671431988017,-0.0384983911473726,-0.266011051856079,-0.957880980530529,0.127797329957174,0.138890609565448,-0.0537870585518846,0.487248479790347,-0.191171475158745,0.0029748474493089,-1.13466171008489,-0.398815951646055,-0.0419535753353387,0.161705986827084,-0.219460032513715,0.822148147309307,0.425526459677173,0.270079750759439
0.487550470295023,-0.431476519374915,1.27507006262864,1.14578631197367,1.59455379475514,-0.963439684990413,1.04465742637598,2.01502468010009,0.272350088039188,-0.00969924880967042,2.45650182775971,0.328973191939125,1.31754498208365,1.0781291161781,1.05962087153276,-0.412127016583614,-0.23059702080985,-0.388048197922508,0.36328989676914,1.15260634254889,1.50792027124827,0.56215083714737,-0.477347501289158,2.49820346953447,-0.213503487565876,-0.857420208899834,-1.04535107610235,0.294844425346444,1.944965655507,0.724611616415246,1.02649975379461,-0.666297784650625,2.00918714278347,0.368930152461139,0.883587803407115,0.565055589833601,-2.02708305819792,-1.44941770384558,-1.30964600625872,-1.6213507616379,-0.793847855294188,1.53036715777843,-1.23253601774277,-0.577776793848933,-0.447715832522515,1.04039091863382,0.62671358739085,2.05152206861796,1.06403342894769,-0.133624995963578,1.0000484586705,0.826467312454188,0.155020270343822,-1.44525886623404,-0.860882842205744,1.39372183042676,1.6723159094593,-0.672300934047734,-0.574926673159285,0.559586214078703,1.30326948769045,-0.634044925718481,0.110722519808845,-2.144231056564,0.785616839494199,-0.096842962550756,0.587942563394723,-1.40085438953983,-0.626849347519914,-0.0489738641039327,-0.122723418559362,-0.588124197329851,-1.66931001341311,1.03436225470816,-1.39520437717465,0.408522728472646,1.34683650752265,-0.459243253997183,0.183110029512155,-0.457918254592589,-0.160526792037473,-1.15095266889681,-1.06580194588336,1.13797497096722,-0.188162520017196,0.617023548495923,-0.257113105430399,0.594386479800186,-0.410092142251252,-0.691323503167513,0.783591270893953,-0.768947691348909,-0.363761918763119,0.150934973975288,0.692281327614803,-0.977338219074726,0.583958698503027,0.881278776748555,0.0833222196365376,-0.516143278496516,-0.355019809481425,0.0408338856207987,-0.346121115718375,0.50721547144784,0.673470335607656,0.956757684526964,-0.00928708346174792,-0.168351265484508,-1.80295192898276,0.935403795734605,0.990868836980531,-0.686789341362493,-0.988212497272082,1.03874947388749,-1.04540863067011,-0.322886328213621,0.293897263127255,-0.45655523606823,-0.175004334967948,0.0892790996213319,-0.115033117918006,-0.725141078515321,-0.466109454317255,-0.158956408614043,-0.524444118557339,0.7777624060492,-0.0223713154644503,-0.582248804774187,-0.667136988939976,0.533752890716502,-1.7502786835492,-0.648251400935263,0.433916893519446,0.759670805745038,1.40074576919078,-0.976743230268645,0.4156178119831,-0.453626069994171,0.53508551972109,-0.023103910151497,-0.154626907538486,1.09585390698632,0.202810134851064,-1.54901650659598,-0.506225008355361,0.405749150311454,-0.0776246449789802,-0.770100205824414,-1.31864466649308,-1.58320975271034,-0.0444213416987166,1.04451841171092,-0.888933895393627,0.750350138911852,-1.61621693874731,-0.370510801380703,0.681830891524841,-0.543391608441153,0.713309719158675,-1.55968158710855,-1.91129511834974,-0.747636944344924,-0.714526191856173,-1.58340092596764,-0.263005880165848,3.79893747868662,0.179474175534386,-0.400406756297478,-0.891655714949497,-2.00971732330656,0.00359288418492323,-0.78384495956686,0.555451279000057,-0.921617313440992,-0.922019602894117,-0.945943942682802,-0.349864283568632,-0.782775097367797,-0.74383986214975,0.320356093899967,-1.12811912235153,2.11685932230196,0.672848496745176,1.55755677529267,0.0482433751780925,1.5028162095814
1.77857553698673,2.89156652859147,1.13004417832077,1.42611844119186,0.900716438000345,0.669251285689798,-0.467142546280566,-0.606229891520971,-0.194209277353832,0.45748159322846,-0.247072891398953,1.51458398264851,-0.136314997594072,-0.994685927646748,0.034057065038504,2.41373098376719,-1.64589969796148,-0.0462320269839266,-1.34441085230344,0.932112122348206,-2.0990201624745,1.80958883449619,0.863151478071244,-0.595699764641676,0.297679096606032,-0.119563505557156,-0.473064757600115,0.068102504610673,0.348006910617139,0.438588745879317,0.604916838169842,1.18536415224667,0.476434781729793,0.989939870890145,1.91428435226658,0.355944620893994,-1.39056745828291,-0.00691890499704346,-0.654111289501733,0.179043262422852,-0.298053956768147,-1.12338409715402,-2.02550786894002,-0.687199890689001,-1.44714653302694,-0.568508887175977,-0.646701712508047,1.32792498503591,-0.738331846218549,1.3904257514015,-0.384768491119188,-1.03810666733921,-1.06030702433837,-1.66914114902069,0.046035167777236,0.438700477186784,-0.219572272252295,-0.11301363865015,-0.438078500542132,-0.371814959645693,1.26354973825979,1.26965835126789,-1.20955219814903,-0.428383934099693,0.447867335641815,0.84298946223316,0.0661279205505418,-0.00819062356718664,-0.0141805979367928,0.251810109187382,1.42929968843119,0.338158086134322,-1.88605512072946,-0.494059539223455,-1.05839387223314,0.419047452740247,1.67739062152103,-0.315098363659813,0.516177267474541,0.089165783240472,0.861853663622702,1.223925083873,0.189124571649397,-0.850245051883942,0.14617300420943,0.68263400376669,-0.226506561788665,0.870013027236954,1.06460941826299,1.21002868304068,0.481784626863083,0.714730165274596,0.546645709324008,-0.783652058403787,0.292315266379131,0.394897533892359,0.206472221566513,0.807899474101664,-0.0281158896348191,-0.536073938160446,-0.560499806624469,0.80059057026441,-0.200925631809397,-0.281218036575882,0.426989423231219,-1.38412815414303,-0.225628158159368,-0.196350245662482,-1.87375953859678,1.91275600415197,1.96938954678793,0.985832505513309,1.33684544800878,-0.23794370724225,0.206936580801914,0.642262485735058,0.544054391843443,0.504231739099639,0.55573121881427,-0.0595635844725688,-0.0375055814036372,0.680904105268083,-0.702977692678168,-0.366403265049578,-0.163125403898093,-0.363666781630367,-0.223547355187546,-0.0674226648994762,0.0128877464339573,-0.535024056082102,0.267364702175414,-0.244018345262237,0.927182233374443,0.412983389255047,-0.227520859639152,-0.467898679439644,0.173757846054506,0.275017970907091,-0.997560608966998,0.261198981212913,-0.0527989596113457,-0.446898015510947,0.198112798055986,-0.216779023459425,-0.518389265774159,0.0982844159487287,-0.606079141893694,0.721005128101689,-0.557959278561716,0.465841580392826,-0.126607898509179,-0.183296887305463,0.522900374149101,0.886982783355312,-0.446933876277574,0.227518196827517,0.234269591858046,-0.628449567847804,0.282765312596626,-0.17761866835656,-2.8342630501179,-2.01667325334894,-2.37615007847808,0.842988011329671,-1.38478321728366,3.2657995931585,0.992968872030149,-0.82917315487924,0.513922473671464,0.807257095784935,0.269098013377583,-0.844523679418697,-1.22547022821186,-0.24778845499544,-0.943849539169724,1.09553162646394,0.208850246754807,-0.328223141503482,-0.249388623931308,-0.582699771227978,-0.665859688548452,-1.44914829887081,-1.77633578497402,-1.37076660369727,-0.957076947061996,1.65528637962622
0.192990350186561,-0.625316769918963,1.31710561690712,4.30752159144888,1.28600193770467,1.34449011047919,0.839749855813592,0.583420752979752,-0.143703238216616,-0.361539486655203,0.723978107904335,1.26189617180499,2.3280632016272,0.866760663767328,2.36814148141442,1.42246795382528,0.882713371877763,-0.294409711339874,0.288847647027416,-0.104048086318833,0.190641308098305,0.402899383184104,1.01533004385342,0.708969292079226,0.553696544427556,-0.621747898611844,-0.381347969432195,-0.725299252989691,0.730831175020385,1.33841210340818,1.77360456351551,1.17433890389446,0.479110107848972,-1.34805012523626,1.16448245091439,1.67653738575915,-0.59990504860641,-0.584819818505236,0.407664527661583,-0.997173100724774,-1.683248905422,-1.58524059375003,-2.70798788375309,-2.49223606103295,-0.770372009105332,0.313467113202538,-1.61383828824845,-1.73765950086126,-0.871831675856148,-0.562411081009703,-1.51892514136037,-0.110648560242556,-0.391959049295599,-1.77644991958347,0.313639323207265,-0.664967634109764,-0.89183671538875,-0.0846989242426294,0.839858351997726,0.112783616647085,0.291024982795444,-0.029647183904293,-0.039026521851509,0.396216121792793,0.746943661814655,-0.0160451751943784,0.721354440825799,0.514397912410813,1.51325584247765,-0.169845505681694,0.0152756342798694,-0.0670720736993861,-1.35756154633913,0.462118389941955,-1.87170468240929,0.409300177329091,0.81395126827361,0.983019930872111,0.0356450605007736,-0.481344938843088,-0.721226120983262,0.606352862111407,-0.503642441241004,0.535026489631057,0.366364715760535,-0.589624318200708,-0.272110685095279,0.328920520299319,-0.925869175211077,-0.265473940806017,0.670741138474936,-0.0343158726069751,-1.14522796641907,0.603013037685704,-0.0271043637191593,-0.613115067714525,-0.686832683928738,-0.0369593127883996,0.0595448751199878,-0.909469563607244,0.308419187087112,-0.00938204728713905,0.449725415606885,-0.733520755296027,0.495098832255003,0.492652750544452,0.648024946930691,0.168464604320854,-1.09589033589285,-0.192227381540394,0.764554387273756,1.09931132916942,0.0659180231094431,0.385564354232749,0.339729624946785,0.894610898116126,0.672799588658691,0.111129810217321,0.35637368882261,1.71213481758747,0.7200607226624,0.802721210624667,0.157519332996044,0.108045378926258,-0.800255885370376,0.27559039057055,-0.637247472590773,-0.350918586458945,-0.263182950409788,-0.577132012221106,-0.41056845317881,-0.988883648273028,1.11441815926517,0.514632617935488,-1.0100606934704,-1.12625886440847,0.0954509813111663,-0.359137401552389,0.653366022048795,-0.114570751494269,-0.969495190395954,-0.608262610577515,0.122709671941257,-0.203775804257776,-0.399153407533047,-0.259278124919917,0.414996311709507,-0.0778236416366036,-0.436870384979787,0.0241798947987495,0.67383583342521,0.319281841690407,0.319993900081214,0.504393300657921,0.200201906766627,1.89520950759252,0.439983292335092,0.832429898114175,-0.0689432186602132,0.802464292987447,-1.64746588859785,-0.952106759132353,-2.56404427325249,0.873801408433514,0.0244263674607547,1.08723021799479,3.42612316401504,-1.4535551777795,-0.455746122762279,-0.703749876555794,-0.334860376333501,-0.0487458277516785,-0.299989718200131,0.776837766071097,0.774332393246672,-0.649420019671127,-0.618986120823859,-0.385718186109257,-0.895708184665681,-1.04632267166576,-1.08290994945055,-0.863935977162587,2.22127322777918,0.26534324865134,0.794330181443395,-0.30759890248389
0.482568626271552,-0.660992227152969,0.812719308787938,0.400113942546303,-0.817534271125296,0.372314267745263,-0.184463545555543,2.00225674328576,-1.62593013867889,0.720077446533643,0.884651792268415,-1.709935001862,1.12587984204387,0.717702804275,-0.370174258411082,-0.303777002065227,-0.928560617242224,0.399053162478268,-0.702805855662468,-0.128553754405782,0.0655427129828483,1.30259908827688,-0.439561491207047,-0.484036337171541,0.920663152355961,-1.01355986482715,-0.639054905856029,0.0358754414588692,1.65881425144073,-0.444277445558748,-0.673517551526349,0.711967681092772,0.0730892410111473,-0.216669333659415,-0.145873557784103,2.1618977176851,-1.87662694945697,-0.396026504313328,-0.999260411798826,0.61392747668084,-1.37703392010369,-0.808059699232566,-1.60679777796522,-1.33312659663923,-0.234559637263186,1.82141571444188,0.611298653754188,-0.613015545511327,-0.782879352093484,1.74799180134695,-3.35927923538328,-1.44818075165582,-1.59145467132527,-1.32605105807988,-0.823074753047666,1.70262107038464,-0.322077831130008,-0.220946528511014,1.0872490632439,-1.04991557334736,0.609199202079389,-0.164529968982171,0.808423179374694,-0.166167965255444,-0.687395063493877,-0.838536948688183,-0.714224243885165,0.371735651881171,-0.361028045309757,0.495243675371486,0.386374924263709,0.5059462127345,-1.13702547266854,-0.385495529732538,0.565825622986153,1.13027198988348,1.56802789340319,-0.815044765727679,0.803714308608674,-1.82678809347092,0.967411657634755,-0.144460542229959,1.33113349222984,2.16870372705061,0.677723451356112,0.37891921477799,-0.222136596509431,0.404876639183015,-0.469936686771217,0.509371388378384,0.3647529619114,0.809955821191336,-0.515234628273748,1.1591696161594,1.17460092817764,1.26192238588697,0.89061446575638,0.886620158474343,0.751706984705805,0.0491261373968005,1.41504632845027,0.428888892348018,-1.13157102952006,0.168744890627238,-0.421150100542476,0.293287285493235,1.53112330561869,-0.456951725982385,-0.87518769202989,0.735081357526596,-0.428204746007923,-0.713182580627734,0.169794640066433,1.16291043493768,-1.14647076849735,0.352748400897086,-0.465595215844795,-0.113298627227702,-0.402504507980436,1.36580588824243,-1.76621826057247,-0.529010473687514,-0.192122908084581,-0.693290967487569,-0.14753017569553,-1.81707608681044,0.80013243698064,-0.435723873772928,-0.517849155249539,-0.415664793161397,-0.0307763279673382,0.534066955138776,-0.486675485084798,1.17490831213328,-0.348208895561622,-0.212163590626774,-0.147720585804967,-0.726422110977205,-0.398460622857658,-0.0527314506192559,-0.173330907007029,-0.733325798347299,0.0243933259683559,-0.100931971330565,-0.459001825018103,-0.473636323337732,-0.990504723450515,0.804811027952169,-1.08567249148271,-0.74689766590688,-0.707347649351825,0.366726476845777,0.00299641304820393,0.524210238112163,-0.564629689921415,-0.0256898139286545,-0.347740157512297,0.412651700897304,1.88945378136628,-1.56848019711892,-1.17591729249485,0.308951063662861,-0.410775609159411,-1.00082809531746,-0.655031932394707,1.41298019111641,2.20204860632181,-0.63026665147677,-1.6642887939532,-0.461692088583276,-1.14814402375746,0.146813335801817,-0.101274831162182,0.448921284156415,-0.292137241101075,-1.1643587326228,-0.164690428342079,-0.273564998129464,-0.399965387201053,0.187530152584395,-0.491804971966287,0.109905055728577,-0.041309208187794,-0.99958795179106,0.142414026689379,-0.331697995380324
0.0183338319822407,-0.286693957682094,1.06718719912171,2.77979277813581,-0.769167293258486,2.32578672202562,-0.448173584014039,0.714225336185372,0.862792712138673,-1.24654625887545,2.6254028288033,0.450733768272781,0.405469311855855,-0.442300272993973,-0.818173261426987,0.927303801677384,-0.0560003417850834,-0.218326148877664,-0.167420642809744,-0.116229676328707,0.882483059944592,0.149397013037869,1.52033376596068,0.363362726960276,0.69787055250055,0.202600723093786,0.874109757306594,0.131959230120915,-0.445254878898284,-0.488127079263719,0.505526831547783,0.383904973104229,-0.511961199585935,-0.160997401923844,-0.0507718936187065,-0.0404904680666634,-1.45303253776035,-0.947503487302819,0.12125833530184,-3.25596470435023,-0.641503351324893,-0.968980253338203,-0.845088579039612,0.617978136162035,-1.27896612853707,-0.965710449644525,-0.264094381738043,0.444840534422964,0.273630575253007,1.73716715038975,-0.565642191909944,-1.11890187499514,-1.93766765631911,-1.57998558816353,-1.0401497784652,1.1603840767889,-0.379320061855232,0.0108437548010185,1.0495223331809,-0.472595073452751,-0.319270915072158,-0.582563241407049,0.662997577421077,0.77821589625367,-0.690087034735256,-0.284848281559877,-1.13129312413964,0.395179877080778,-0.954928771372954,-0.280464847175825,0.841130903075487,1.36526136640612,-0.916439980856469,-1.80241179823467,-0.901496299890358,-0.605995159666259,0.0973629777647612,0.441260524126857,-0.00105643861262986,-0.140739185692332,0.908477202753102,0.536462108282433,0.336991785889327,-0.655152034166209,-0.192099402869919,-0.383835021299566,0.154913063924665,0.115573322826413,-0.212440598982662,0.912405605781154,0.371996975948298,-0.314544434436646,0.663352353538712,-0.84911749641592,1.09659436938546,-0.108092722785501,0.225531353888684,-0.106848697931266,-0.766623451914114,0.417627610087531,0.394254258555446,-0.484166903146754,0.0561223621573883,-0.642716872767314,-0.903561969256041,-0.448129366593914,0.075998225183673,-1.74449932029682,-1.11880843628252,0.745914776198046,0.065749829594595,0.380942935027646,0.809335999539685,0.725996864182731,-0.619577449799034,-4.59117765438563e-05,0.44072906448636,1.05607437855842,0.695384690050854,-0.835901205351289,0.813309108757655,-0.939097808843332,-0.102719786921692,-0.663993961820113,0.31176515226384,-0.820506683687829,-0.763158353551619,-0.991081889747786,1.2976593106041,0.491810276476266,-0.185579421391508,1.16682612969624,3.99420697455137,-1.94518535648261,0.0679866575881927,-0.0569392759613846,-0.640850675929383,0.743296057675429,0.636249906817338,-0.0898031165626806,-1.52805767508099,-0.839443601132991,-0.989045329491155,-1.23107579540993,0.367578100187521,-0.091032668380437,-0.851925004417302,-0.749079779063779,-0.588127430013926,-1.05731297180686,0.064921956698282,0.856656759310525,-0.0623055258031306,-0.56535663783831,-0.395709432088883,-0.43254001285655,0.558774365137864,0.618585037171884,-0.464458823529471,-1.84501679819904,-0.50281204941855,-3.54994421588176,-2.7574921615413,-0.567428635338081,0.8864182241291,1.06764885704124,1.42391727947414,-1.43618378106315,0.0564013658169322,-1.05208019112426,0.610297053036503,0.57654845139638,-1.6058426659928,-0.407168677050338,0.147627377665141,-0.588109644178647,-1.37913002459909,-0.563624787254999,0.221662850115969,0.0430383742354371,0.904260461781406,0.53992855177242,-0.886225968469036,-0.59662909296785,0.323037118646804,0.657629740775782
-0.131794595282358,-0.898562680504558,1.081947442694,1.34034651282049,-0.293937940642229,1.38798944677062,0.156019041726581,0.314725484161849,0.735948358903581,-0.0820402245072288,0.89470674458201,2.28423490026295,1.10899844070828,1.26775192034762,-0.545366255374957,0.427869407288459,-0.00847632592314712,-0.118217679303098,0.93121484165548,0.726452310896246,1.20817970522009,-0.222378546292977,-1.07467390352553,0.103386346576957,-0.571063203017962,0.779985871161105,-1.36797880235403,0.621482612803664,1.44432432588378,0.829009596068948,-1.62048725662374,0.448065808902818,0.507308871036,1.30847529948091,1.41467683978625,-0.371113439263639,-0.857005320291594,-1.86465580856089,-0.0174290382572912,-0.735983312566293,-0.818233646827816,0.0421620133606078,-0.832282121040965,-3.5239324750687,-1.45514496774638,-0.0508215196670352,-0.163703000754499,1.0998219770438,-0.476427623556891,0.651674900752643,-1.26766857371331,-1.18121162122608,-0.979236576620011,-2.78571162030411,-0.575768167373493,-0.0279335548215194,0.384228911754782,-0.462461271171896,-0.781028474883834,0.446320606445031,-1.00718171491716,-0.449918129673847,1.07670216776628,0.857111042956997,-0.986452353675349,0.212296170514132,-0.193094918153318,-0.525820688163955,-1.01116360147626,0.282120892957908,-1.59769233207843,-0.40927514876665,-0.403679309011319,-1.65297752631703,-2.16679185774078,-0.832057903667944,-0.738682901991684,-1.04761932815446,-0.562118964132237,-1.04252556949424,0.0982887077382252,-0.747920659148523,0.489093295431195,0.409458768536522,0.391378395984157,0.828305009209719,0.842422775868236,-1.67688525440872,-0.460585348466111,-0.0592558524287434,0.810764816520354,-0.850341718271226,0.023832778596258,0.964543700192485,0.152104615159055,0.278890726027521,0.0732579155880029,0.0456039898026781,1.1862482792048,0.119351411970249,0.524298963762949,-0.131555761536083,0.545008650603959,0.413157052401884,0.589206625104158,0.522600132815129,-0.437401604884406,-0.250892846079333,-0.306332926610385,0.537747236134961,0.0349920014322713,0.828585305927935,-0.62944885545419,-0.888189130116997,-0.0329998472503561,-0.319818742982131,-0.617135026364547,-0.53533469901558,0.12816169680077,-1.67502159131568,0.300857056568298,-0.722554140183148,-0.317780160016117,-0.450087574511716,-1.40459988441112,-0.447593747796722,-0.187664229912688,-0.551018160954793,-0.0857118337053353,0.437751665789764,-0.00731213969336404,-1.70836379992543,-2.72432880870206,0.431913295327925,-0.460799048196812,0.225445401551628,1.30777900114774,-0.370561271025128,0.437123360632566,-0.355396904220388,0.911442715846206,-0.485032642178527,0.592496947744797,-0.149560889508621,0.345657895414001,-0.191995989503295,-0.653750438541931,-0.137193868869701,-0.116236670677906,0.440711356988469,-0.523469527557983,0.286875042748784,-0.10631964089972,1.08247068510249,0.844040972644936,1.45217221952834,-0.750956223755935,-0.02519362118483,0.542577261639933,-2.46216253847031,-1.10076601066844,-3.63009440722525,-1.67243163134755,0.777584938832966,1.36288859274244,0.831913931465733,4.0390123099475,-2.19508867840818,-0.571695298210821,0.0558932639545973,-0.294850498516994,0.89278897259779,-0.170755953834868,-0.541443772295677,0.224129203945187,0.705880638834189,0.677101150501065,0.626382069192134,-2.11182284719404,-0.732215190799448,-0.496038525604503,-0.273467886065666,-1.37856936435984,0.354920887520974,-0.312064402258628,0.534371051650727
-0.737365881462862,0.363359956605464,0.889040191734937,1.67854843181249,2.18754310445541,2.81564131909369,0.931211224864585,0.912451333942425,-1.7040359995586,0.0079545072574499,-0.395178708923527,-1.93881774422699,1.01940277842447,1.32249608240063,-0.226099322617798,-2.0292402877827,-1.02970465510273,1.49132882426093,0.738635318706286,2.30100229788457,-0.838102268660835,1.25568213071218,-0.0183608259120383,1.41778626582108,0.138085852761888,0.11707294312548,0.0846399757868563,-0.192453611840573,1.38094177755269,-1.38313626056983,-0.345744260036817,0.707567175593127,2.28406901994478,0.320945160487992,1.07961558359576,-0.00611453832345906,-0.790466972788375,0.91353843849947,-0.30048482738163,0.708469981121866,0.999874888795577,-1.20626169744058,-1.05686356512201,-0.44909012333991,-0.414145759802998,1.12082008108145,-1.45064529363619,0.487477713207902,-1.65235166691892,-1.52958332457415,-1.76350935485197,-0.405962337565734,-1.50144146764736,-0.503841182285767,0.73368141887675,-0.939320762177495,0.842452410360915,0.406835621041107,0.516993070226848,0.39090391628175,-0.577874903384768,-0.129448533825533,0.0628891970055783,1.49350353168799,-1.16335424432485,0.336654143006575,-0.271771626971582,0.610644574847054,-1.44141283598886,0.0135350519112357,0.253416470310819,0.230459728118167,-1.48369464871493,-1.03487508765657,-0.30080863443126,-1.12565896667947,0.0564479219772659,0.398592164119829,0.22232308905736,-0.257438189671281,0.574830452419306,1.11835015258069,0.103555931370008,-0.0588794474802263,-0.817210999354454,0.649836911958041,-0.298172850418352,-0.190763234382379,-0.874313901286467,-0.300940197756437,0.246578462311781,-0.485096731051837,0.303488939093632,-0.194233326937923,-0.043923937717873,0.953181615432024,0.0655226347386831,-0.477964439788255,-0.665450929052409,0.694434267147735,0.150399985718479,-0.602578120861749,0.356659853118587,0.644057866755361,-1.53731301074767,0.37683314299338,-1.44573265342164,-0.765877628664564,-1.33868345757124,0.0426030526911986,2.73244584763267,-0.348930213498111,-0.865292852328711,0.397302588540797,0.961533497778513,-0.881927497071994,0.0872254534072904,-0.174957094978725,-0.333068977744953,0.160342977547526,0.249543616100342,0.953296356137553,-0.66138506161299,0.0450317478560349,-1.32336649143415,0.0216638653796182,-0.575156957318604,0.495416150322909,-0.726456583367422,-0.110950028430414,0.307553331386832,0.508854121065465,-2.176761004748,0.0350955977883986,-0.244352661246127,-1.21427392905055,0.833740249685241,0.261886322917765,0.0545616980003154,-1.40905400719628,-0.613559345990252,-0.0947094184509208,0.108943254193151,-0.214885049232483,0.963418554626359,-0.42690636910664,-0.308776941906223,-0.501361184135554,-0.560437262450718,-0.562252125331988,-0.284212039310158,0.656529945791613,-0.187943419800997,-0.408496562026774,-0.0876459421290808,0.3081174788131,1.66001785850095,0.563170701526883,0.32128049213046,-2.21236629130567,-2.34906587907567,-3.76136828402385,-1.9732815902174,0.0751927874891243,0.706296688212932,-0.999492408397194,1.03344423031715,-1.94443964268383,-0.0817036638055232,0.00211987570601393,0.572418620601138,0.485345390342619,0.688809448176139,0.580433457010126,-0.660146355060068,-0.0458454628304463,0.133695723408913,1.06533121413179,0.0293314323249802,-0.689419543071336,-1.06600451435381,-0.131242217160209,-0.0718058621345439,-0.0736694931098463,0.288696358995438,0.552634097261632
2.17057946088218,-0.62219110359935,1.33674540157668,1.9341423520963,-0.194789435715702,1.09717861104229,-0.571707329022376,0.294902110675134,1.68604116534548,0.899954967209453,1.05248296808742,0.517541716749307,0.815073203857081,2.75862362181839,0.587646856596223,-1.46500562896123,0.117852041293676,-0.719206620641404,0.510091734080559,0.610656361548315,1.0409348436043,0.105091879389225,-0.288940077903025,1.27176185510653,0.882624928152959,0.799152427541218,1.0677497975747,-0.113488661447428,-0.293217221311989,-1.3244233513464,2.24167941096706,-0.684465873767858,1.84541409002883,-0.390755288540276,1.32654610208823,0.323688062743313,-2.21103584474526,-0.106630302904843,-0.305714124498552,-0.28591907290129,-0.74186329998294,1.14979250687223,1.43249846956389,0.0589378251115389,0.36488836104257,-0.789990255675411,-1.63722265339712,-0.403261157944523,-1.0813781979941,-0.0671728704733013,-1.1085820409507,-0.924536176249043,0.150953031390946,-0.416064361897651,0.00554084024281228,0.785033633600835,0.637782656794373,-0.8336036375636,-0.479406282974791,-0.543529288645294,-1.05310875276112,0.450210646560904,-0.202804476968056,0.434246670533574,1.09186603670548,0.561792900488978,1.53587131360099,0.67348402656836,0.830035133309308,-0.725366426049481,0.436851037548192,1.69730579333813,-0.656338047090573,0.275476445064537,-0.0524446894918543,-0.0544634093519744,0.356504741737759,-0.273306570014098,0.389067484799593,-2.13466919929736,0.193936103437991,-0.0826517934899125,0.464678152469154,0.181626225691161,0.522535281542168,0.747467298412242,0.0861381898102471,1.04487878433771,0.183553785112803,1.18999934195331,0.245417903958436,1.42101265454423,0.712655174169,0.104403739111068,0.0991784268243337,1.17548301688689,0.396555988250981,-0.314026081542793,1.66501443550081,0.453369627956277,0.0701149971547764,-1.03028528395858,0.289033006634221,0.666652272901777,0.0869607967851292,0.770834201243325,1.36060115290986,-0.114310137273778,-2.02737595892972,-0.105610452049922,0.382378646563034,-0.886670523936867,-0.270101477476463,-0.135200574284454,-0.294749237804063,-1.31435355119829,-0.272968606932687,0.330670133337366,-0.392694751055077,1.41389434304904,-0.463401003575154,0.200899646069647,-0.62957374290381,-0.976444817413437,0.621372998853878,-0.782535812170279,0.465294237218109,-0.872499650497718,-0.499487852279934,-1.70194580298598,0.113298988309501,-0.238926867104565,0.631305724523503,-1.48751969102783,-1.38348608511035,-0.611591439098121,-0.339102062864947,-0.248287773188163,-1.37172902532885,0.845327814611557,-0.587816182956,0.0459045303796127,0.429980278620337,-0.57408473366883,0.131359110855411,-0.755723829216866,-0.998767611660347,-0.179914080336828,0.232159728551967,-0.0137379253975041,0.774475397373225,-1.16716297986625,-0.899192979839012,-0.933630151467348,-0.627750860839353,-1.52573707861569,-0.578695329924684,-1.36980659521814,-0.933217098620516,-0.954300908250529,-1.20731644980222,0.577710446695438,-0.284550222531798,0.250152365427677,-0.0100816476374016,0.545306950065123,0.409133903707234,-1.3581472808692,0.159888841738397,-0.0346494055830224,-0.243310751363375,0.596750324990971,-0.596913161465057,0.573154832938821,0.238947155797448,1.05263216272131,1.02682556953611,0.564697442596541,-1.37847057773573,-0.857173393422875,-1.00345734941153,0.653141645251434,0.766531313490726,-0.953622144877746,-0.691479668788993,1.88944233371095
